nctId,status,enrollment,enrollment_type,last_update_year,extracted_score,Type_I,Type_II,Type_III,Type_IV,Type_V,Type_VI,facility,city,state,zip,latitude,longitude,Race_American_Indian_or_Alaska_Native,Race_Asian,Race_Native_Hawaiian_or_Other_Pacific_Islander,Race_Black_or_African_American,Race_White,Race_More_than_one_race,Race_Unknown_or_Not_Reported,search_query,place_name,phase,central_contacts,overall_officials
NCT00947219,COMPLETED,79.0,ACTUAL,2013,I-IV,1,1,1,1,0,0,"Zoe Draelos, M.D.",High Point,North Carolina,27262,35.9889884,-80.02543330000002,0.0,0.0,0.0,0.0,0.0,0.0,0.0,"Zoe Draelos, M.D., High Point, North Carolina 27262",Draelos Zoe Diana MD,NA,[],"[{'name': 'Zoe Draelos, MD', 'affiliation': 'High Point, NC', 'role': 'PRINCIPAL_INVESTIGATOR'}, {'name': 'David Goldberg, M.D.', 'affiliation': 'Skin & Laser', 'role': 'PRINCIPAL_INVESTIGATOR'}, {'name': 'Abe Marcadis, M.D.', 'affiliation': 'Palm Beach Research', 'role': 'PRINCIPAL_INVESTIGATOR'}]"
NCT06420804,COMPLETED,50.0,ACTUAL,2024,All,1,1,1,1,1,1,ZIIP Beauty,Pleasant Hill,California,94523,37.7910355,-122.3933911,0.0,0.0,0.0,0.0,0.0,0.0,0.0,"ZIIP Beauty, Pleasant Hill, California 94523",ziip beauty,NA,[],"[{'name': 'Zoe D Draelos, MD', 'affiliation': 'Lead Investigator', 'role': 'PRINCIPAL_INVESTIGATOR'}]"
NCT06477172,RECRUITING,500.0,ESTIMATED,2025,All,1,1,1,1,1,1,Ziering Medical,West Hollywood,California,90069,34.0910841,-118.3926678,0.0,0.0,0.0,0.0,0.0,0.0,0.0,"Ziering Medical, West Hollywood, California 90069",Ziering Medical Hair Restoration Beverly Hills,N/A,"[{'name': 'Lisa Campbell, PhD', 'role': 'CONTACT', 'phone': '858-997-7447', 'email': 'lisa.campbell@acorn.me'}]","[{'name': 'Drew Taylor, PhD', 'affiliation': 'Acorn Biolabs', 'role': 'STUDY_CHAIR'}]"
NCT03415685,TERMINATED,39.0,ACTUAL,2023,I-VI,1,1,1,1,1,1,Zena Medical,Newport Beach,California,92660,33.6126273,-117.8723712,0.0,0.0,0.0,0.0,0.0,0.0,0.0,"Zena Medical, Newport Beach, California 92660",ZENA Medical,NA,[],"[{'name': 'Kari Larson, MBA', 'affiliation': 'Sponsor GmbH', 'role': 'STUDY_DIRECTOR'}]"
NCT01491620,COMPLETED,24.0,ACTUAL,2022,I-III,1,1,1,0,0,0,Zel Skin and Laser Specialists,Edina,Minnesota,55424,44.9128264,-93.3320447,0.0,0.0,0.0,0.0,0.0,0.0,0.0,"Zel Skin and Laser Specialists, Edina, Minnesota 55424",Schweiger Dermatology Group - Edina,NA,[],[]
NCT01176448,COMPLETED,6.0,ACTUAL,2019,I-III,1,1,1,0,0,0,Zel Skin and Laser,Edina,Minnesota,55424,44.9128264,-93.3320447,0.0,0.0,0.0,0.0,0.0,0.0,0.0,"Zel Skin and Laser, Edina, Minnesota 55424",Schweiger Dermatology Group - Edina,NA,[],"[{'name': 'John J Christophel, MD', 'affiliation': 'University of Minnesota', 'role': 'PRINCIPAL_INVESTIGATOR'}]"
NCT02468453,UNKNOWN,60.0,ESTIMATED,2018,I-VI,1,1,1,1,1,1,Zel Skin & Laser Specialists,Edina,Minnesota,55424,44.9128264,-93.3320447,0.0,0.0,0.0,0.0,0.0,0.0,0.0,"Zel Skin & Laser Specialists, Edina, Minnesota 55424",Schweiger Dermatology Group - Edina,NA,"[{'name': 'Shlomit Mann, MSc', 'role': 'CONTACT', 'phone': '+972732442347', 'email': 'shlomitm@syneron-candela.com'}]","[{'name': 'Shlomit Mann, MSc', 'affiliation': 'Syneron Medical', 'role': 'STUDY_DIRECTOR'}]"
NCT02700152,UNKNOWN,60.0,ESTIMATED,2018,I-VI,1,1,1,1,1,1,Zel Skin & Laser Specialists,Edina,Minnesota,55402,44.9128264,-93.3320447,0.0,0.0,0.0,0.0,0.0,0.0,0.0,"Zel Skin & Laser Specialists, Edina, Minnesota 55402",Schweiger Dermatology Group - Edina,NA,"[{'name': 'Jeffrey S Dover, M.D', 'role': 'CONTACT', 'phone': '(617) 731-1600', 'email': ''}]","[{'name': 'Jeffrey S Dover, M.D.', 'affiliation': 'SkinCare Physicians', 'role': 'PRINCIPAL_INVESTIGATOR'}]"
NCT06015217,COMPLETED,26.0,ACTUAL,2024,All,1,1,1,1,1,1,Young Skin MD,Coral Springs,Florida,33067,26.2866176,-80.2327269,0.0,0.0,0.0,0.0,0.0,0.0,0.0,"Young Skin MD, Coral Springs, Florida 33067","Young Skin MD - Pediatric Dermatology, Dr. Latanya Benjamin",PHASE4,[],"[{'name': 'Latanya Benjamin', 'affiliation': 'Young Skin', 'role': 'PRINCIPAL_INVESTIGATOR'}]"
NCT02217228,COMPLETED,394.0,ACTUAL,2017,"I, II, III",1,1,1,0,0,0,Yardley Dermatology Associates,Yardley,Pennsylvania,19067,40.2197545,-74.8815908,0.0,0.0,0.0,0.0,0.0,0.0,0.0,"Yardley Dermatology Associates, Yardley, Pennsylvania 19067",Yardley Dermatology Associates,NA,[],[]
NCT02668536,COMPLETED,13.0,ACTUAL,2018,All,1,1,1,1,1,1,Yale University,New Haven,Connecticut,06511,41.3163244,-72.92234309999999,0.0,0.0,0.0,0.0,0.0,0.0,0.0,"Yale University, New Haven, Connecticut 06511",Yale University,PHASE1,[],"[{'name': 'Michael Girardi, MD, FAAD', 'affiliation': 'Yale University', 'role': 'PRINCIPAL_INVESTIGATOR'}, {'name': 'Mark Saltzman, PhD', 'affiliation': 'Yale University', 'role': 'PRINCIPAL_INVESTIGATOR'}]"
NCT05736224,COMPLETED,30.0,ACTUAL,2024,"I, II, III",1,1,1,0,0,0,Yale School of Medicine,New Haven,Connecticut,06511,41.30323,-72.9338698,0.0,0.0,0.0,0.0,0.0,0.0,0.0,"Yale School of Medicine, New Haven, Connecticut 06511",Yale School of Medicine,PHASE1,[],"[{'name': 'Michael Girardi, MD, FAAD', 'affiliation': 'Evans Professor of Dermatology; Director, Residency Program, Dermatology', 'role': 'PRINCIPAL_INVESTIGATOR'}]"
NCT07155239,RECRUITING,30.0,ESTIMATED,2025,All,1,1,1,1,1,1,Wynn Medical Center Rheumatology/Dermatology,Rosemead,California,91770,34.080651,-118.070466,0.0,0.0,0.0,0.0,0.0,0.0,0.0,"Wynn Medical Center Rheumatology/Dermatology, Rosemead, California 91770",Wynn Medical Center,PHASE1,"[{'name': 'Molynna Nguyen Clinical Research Manager, BS, MA', 'role': 'CONTACT', 'phone': '626 316 8287', 'email': 'molynna.nguyen@wynnmedcenter.com'}, {'name': 'Huynh W Tran MD CEO/Founder, MD FACP', 'role': 'CONTACT', 'phone': '', 'email': 'huynh.tran@wynnmedcenter.com'}]","[{'name': 'Huynh Wynn Tran CEO/Founder, MD FACP', 'affiliation': 'Wynn Medical Center Research and Education Institute', 'role': 'PRINCIPAL_INVESTIGATOR'}, {'name': 'Molynna Nguyen Clinical Research Manager, BS', 'affiliation': 'Wynn Medical Center Research and Education Institute', 'role': 'STUDY_DIRECTOR'}]"
NCT06312813,RECRUITING,48.0,ESTIMATED,2025,I,1,0,0,0,0,0,Wright State Physicians,Fairborn,Ohio,45324,39.78900110000001,-84.05004749999999,0.0,0.0,0.0,0.0,0.0,0.0,0.0,"Wright State Physicians, Fairborn, Ohio 45324",Wright State Physicians,PHASE2,"[{'name': 'Manager Clinical Research Operations', 'role': 'CONTACT', 'phone': '(937)-245-7500', 'email': 'pturesearch@wrightstatephysicians.org'}]",[]
NCT04520217,RECRUITING,40.0,ESTIMATED,2025,All,1,1,1,1,1,1,Wright State Physicians,Fairborn,Ohio,45324,39.78900110000001,-84.05004749999999,0.0,0.0,0.0,0.0,0.0,0.0,0.0,"Wright State Physicians, Fairborn, Ohio 45324",Wright State Physicians,PHASE1,"[{'name': 'Manager Clinical Research Operations', 'role': 'CONTACT', 'phone': '937-245-7500', 'email': 'pturesearch@wrightstatephysicians.org'}, {'name': 'Regulatory Specialist', 'role': 'CONTACT', 'phone': '937-245-7500', 'email': 'pturesearch@wrightstatephysicians.org'}]","[{'name': 'Jeffrey B Travers, MD, PhD', 'affiliation': 'Wright State University', 'role': 'PRINCIPAL_INVESTIGATOR'}]"
NCT05688904,RECRUITING,24.0,ESTIMATED,2024,I-III,1,1,1,0,0,0,Wright State Physicians,Fairborn,Ohio,45324,39.78900110000001,-84.05004749999999,0.0,0.0,0.0,0.0,0.0,0.0,0.0,"Wright State Physicians, Fairborn, Ohio 45324",Wright State Physicians,PHASE1,"[{'name': 'Manager, Clinical Research Operations', 'role': 'CONTACT', 'phone': '937-245-7500', 'email': 'pturesearch@wrightstatephysicians.org'}, {'name': 'Regulatory Specialist', 'role': 'CONTACT', 'phone': '937-245-7500', 'email': 'pturesearch@wrightstatephysicians.org'}]","[{'name': 'Craig Rohan, MD', 'affiliation': 'Wright State University', 'role': 'PRINCIPAL_INVESTIGATOR'}]"
NCT05287724,COMPLETED,20.0,ACTUAL,2024,All,1,1,1,1,1,1,Wright State Physicians,Fairborn,Ohio,45324,39.78900110000001,-84.05004749999999,0.0,0.0,0.0,0.0,0.0,0.0,0.0,"Wright State Physicians, Fairborn, Ohio 45324",Wright State Physicians,EARLY_PHASE1,[],"[{'name': 'Craig Rohan, MD', 'affiliation': 'Wright State University', 'role': 'PRINCIPAL_INVESTIGATOR'}]"
NCT06428721,RECRUITING,80.0,ESTIMATED,2024,I-II,1,1,0,0,0,0,Wright State Physicians,Fairborn,Ohio,45324,39.78900110000001,-84.05004749999999,0.0,0.0,0.0,0.0,0.0,0.0,0.0,"Wright State Physicians, Fairborn, Ohio 45324",Wright State Physicians,NA,"[{'name': 'Manager, Clinical Research Operations', 'role': 'CONTACT', 'phone': '937-245-7500', 'email': 'pturesearch@wrightstatephysicians.org'}, {'name': 'Regulatory Specialist', 'role': 'CONTACT', 'phone': '937-245-7500', 'email': 'pturesearch@wrightstatephysicians.org'}]","[{'name': 'Jeffrey Travers, MD, PhD', 'affiliation': 'Wright State University', 'role': 'PRINCIPAL_INVESTIGATOR'}]"
NCT03960125,WITHDRAWN,0.0,ACTUAL,2022,"I, II",1,1,0,0,0,0,Wright State Physicians,Fairborn,Ohio,45324,39.78900110000001,-84.05004749999999,0.0,0.0,0.0,0.0,0.0,0.0,0.0,"Wright State Physicians, Fairborn, Ohio 45324",Wright State Physicians,EARLY_PHASE1,[],"[{'name': 'Jeffrey B Travers, MD, PhD', 'affiliation': 'Wright State Physicians', 'role': 'PRINCIPAL_INVESTIGATOR'}]"
NCT03643744,TERMINATED,12.0,ACTUAL,2024,"I, II",1,1,0,0,0,0,Wright State Physicians,Fairborn,Ohio,45324,39.78900110000001,-84.05004749999999,0.0,0.0,0.0,0.0,24.0,0.0,0.0,"Wright State Physicians, Fairborn, Ohio 45324",Wright State Physicians,PHASE1,[],"[{'name': 'Jeffrey B Travers, MD, PhD', 'affiliation': 'Wright State University', 'role': 'PRINCIPAL_INVESTIGATOR'}]"
NCT04122456,RECRUITING,48.0,ESTIMATED,2025,"I, II",1,1,0,0,0,0,Wright State Physicians,Fairborn,Ohio,45324,39.78900110000001,-84.05004749999999,0.0,0.0,0.0,0.0,0.0,0.0,0.0,"Wright State Physicians, Fairborn, Ohio 45324",Wright State Physicians,NA,"[{'name': 'Manager, Clinical Research Operations', 'role': 'CONTACT', 'phone': '937-245-7500', 'email': 'pturesearch@wrightstatephysicians.org'}, {'name': 'Regulatory Specialist', 'role': 'CONTACT', 'phone': '937-245-7500', 'email': 'pturesearch@wrightstatephysicians.org'}]","[{'name': 'Jeffrey B Travers, MD, PhD', 'affiliation': 'Wright State University', 'role': 'PRINCIPAL_INVESTIGATOR'}]"
NCT04560647,COMPLETED,9.0,ACTUAL,2023,All,1,1,1,1,1,1,Wright State Physicians,Fairborn,Ohio,45324,39.78900110000001,-84.05004749999999,0.0,0.0,0.0,0.0,0.0,0.0,0.0,"Wright State Physicians, Fairborn, Ohio 45324",Wright State Physicians,N/A,[],"[{'name': 'Jeffrey B Travers, MD, PhD', 'affiliation': 'Wright State University', 'role': 'PRINCIPAL_INVESTIGATOR'}]"
NCT05734235,COMPLETED,8.0,ACTUAL,2023,"I, II",1,1,0,0,0,0,Wright State Physicians,Fairborn,Ohio,45324,39.78900110000001,-84.05004749999999,0.0,0.0,0.0,0.0,0.0,0.0,0.0,"Wright State Physicians, Fairborn, Ohio 45324",Wright State Physicians,PHASE1,[],"[{'name': 'Jeffrey B Travers, MD, PhD', 'affiliation': 'Wright State University', 'role': 'PRINCIPAL_INVESTIGATOR'}]"
NCT03932162,RECRUITING,24.0,ESTIMATED,2025,"I, II",1,1,0,0,0,0,Wright State Physicians,Fairborn,Ohio,45324,39.78900110000001,-84.05004749999999,0.0,0.0,0.0,0.0,0.0,0.0,0.0,"Wright State Physicians, Fairborn, Ohio 45324",Wright State Physicians,EARLY_PHASE1,"[{'name': 'Manager, Clinical Research Operations', 'role': 'CONTACT', 'phone': '937-245-7500', 'email': 'pturesearch@wrightstatephysicians.org'}, {'name': 'Regulatory Specialist', 'role': 'CONTACT', 'phone': '937-245-7500', 'email': 'pturesearch@wrightstatephysicians.org'}]","[{'name': 'Jeffrey B Travers, MD, PhD', 'affiliation': 'Wright State University', 'role': 'PRINCIPAL_INVESTIGATOR'}]"
NCT04617782,COMPLETED,60.0,ACTUAL,2024,"I, II, III",1,1,1,0,0,0,Worldwide Clinical Trials,San Antonio,Texas,78217,29.5170728,-98.4170523,0.0,0.0,0.0,0.0,0.0,0.0,0.0,"Worldwide Clinical Trials, San Antonio, Texas 78217",Worldwide Clinical Trials,PHASE1,[],"[{'name': 'Robert Bass, MD', 'affiliation': 'Worldwide Clinical Trials', 'role': 'PRINCIPAL_INVESTIGATOR'}]"
NCT00702507,COMPLETED,200.0,ACTUAL,2012,I-VI,1,1,1,1,1,1,"Wilson P. Andrews Jr., MD",Marietta,Georgia,30062,34.0175361,-84.4880658,0.0,0.0,0.0,0.0,0.0,0.0,0.0,"Wilson P. Andrews Jr., MD, Marietta, Georgia 30062",Andrews Jr Wilson P MD,PHASE4,[],"[{'name': 'GSK Clinical Trials', 'affiliation': 'GlaxoSmithKline', 'role': 'STUDY_DIRECTOR'}]"
NCT05372419,COMPLETED,90.0,ACTUAL,2025,IV-VI,0,0,0,1,1,1,Wilmington Health Family Medicine,Wilmington,North Carolina,28411,34.2950498,-77.7944894,6.0,10.0,4.0,70.0,0.0,0.0,0.0,"Wilmington Health Family Medicine, Wilmington, North Carolina 28411",Wilmington Health Family Medicine - Porters Neck,PHASE3,[],"[{'name': 'Call 1-877-CTLILLY (1-877-285-4559) or 1-317-615-4559 Mon - Fri 9 AM - 5 PM Eastern time (UTC/GMT - 5 hours, EST)', 'affiliation': 'Eli Lilly and Company', 'role': 'STUDY_DIRECTOR'}]"
NCT04207047,UNKNOWN,3.0,ACTUAL,2019,I-VI,1,1,1,1,1,1,"William LoVerme, MD",Billerica,Massachusetts,01821,42.30596389999999,-71.2818954,0.0,0.0,0.0,0.0,0.0,0.0,0.0,"William LoVerme, MD, Billerica, Massachusetts 01821","William Loverme, MD",NA,[],[]
NCT04208100,ACTIVE_NOT_RECRUITING,41.0,ACTUAL,2019,I-IV,1,1,1,1,0,0,"William LoVerme, MD",Billerica,Massachusetts,01821,42.30596389999999,-71.2818954,0.0,0.0,0.0,0.0,0.0,0.0,0.0,"William LoVerme, MD, Billerica, Massachusetts 01821","William Loverme, MD",NA,[],[]
NCT01147172,COMPLETED,100.0,ACTUAL,2017,"IV, V, VI",0,0,0,1,1,1,"William Coleman, MD",Metairie,Louisiana,70006,30.01843299999999,-90.1976686,3.0,1.0,0.0,41.0,0.0,2.0,53.0,"William Coleman, MD, Metairie, Louisiana 70006",Dr. William Coleman,NA,[],"[{'name': 'Frederic Brandt, MD', 'affiliation': 'Dermatology Research Institute, LLC', 'role': 'PRINCIPAL_INVESTIGATOR'}, {'name': 'William P Coleman, MD', 'affiliation': 'Private Practice', 'role': 'PRINCIPAL_INVESTIGATOR'}, {'name': 'Michael Gold, MD', 'affiliation': 'Tennessee Clinical Research Center', 'role': 'PRINCIPAL_INVESTIGATOR'}, {'name': 'Alicia Barba, MD', 'affiliation': 'International Dermatology Research, Inc.', 'role': 'PRINCIPAL_INVESTIGATOR'}, {'name': 'Andrew Alexis, MD', 'affiliation': ""St. Luke's-Roosevelt Hospital Center"", 'role': 'PRINCIPAL_INVESTIGATOR'}, {'name': 'Michael Jarratt, MD', 'affiliation': 'Derm Research, Inc.', 'role': 'PRINCIPAL_INVESTIGATOR'}, {'name': 'Pearl Grimes, MD', 'affiliation': 'Vitiligo & Pigmentation Institute of Southern California', 'role': 'PRINCIPAL_INVESTIGATOR'}, {'name': 'Marta Rendon, MD', 'affiliation': 'Skin Care Research, Inc.', 'role': 'PRINCIPAL_INVESTIGATOR'}, {'name': 'Eduardo Tschen, MD', 'affiliation': 'Academic Dermatology Associates', 'role': 'PRINCIPAL_INVESTIGATOR'}]"
NCT03938948,UNKNOWN,62.0,ESTIMATED,2021,I-IV,1,1,1,1,0,0,Will Surgical Arts,Ijamsville,Maryland,21754,39.3211057,-77.339668,0.0,0.0,0.0,0.0,0.0,0.0,0.0,"Will Surgical Arts, Ijamsville, Maryland 21754","Will Surgical Arts: Dr. Michael J. Will MD, DDS, FACS",NA,"[{'name': 'Elinor Chang', 'role': 'CONTACT', 'phone': '7134876230', 'email': 'admin@awareable.ai'}]","[{'name': 'Michael Will, MD', 'affiliation': '', 'role': 'PRINCIPAL_INVESTIGATOR'}]"
NCT03285581,COMPLETED,39.0,ACTUAL,2023,I-VI,1,1,1,1,1,1,Westlake Dermatology,Austin,Texas,78746,30.3169589,-97.8611215,0.0,0.0,0.0,0.0,38.0,1.0,0.0,"Westlake Dermatology, Austin, Texas 78746",Westlake Dermatology & Cosmetic Surgery,NA,[],"[{'name': 'Stephen Ronan, M.D.', 'affiliation': 'Cutera Research Center', 'role': 'PRINCIPAL_INVESTIGATOR'}, {'name': 'Daniel Friedmann, M.D.', 'affiliation': 'Westlake Dermatology', 'role': 'PRINCIPAL_INVESTIGATOR'}]"
NCT03565146,COMPLETED,25.0,ACTUAL,2019,I-V,1,1,1,1,1,0,Westlake Dermatology,Austin,Texas,78746,30.3169589,-97.8611215,0.0,0.0,0.0,0.0,0.0,0.0,0.0,"Westlake Dermatology, Austin, Texas 78746",Westlake Dermatology & Cosmetic Surgery,NA,[],"[{'name': 'Daniel P Friedmann', 'affiliation': 'Westlake Dermatology', 'role': 'PRINCIPAL_INVESTIGATOR'}]"
NCT05755139,COMPLETED,60.0,ACTUAL,2023,I-V,1,1,1,1,1,0,Westlake Dermatology,Austin,Texas,78746,30.3169589,-97.8611215,0.0,0.0,0.0,0.0,0.0,0.0,0.0,"Westlake Dermatology, Austin, Texas 78746",Westlake Dermatology & Cosmetic Surgery,NA,[],"[{'name': 'Daniel Friedmann, MD', 'affiliation': 'Westlake dermatology', 'role': 'PRINCIPAL_INVESTIGATOR'}, {'name': 'Jennifer Deaver', 'affiliation': 'The Pearl Dermatology', 'role': 'PRINCIPAL_INVESTIGATOR'}]"
NCT06926023,NOT_YET_RECRUITING,10.0,ESTIMATED,2025,I-IV,1,1,1,1,0,0,West Dermatology Research Center/Cosmetic Laser Dermatology,San Diego,California,92121,32.8760752,-117.2131509,0.0,0.0,0.0,0.0,0.0,0.0,0.0,"West Dermatology Research Center/Cosmetic Laser Dermatology, San Diego, California 92121",West Dermatology Research Center,NA,"[{'name': 'Andrea Pacheco', 'role': 'CONTACT', 'phone': '858-657-1004', 'email': 'apacheco@clderm.com'}]",[]
NCT03426098,UNKNOWN,40.0,ACTUAL,2019,I-VI,1,1,1,1,1,1,West Dermatology Research Center,San Diego,California,92121,32.8760752,-117.2131509,0.0,0.0,0.0,0.0,0.0,0.0,0.0,"West Dermatology Research Center, San Diego, California 92121",West Dermatology Research Center,NA,[],"[{'name': 'Mitchel P Goldman, MD', 'affiliation': 'Cosmetic Laser Dermatology and West Dermatology Research', 'role': 'PRINCIPAL_INVESTIGATOR'}]"
NCT06603857,NOT_YET_RECRUITING,40.0,ESTIMATED,2024,I-IV,1,1,1,1,0,0,West Dermatology Research Center,San Diego,California,92121,32.8760752,-117.2131509,0.0,0.0,0.0,0.0,0.0,0.0,0.0,"West Dermatology Research Center, San Diego, California 92121",West Dermatology Research Center,"PHASE2, PHASE3","[{'name': 'West Dermatology Research Center', 'role': 'CONTACT', 'phone': '858-657-1004', 'email': 'research@clderm.com'}]",[]
NCT06032286,COMPLETED,51.0,ACTUAL,2024,I-VI,1,1,1,1,1,1,West Dermatology Research Center,San Diego,California,92121,32.8760752,-117.2131509,0.0,0.0,0.0,0.0,0.0,0.0,0.0,"West Dermatology Research Center, San Diego, California 92121",West Dermatology Research Center,NA,[],[]
NCT03361176,COMPLETED,30.0,ACTUAL,2019,I-VI,1,1,1,1,1,1,West Dermatology Research Center,San Diego,California,92121,32.8760752,-117.2131509,0.0,2.0,0.0,0.0,58.0,0.0,0.0,"West Dermatology Research Center, San Diego, California 92121",West Dermatology Research Center,PHASE4,[],[]
NCT01910818,ACTIVE_NOT_RECRUITING,12.0,ACTUAL,2023,I-VI,1,1,1,1,1,1,"Wellman Center for Photomedicine, Massachusetts General Hospital",Boston,Massachusetts,02114,42.3625651,-71.068394,0.0,0.0,0.0,0.0,0.0,0.0,0.0,"Wellman Center for Photomedicine, Massachusetts General Hospital, Boston, Massachusetts 02114",Massachusetts General Hospital,NA,[],"[{'name': 'Richard R Anderson, MD', 'affiliation': 'Massachusetts General Hospital', 'role': 'PRINCIPAL_INVESTIGATOR'}]"
NCT05841628,RECRUITING,15.0,ESTIMATED,2024,I-VI,1,1,1,1,1,1,"Wellman Center for Photomedicine, Harvard Medical School",Boston,Massachusetts,02114,42.3356451,-71.104215,0.0,0.0,0.0,0.0,0.0,0.0,0.0,"Wellman Center for Photomedicine, Harvard Medical School, Boston, Massachusetts 02114",Harvard Medical School,NA,"[{'name': 'Cemre Turk, MD', 'role': 'CONTACT', 'phone': '6175133337', 'email': 'cturk@mgh.harvard.edu'}]","[{'name': 'Yakir Levin, MD, PhD', 'affiliation': 'Massachusetts General Hospital', 'role': 'PRINCIPAL_INVESTIGATOR'}]"
NCT05590585,COMPLETED,124.0,ACTUAL,2024,IV,0,0,0,1,0,0,Wayne State University Physician Group Dermatology,Dearborn,Michigan,48126,42.32649869999999,-83.2195795,0.0,0.0,0.0,0.0,0.0,0.0,0.0,"Wayne State University Physician Group Dermatology, Dearborn, Michigan 48126",Wayne Health Dermatology Dearborn,PHASE4,[],"[{'name': 'Clinical Trial Management', 'affiliation': 'Regeneron Pharmaceuticals', 'role': 'STUDY_DIRECTOR'}]"
NCT02772276,COMPLETED,234.0,ACTUAL,2023,"I, II, III",1,1,1,0,0,0,Washington University School of Medicine,St Louis,Missouri,63110,38.6351441,-90.2629289,4.0,2.0,0.0,174.0,288.0,0.0,0.0,"Washington University School of Medicine, St Louis, Missouri 63110",Washington University School of Medicine,PHASE2,[],"[{'name': 'Richard B Dorshow, PhD', 'affiliation': 'MediBeacon, Inc.', 'role': 'STUDY_DIRECTOR'}]"
NCT05372419,COMPLETED,90.0,ACTUAL,2025,IV-VI,0,0,0,1,1,1,Washington University School of Medicine,St Louis,Missouri,63110,38.6351441,-90.2629289,6.0,10.0,4.0,70.0,0.0,0.0,0.0,"Washington University School of Medicine, St Louis, Missouri 63110",Washington University School of Medicine,PHASE3,[],"[{'name': 'Call 1-877-CTLILLY (1-877-285-4559) or 1-317-615-4559 Mon - Fri 9 AM - 5 PM Eastern time (UTC/GMT - 5 hours, EST)', 'affiliation': 'Eli Lilly and Company', 'role': 'STUDY_DIRECTOR'}]"
NCT05590585,COMPLETED,124.0,ACTUAL,2024,IV,0,0,0,1,0,0,Washington University School of Medicine,St Louis,Missouri,63110,38.6351441,-90.2629289,0.0,0.0,0.0,0.0,0.0,0.0,0.0,"Washington University School of Medicine, St Louis, Missouri 63110",Washington University School of Medicine,PHASE4,[],"[{'name': 'Clinical Trial Management', 'affiliation': 'Regeneron Pharmaceuticals', 'role': 'STUDY_DIRECTOR'}]"
NCT02146807,COMPLETED,60.0,ESTIMATED,2015,I-IV,1,1,1,1,0,0,Washington Institute of Dermatologic Laser Surgery,Washington D.C.,District of Columbia,20005,38.902315,-77.0331033,0.0,0.0,0.0,0.0,0.0,0.0,0.0,"Washington Institute of Dermatologic Laser Surgery, Washington D.C., District of Columbia 20005",Washington Institute of Dermatologic Laser Surgery,NA,[],"[{'name': 'Shlomit Mann', 'affiliation': 'Syneron Medical Ltd.', 'role': 'STUDY_DIRECTOR'}]"
NCT01789346,COMPLETED,20.0,ACTUAL,2023,I-IV,1,1,1,1,0,0,Washington Institute of Dermatologic Laser Surgery,Washington D.C.,District of Columbia,20005,38.902315,-77.0331033,0.0,0.0,0.0,0.0,0.0,0.0,0.0,"Washington Institute of Dermatologic Laser Surgery, Washington D.C., District of Columbia 20005",Washington Institute of Dermatologic Laser Surgery,NA,[],"[{'name': 'Tina Alster, MD', 'affiliation': 'Washington Institute of Dermatologic Laser Surgery', 'role': 'PRINCIPAL_INVESTIGATOR'}, {'name': 'Elizabeth Tanzi, MD', 'affiliation': 'Washington Institute of Dermatologic Laser Surgery', 'role': 'PRINCIPAL_INVESTIGATOR'}]"
NCT00099112,COMPLETED,,,2015,II,0,1,0,0,0,0,Warren Grant Magnuson Clinical Center - NCI Clinical Studies Support,Bethesda,Maryland,20892-1182,39.0019296,-77.1044561,0.0,0.0,0.0,0.0,0.0,0.0,0.0,"Warren Grant Magnuson Clinical Center - NCI Clinical Studies Support, Bethesda, Maryland 20892-1182",NIH Clinical Center,N/A,[],"[{'name': 'Jonathan C. Vogel, MD', 'affiliation': 'NCI - Dermatology Branch', 'role': 'STUDY_CHAIR'}]"
NCT05372419,COMPLETED,90.0,ACTUAL,2025,IV-VI,0,0,0,1,1,1,"Wallace Medical Group, Inc.",Los Angeles,California,90056,33.9885114,-118.3678351,6.0,10.0,4.0,70.0,0.0,0.0,0.0,"Wallace Medical Group, Inc., Los Angeles, California 90056",Wallace Skin and Body Institute - Paul Wallace MD,PHASE3,[],"[{'name': 'Call 1-877-CTLILLY (1-877-285-4559) or 1-317-615-4559 Mon - Fri 9 AM - 5 PM Eastern time (UTC/GMT - 5 hours, EST)', 'affiliation': 'Eli Lilly and Company', 'role': 'STUDY_DIRECTOR'}]"
NCT01247818,COMPLETED,99.0,ACTUAL,2012,I-VI,1,1,1,1,1,1,Wake Research Associates,Raleigh,North Carolina,27602,35.82362310000001,-78.7058148,0.0,0.0,0.0,0.0,0.0,0.0,0.0,"Wake Research Associates, Raleigh, North Carolina 27602",M3 Wake Research Raleigh,PHASE2,[],"[{'name': 'Eric Wachter, Ph.D.', 'affiliation': 'Provectus Pharmaceuticals', 'role': 'STUDY_DIRECTOR'}]"
NCT05981118,ENROLLING_BY_INVITATION,40.0,ESTIMATED,2025,III,0,0,1,0,0,0,Wake Forest University Health Sciences Department of Dermatology,Winston-Salem,North Carolina,27157,36.07830939999999,-80.3335392,0.0,0.0,0.0,0.0,0.0,0.0,0.0,"Wake Forest University Health Sciences Department of Dermatology, Winston-Salem, North Carolina 27157",Atrium Health Wake Forest Baptist Dermatology - Country Club,"PHASE2, PHASE3",[],"[{'name': 'Steven R Feldman, MD, PhD', 'affiliation': 'Wake Forest University Health Sciences', 'role': 'PRINCIPAL_INVESTIGATOR'}]"
NCT05386368,TERMINATED,1.0,ACTUAL,2024,"I, II",1,1,0,0,0,0,Wake Forest University Health Sciences,Winston-Salem,North Carolina,27157,36.13700800000001,-80.275307,0.0,0.0,0.0,0.0,0.0,0.0,0.0,"Wake Forest University Health Sciences, Winston-Salem, North Carolina 27157",Wake Forest University Health and Exercise Science Department,PHASE4,[],"[{'name': 'Joseph Molnar, MD, PhD', 'affiliation': 'Wake Forest University Health Sciences', 'role': 'PRINCIPAL_INVESTIGATOR'}]"
NCT01831180,COMPLETED,50.0,ACTUAL,2018,I-IV,1,1,1,1,0,0,Wake Forest School of Medicine - Dermatology Clinic,Winston-Salem,North Carolina,27157,36.07830939999999,-80.3335392,0.0,0.0,0.0,0.0,0.0,0.0,0.0,"Wake Forest School of Medicine - Dermatology Clinic, Winston-Salem, North Carolina 27157",Atrium Health Wake Forest Baptist Dermatology - Country Club,N/A,[],"[{'name': 'Amy McMichael, MD', 'affiliation': 'Wake Forest University Health Sciences', 'role': 'PRINCIPAL_INVESTIGATOR'}]"
NCT01147172,COMPLETED,100.0,ACTUAL,2017,"IV, V, VI",0,0,0,1,1,1,Vitiligo and Pigmentation Inst of Southern California,Los Angeles,California,90036,34.0620079,-118.3521759,3.0,1.0,0.0,41.0,0.0,2.0,53.0,"Vitiligo and Pigmentation Inst of Southern California, Los Angeles, California 90036",Vitiligo & Pigmentation Institute of Southern California,NA,[],"[{'name': 'Frederic Brandt, MD', 'affiliation': 'Dermatology Research Institute, LLC', 'role': 'PRINCIPAL_INVESTIGATOR'}, {'name': 'William P Coleman, MD', 'affiliation': 'Private Practice', 'role': 'PRINCIPAL_INVESTIGATOR'}, {'name': 'Michael Gold, MD', 'affiliation': 'Tennessee Clinical Research Center', 'role': 'PRINCIPAL_INVESTIGATOR'}, {'name': 'Alicia Barba, MD', 'affiliation': 'International Dermatology Research, Inc.', 'role': 'PRINCIPAL_INVESTIGATOR'}, {'name': 'Andrew Alexis, MD', 'affiliation': ""St. Luke's-Roosevelt Hospital Center"", 'role': 'PRINCIPAL_INVESTIGATOR'}, {'name': 'Michael Jarratt, MD', 'affiliation': 'Derm Research, Inc.', 'role': 'PRINCIPAL_INVESTIGATOR'}, {'name': 'Pearl Grimes, MD', 'affiliation': 'Vitiligo & Pigmentation Institute of Southern California', 'role': 'PRINCIPAL_INVESTIGATOR'}, {'name': 'Marta Rendon, MD', 'affiliation': 'Skin Care Research, Inc.', 'role': 'PRINCIPAL_INVESTIGATOR'}, {'name': 'Eduardo Tschen, MD', 'affiliation': 'Academic Dermatology Associates', 'role': 'PRINCIPAL_INVESTIGATOR'}]"
NCT06099080,ACTIVE_NOT_RECRUITING,10.0,ESTIMATED,2024,"IV, V, VI",0,0,0,1,1,1,Vitiligo & Pigmentation Institute of Southern California,Los Angeles,California,90036,34.0620079,-118.3521759,0.0,0.0,0.0,0.0,0.0,0.0,0.0,"Vitiligo & Pigmentation Institute of Southern California, Los Angeles, California 90036",Vitiligo & Pigmentation Institute of Southern California,PHASE2,[],[]
NCT06349356,COMPLETED,101.0,ACTUAL,2024,I-IV,1,1,1,1,0,0,Visionary Consultants Inc.,Lexington,Kentucky,40517,37.9724848,-84.4624087,0.0,0.0,0.0,0.0,0.0,0.0,0.0,"Visionary Consultants Inc., Lexington, Kentucky 40517",Visionario21,NA,[],[]
NCT01347879,COMPLETED,153.0,ACTUAL,2014,I-VI,1,1,1,1,1,1,"Virginia Clinical Research, Inc.",Norfolk,Virginia,23507,36.8514109,-76.1927159,0.0,0.0,0.0,0.0,0.0,0.0,0.0,"Virginia Clinical Research, Inc., Norfolk, Virginia 23507","Virginia Clinical Research, Inc.",PHASE2,[],"[{'name': 'David Pariser, MD', 'affiliation': 'Virginia Clinical Research, Inc.', 'role': 'PRINCIPAL_INVESTIGATOR'}]"
NCT00594425,COMPLETED,150.0,ACTUAL,2013,I-IV,1,1,1,1,0,0,"Virginia Clinical Research, Inc.",Norfolk,Virginia,23507,36.8514109,-76.1927159,0.0,0.0,0.0,0.0,0.0,0.0,0.0,"Virginia Clinical Research, Inc., Norfolk, Virginia 23507","Virginia Clinical Research, Inc.",PHASE2,[],"[{'name': 'David Pariser, MD', 'affiliation': 'AAD', 'role': 'PRINCIPAL_INVESTIGATOR'}]"
NCT05372419,COMPLETED,90.0,ACTUAL,2025,IV-VI,0,0,0,1,1,1,"Virginia Clinical Research, Inc.",Norfolk,Virginia,23502,36.8514109,-76.1927159,6.0,10.0,4.0,70.0,0.0,0.0,0.0,"Virginia Clinical Research, Inc., Norfolk, Virginia 23502","Virginia Clinical Research, Inc.",PHASE3,[],"[{'name': 'Call 1-877-CTLILLY (1-877-285-4559) or 1-317-615-4559 Mon - Fri 9 AM - 5 PM Eastern time (UTC/GMT - 5 hours, EST)', 'affiliation': 'Eli Lilly and Company', 'role': 'STUDY_DIRECTOR'}]"
NCT00933543,COMPLETED,107.0,ACTUAL,2013,I-VI,1,1,1,1,1,1,"Virginia Clinical Research, Inc.",Norfolk,Virginia,23507,36.8514109,-76.1927159,0.0,0.0,0.0,0.0,0.0,0.0,0.0,"Virginia Clinical Research, Inc., Norfolk, Virginia 23507","Virginia Clinical Research, Inc.",PHASE2,[],"[{'name': 'Lawrence F. Eichenfield, M.D', 'affiliation': ""Children's Specialists of San Diego / Rady Children's Hospital San Diego"", 'role': 'PRINCIPAL_INVESTIGATOR'}]"
NCT03945383,COMPLETED,120.0,ACTUAL,2022,"I, II, III, IV",1,1,1,1,0,0,Virginia Clinical Research,Norfolk,Virginia,23502,36.8514109,-76.1927159,0.0,0.0,0.0,0.0,0.0,0.0,0.0,"Virginia Clinical Research, Norfolk, Virginia 23502","Virginia Clinical Research, Inc.",NA,[],"[{'name': 'Rupal Trivedi, M.D.', 'affiliation': 'Great Lakes Clinical Trials', 'role': 'PRINCIPAL_INVESTIGATOR'}, {'name': 'David Pariser, M.D.', 'affiliation': 'Virginia Clinical Research', 'role': 'PRINCIPAL_INVESTIGATOR'}]"
NCT00865878,TERMINATED,6.0,ACTUAL,2011,I-IV,1,1,1,1,0,0,Vanderbilt University Medical Center,Nashville,Tennessee,37204,36.1417928,-86.8009699,0.0,0.0,0.0,0.0,0.0,0.0,0.0,"Vanderbilt University Medical Center, Nashville, Tennessee 37204",Vanderbilt University Medical Center,PHASE2,[],"[{'name': 'Stuart L Marcus, MD, PhD', 'affiliation': 'Sponsor GmbH', 'role': 'STUDY_DIRECTOR'}]"
NCT05807620,COMPLETED,40.0,ACTUAL,2023,I-VI,1,1,1,1,1,1,"Validated Claim Support, LLC",Teaneck,New Jersey,07666,40.8725539,-74.00605019999999,0.0,0.0,0.0,0.0,0.0,0.0,0.0,"Validated Claim Support, LLC, Teaneck, New Jersey 07666",Validated Claim Support,NA,[],"[{'name': 'Anna Hardy', 'affiliation': 'Validated Claim Support', 'role': 'STUDY_DIRECTOR'}]"
NCT00922623,COMPLETED,93.0,ACTUAL,2013,"IV, V, VI",0,0,0,1,1,1,Valerie Callender,Mitchellville,Maryland,20721,38.9641902,-76.7961311,0.0,0.0,0.0,0.0,0.0,0.0,0.0,"Valerie Callender, Mitchellville, Maryland 20721",Dr. Valerie Callender,NA,[],"[{'name': 'Rhoda Narins, MD', 'affiliation': 'Dermatology Surgery and Laser Center', 'role': 'PRINCIPAL_INVESTIGATOR'}]"
NCT06317766,ENROLLING_BY_INVITATION,2.0,ESTIMATED,2024,I-IV,1,1,1,1,0,0,UT Soutwestern Medical Center,Dallas,Texas,75390,32.8126061,-96.8422515,0.0,0.0,0.0,0.0,0.0,0.0,0.0,"UT Soutwestern Medical Center, Dallas, Texas 75390",UT Southwestern Medical Center,NA,[],"[{'name': 'Shlomo Assa, President FACorp', 'affiliation': 'FA Corporation', 'role': 'STUDY_DIRECTOR'}, {'name': 'Jeffrey Kenkel, MD', 'affiliation': 'UT Southwestern Medical Center', 'role': 'PRINCIPAL_INVESTIGATOR'}]"
NCT04477187,COMPLETED,15.0,ACTUAL,2023,I-VI,1,1,1,1,1,1,UT Southwestern Medical Center- Dept of Plastic Surgery,Dallas,Texas,75390,32.8158484,-96.8463936,0.0,0.0,0.0,0.0,15.0,0.0,0.0,"UT Southwestern Medical Center- Dept of Plastic Surgery, Dallas, Texas 75390",UT Southwestern Plastic Surgery Clinic,NA,[],"[{'name': 'Jeffrey Kenkel, MD', 'affiliation': 'UT Southwestern', 'role': 'PRINCIPAL_INVESTIGATOR'}]"
NCT05493280,COMPLETED,20.0,ACTUAL,2025,"V, VI",0,0,0,0,1,1,UT Southwestern Medical Center- Dept of Plastic Surgery,Dallas,Texas,75390,32.8158484,-96.8463936,0.0,0.0,0.0,0.0,0.0,0.0,0.0,"UT Southwestern Medical Center- Dept of Plastic Surgery, Dallas, Texas 75390",UT Southwestern Plastic Surgery Clinic,NA,[],"[{'name': 'Jeffrey Kenkel, MD', 'affiliation': 'UT Southwestern- Department of Plastic Surgery', 'role': 'PRINCIPAL_INVESTIGATOR'}]"
NCT03715049,COMPLETED,35.0,ACTUAL,2018,All,1,1,1,1,1,1,UT Southwestern Medical Center Dept. of Plastic Surgery,Dallas,Texas,75390-9132,32.8158484,-96.8463936,0.0,0.0,0.0,0.0,0.0,0.0,0.0,"UT Southwestern Medical Center Dept. of Plastic Surgery, Dallas, Texas 75390-9132",UT Southwestern Plastic Surgery Clinic,NA,[],"[{'name': 'Jeffrey M. Kenkel, MD', 'affiliation': 'UT Southwestern Medical Center', 'role': 'PRINCIPAL_INVESTIGATOR'}]"
NCT05226104,COMPLETED,30.0,ACTUAL,2023,I-IV,1,1,1,1,0,0,UT Southwestern Department of Plastic Surgery,Dallas,Texas,75390,32.8158484,-96.8463936,0.0,0.0,0.0,0.0,23.0,4.0,0.0,"UT Southwestern Department of Plastic Surgery, Dallas, Texas 75390",UT Southwestern Plastic Surgery Clinic,NA,[],"[{'name': 'Abby Culver, MD', 'affiliation': 'UT Southwestern', 'role': 'PRINCIPAL_INVESTIGATOR'}, {'name': 'Jeffrey Kenkel, MD', 'affiliation': 'UT Southwestern', 'role': 'PRINCIPAL_INVESTIGATOR'}]"
NCT06477172,RECRUITING,500.0,ESTIMATED,2025,All,1,1,1,1,1,1,US Dermatology Partners / Dermatology Associates of Tyler,Tyler,Texas,75703,32.2979021,-95.3177225,0.0,0.0,0.0,0.0,0.0,0.0,0.0,"US Dermatology Partners / Dermatology Associates of Tyler, Tyler, Texas 75703",U.S. Dermatology Partners Tyler on Dominion Plaza,N/A,"[{'name': 'Lisa Campbell, PhD', 'role': 'CONTACT', 'phone': '858-997-7447', 'email': 'lisa.campbell@acorn.me'}]","[{'name': 'Drew Taylor, PhD', 'affiliation': 'Acorn Biolabs', 'role': 'STUDY_CHAIR'}]"
NCT05482425,ACTIVE_NOT_RECRUITING,26.0,ACTUAL,2024,III,0,0,1,0,0,0,UPMC Aesthetic Plastic Surgery Center,Pittsburgh,Pennsylvania,15213,40.4352684,-79.95835369999999,0.0,0.0,0.0,0.0,0.0,0.0,0.0,"UPMC Aesthetic Plastic Surgery Center, Pittsburgh, Pennsylvania 15213",UPMC Aesthetic Plastic Surgery,NA,[],"[{'name': 'J. Peter Rubin, MD', 'affiliation': 'University of Pittsburgh', 'role': 'PRINCIPAL_INVESTIGATOR'}, {'name': 'Patsy Simon, BS, RN, CCRC, CCRA, ACRP-PM', 'affiliation': 'University of Pittsburgh', 'role': 'STUDY_DIRECTOR'}]"
NCT00027976,WITHDRAWN,0.0,ACTUAL,2013,"I, II, III",1,1,1,0,0,0,University of Wisconsin Comprehensive Cancer Center,Madison,Wisconsin,53792-6164,43.0767766,-89.4314381,0.0,0.0,0.0,0.0,0.0,0.0,0.0,"University of Wisconsin Comprehensive Cancer Center, Madison, Wisconsin 53792-6164",UW Health | Carbone Cancer Center,"PHASE2, PHASE3",[],"[{'name': 'Craig A. Elmets, MD', 'affiliation': 'University of Alabama at Birmingham', 'role': 'STUDY_CHAIR'}]"
NCT04893577,ENROLLING_BY_INVITATION,20.0,ESTIMATED,2024,"II, III",0,1,1,0,0,0,University of Utah MidValley Dermatology,Murray,Utah,84107,40.6387337,-111.8850894,0.0,0.0,0.0,0.0,0.0,0.0,0.0,"University of Utah MidValley Dermatology, Murray, Utah 84107","Midvalley Health Center, Murray",PHASE2,[],"[{'name': 'Christopher M Hull, M.D.', 'affiliation': 'University of Utah', 'role': 'PRINCIPAL_INVESTIGATOR'}]"
NCT03988049,COMPLETED,22.0,ACTUAL,2021,I-V,1,1,1,1,1,0,University of Utah MidValley Dermatology,Murray,Utah,84107,40.6387337,-111.8850894,0.0,8.0,0.0,8.0,60.0,12.0,0.0,"University of Utah MidValley Dermatology, Murray, Utah 84107","Midvalley Health Center, Murray",NA,[],"[{'name': 'David R Smart, MD', 'affiliation': 'University of Utah', 'role': 'PRINCIPAL_INVESTIGATOR'}]"
NCT06558838,ENROLLING_BY_INVITATION,40.0,ESTIMATED,2025,"II, III",0,1,1,0,0,0,University of Utah MidValley Dermatology,Murray,Utah,84107,40.6387337,-111.8850894,0.0,0.0,0.0,0.0,0.0,0.0,0.0,"University of Utah MidValley Dermatology, Murray, Utah 84107","Midvalley Health Center, Murray",PHASE2,[],"[{'name': 'Christopher M Hull, M.D.', 'affiliation': 'University of Utah Dermatology', 'role': 'PRINCIPAL_INVESTIGATOR'}]"
NCT05085730,COMPLETED,13.0,ACTUAL,2023,I-VI,1,1,1,1,1,1,University of Texas Southwestern Medical Center,Dallas,Texas,75390,32.8113367,-96.8397899,0.0,0.0,0.0,0.0,13.0,0.0,0.0,"University of Texas Southwestern Medical Center, Dallas, Texas 75390","Dallas, TX 75390",NA,[],"[{'name': 'Jeffrey Kenkel, MD', 'affiliation': 'UT Southwestern- Department of Plastic Surgery', 'role': 'PRINCIPAL_INVESTIGATOR'}]"
NCT03507036,COMPLETED,20.0,ACTUAL,2020,I-III,1,1,1,0,0,0,University of Texas Southwestern Medical Center,Dallas,Texas,75390,32.8113367,-96.8397899,0.0,0.0,0.0,0.0,15.0,0.0,0.0,"University of Texas Southwestern Medical Center, Dallas, Texas 75390","Dallas, TX 75390",NA,[],"[{'name': 'Jeffrey Kenkel, MD', 'affiliation': 'Chair & Professor', 'role': 'PRINCIPAL_INVESTIGATOR'}]"
NCT06091215,COMPLETED,15.0,ACTUAL,2025,I-IV,1,1,1,1,0,0,University of Texas Southwestern Medical Center,Dallas,Texas,75390,32.8113367,-96.8397899,0.0,0.0,0.0,0.0,0.0,0.0,0.0,"University of Texas Southwestern Medical Center, Dallas, Texas 75390","Dallas, TX 75390",NA,[],"[{'name': 'Jeffrey Kenkel, MD', 'affiliation': 'UT Southwestern', 'role': 'PRINCIPAL_INVESTIGATOR'}]"
NCT04616898,COMPLETED,12.0,ACTUAL,2024,All,1,1,1,1,1,1,University of Texas Southwestern,Dallas,Texas,75390,32.8113367,-96.8397899,0.0,0.0,0.0,0.0,0.0,0.0,0.0,"University of Texas Southwestern, Dallas, Texas 75390","Dallas, TX 75390",NA,[],"[{'name': 'Jeffrey Kenkel, MD', 'affiliation': 'University of Texas', 'role': 'PRINCIPAL_INVESTIGATOR'}]"
NCT00027976,WITHDRAWN,0.0,ACTUAL,2013,"I, II, III",1,1,1,0,0,0,University of Texas - MD Anderson Cancer Center,Houston,Texas,77030-4009,29.7070421,-95.3971211,0.0,0.0,0.0,0.0,0.0,0.0,0.0,"University of Texas - MD Anderson Cancer Center, Houston, Texas 77030-4009",MD Anderson Cancer Center,"PHASE2, PHASE3",[],"[{'name': 'Craig A. Elmets, MD', 'affiliation': 'University of Alabama at Birmingham', 'role': 'STUDY_CHAIR'}]"
NCT02099136,COMPLETED,45.0,ACTUAL,2016,"I, II, III",1,1,1,0,0,0,University of Rochester,Rochester,New York,14642,43.12247660000001,-77.62425739999999,0.0,0.0,0.0,0.0,0.0,0.0,0.0,"University of Rochester, Rochester, New York 14642","Rochester, NY 14642",PHASE2,[],"[{'name': 'Alice Pentland', 'affiliation': 'University of Rochester', 'role': 'PRINCIPAL_INVESTIGATOR'}]"
NCT02090933,COMPLETED,25.0,ACTUAL,2016,"I, II, III",1,1,1,0,0,0,University of Rochester,Rochester,New York,14642,43.12247660000001,-77.62425739999999,0.0,0.0,0.0,0.0,0.0,0.0,0.0,"University of Rochester, Rochester, New York 14642","Rochester, NY 14642",PHASE2,[],"[{'name': 'Alice Pentland', 'affiliation': 'University of Rochester', 'role': 'PRINCIPAL_INVESTIGATOR'}]"
NCT00523588,COMPLETED,10.0,ESTIMATED,2010,I-III,1,1,1,0,0,0,"University of Pennsylvania, Department of Dermatology",Philadelphia,Pennsylvania,19104,39.9499954,-75.1929771,0.0,0.0,0.0,0.0,0.0,0.0,0.0,"University of Pennsylvania, Department of Dermatology, Philadelphia, Pennsylvania 19104",Department of Dermatology,PHASE2,[],"[{'name': 'Victoria P Werth, M.D.', 'affiliation': 'University of Pennsylvania, Department of Dermatology and Internal Medicine', 'role': 'PRINCIPAL_INVESTIGATOR'}]"
NCT02322086,COMPLETED,30.0,ACTUAL,2017,I-VI,1,1,1,1,1,1,University of North Carolina School of Medicine,Chapel Hill,North Carolina,27516,35.9058399,-79.0523659,0.0,0.0,0.0,0.0,0.0,0.0,0.0,"University of North Carolina School of Medicine, Chapel Hill, North Carolina 27516",UNC School of Medicine,PHASE2,[],"[{'name': 'Eric Wachter, Ph.D.', 'affiliation': 'Provectus Biopharmaceuticals, Inc.', 'role': 'STUDY_DIRECTOR'}]"
NCT01016964,COMPLETED,63.0,ACTUAL,2012,I-IV,1,1,1,1,0,0,"University of Minnesota, Department of Dermatology",Minneapolis,Minnesota,55455,44.9723263,-93.2314771,0.0,0.0,0.0,0.0,0.0,0.0,0.0,"University of Minnesota, Department of Dermatology, Minneapolis, Minnesota 55455",UMN Department of Dermatology,NA,[],"[{'name': 'Maria Hordinsky, M.D.', 'affiliation': 'University of Minnesota', 'role': 'PRINCIPAL_INVESTIGATOR'}, {'name': 'Wilma Bergfeld, M.D.', 'affiliation': 'The Cleveland Clinic', 'role': 'PRINCIPAL_INVESTIGATOR'}, {'name': 'Lawrence Schachner, M.D.', 'affiliation': 'University of Miami', 'role': 'PRINCIPAL_INVESTIGATOR'}]"
NCT05514834,COMPLETED,15.0,ACTUAL,2024,I-VI,1,1,1,1,1,1,University of Minnesota,Minneapolis,Minnesota,55455,44.97399,-93.2277285,0.0,0.0,0.0,0.0,0.0,0.0,0.0,"University of Minnesota, Minneapolis, Minnesota 55455",University of Minnesota,EARLY_PHASE1,[],"[{'name': 'Maria Hordinsky, MD', 'affiliation': 'University of Minnesota', 'role': 'PRINCIPAL_INVESTIGATOR'}]"
NCT03089580,COMPLETED,14.0,ACTUAL,2019,"I, IV",1,0,0,1,0,0,University of Michigan Kellogg Eye Center,Ann Arbor,Michigan,48105,42.2884872,-83.7370892,0.0,0.0,0.0,0.0,14.0,0.0,0.0,"University of Michigan Kellogg Eye Center, Ann Arbor, Michigan 48105",W.K. Kellogg Eye Center,NA,[],"[{'name': 'Sarah Wood, OD', 'affiliation': 'University of Michigan', 'role': 'PRINCIPAL_INVESTIGATOR'}]"
NCT00647556,COMPLETED,30.0,ACTUAL,2022,I-III,1,1,1,0,0,0,University of Michigan Department of Dermatology,Ann Arbor,Michigan,48109,42.2835629,-83.7271598,0.0,0.0,0.0,0.0,0.0,0.0,0.0,"University of Michigan Department of Dermatology, Ann Arbor, Michigan 48109",Dermatology at Taubman Center,PHASE3,[],"[{'name': 'Ronald W Gottschalk, MD', 'affiliation': 'Galderma R&D', 'role': 'STUDY_DIRECTOR'}]"
NCT00027976,WITHDRAWN,0.0,ACTUAL,2013,"I, II, III",1,1,1,0,0,0,University of Michigan Comprehensive Cancer Center,Ann Arbor,Michigan,48109-0314,42.28435229999999,-83.7312896,0.0,0.0,0.0,0.0,0.0,0.0,0.0,"University of Michigan Comprehensive Cancer Center, Ann Arbor, Michigan 48109-0314",Rogel Cancer Center,"PHASE2, PHASE3",[],"[{'name': 'Craig A. Elmets, MD', 'affiliation': 'University of Alabama at Birmingham', 'role': 'STUDY_CHAIR'}]"
NCT05383664,UNKNOWN,20.0,ESTIMATED,2023,I-III,1,1,1,0,0,0,University of Michigan,Ann Arbor,Michigan,48109,42.277145,-83.7382071,0.0,0.0,0.0,0.0,0.0,0.0,0.0,"University of Michigan, Ann Arbor, Michigan 48109",University of Michigan,EARLY_PHASE1,"[{'name': 'Diane Fiolek', 'role': 'CONTACT', 'phone': '734-763-1469', 'email': 'dianemch@umich.edu'}]","[{'name': 'Jesse Leverett', 'affiliation': 'Access Business Group', 'role': 'STUDY_CHAIR'}, {'name': 'Gary Fisher, PhD', 'affiliation': 'University of Michigan', 'role': 'PRINCIPAL_INVESTIGATOR'}]"
NCT03728569,TERMINATED,14.0,ACTUAL,2021,I-V,1,1,1,1,1,0,University of Michigan,Ann Arbor,Michigan,48109,42.277145,-83.7382071,0.0,0.0,0.0,0.0,0.0,0.0,0.0,"University of Michigan, Ann Arbor, Michigan 48109",University of Michigan,EARLY_PHASE1,[],"[{'name': 'Gary Fisher, PhD', 'affiliation': 'University of Michigan', 'role': 'PRINCIPAL_INVESTIGATOR'}]"
NCT02472405,COMPLETED,18.0,ACTUAL,2018,I-III,1,1,1,0,0,0,University of Miami Sylvester Comprehensive Cancer Center,Miami,Florida,33136,25.7882523,-80.2144666,0.0,0.0,0.0,0.0,0.0,0.0,0.0,"University of Miami Sylvester Comprehensive Cancer Center, Miami, Florida 33136",Sylvester Comprehensive Cancer Center,NA,[],"[{'name': 'Keyvan Nouri, MD', 'affiliation': 'University of Miami Sylvester Comprehensive Cancer Center', 'role': 'PRINCIPAL_INVESTIGATOR'}]"
NCT00520910,COMPLETED,10.0,ACTUAL,2019,"II, III",0,1,1,0,0,0,University of Miami Skin Research Group Office,Miami,Florida,33136,25.7312214,-80.2577452,0.0,0.0,0.0,0.0,0.0,0.0,0.0,"University of Miami Skin Research Group Office, Miami, Florida 33136",Skin Research Institute,PHASE2,[],"[{'name': 'Brian Berman, M.D., Ph.D.', 'affiliation': 'University of Miami, Department of Dermatology and Cutaneous Surgery', 'role': 'PRINCIPAL_INVESTIGATOR'}]"
NCT01016964,COMPLETED,63.0,ACTUAL,2012,I-IV,1,1,1,1,0,0,University of Miami Miller School of Medicine - Dermatology,Miami,Florida,33136,25.7904029,-80.21186999999999,0.0,0.0,0.0,0.0,0.0,0.0,0.0,"University of Miami Miller School of Medicine - Dermatology, Miami, Florida 33136",University of Miami Leonard M. Miller School of Medicine,NA,[],"[{'name': 'Maria Hordinsky, M.D.', 'affiliation': 'University of Minnesota', 'role': 'PRINCIPAL_INVESTIGATOR'}, {'name': 'Wilma Bergfeld, M.D.', 'affiliation': 'The Cleveland Clinic', 'role': 'PRINCIPAL_INVESTIGATOR'}, {'name': 'Lawrence Schachner, M.D.', 'affiliation': 'University of Miami', 'role': 'PRINCIPAL_INVESTIGATOR'}]"
NCT05590585,COMPLETED,124.0,ACTUAL,2024,IV,0,0,0,1,0,0,University of Miami Miller School of Medicine,Miami,Florida,33136,25.7904029,-80.21186999999999,0.0,0.0,0.0,0.0,0.0,0.0,0.0,"University of Miami Miller School of Medicine, Miami, Florida 33136",University of Miami Leonard M. Miller School of Medicine,PHASE4,[],"[{'name': 'Clinical Trial Management', 'affiliation': 'Regeneron Pharmaceuticals', 'role': 'STUDY_DIRECTOR'}]"
NCT02270645,COMPLETED,12.0,ACTUAL,2018,"I, II, III, IV",1,1,1,1,0,0,University of Miami Hospital and Clinics/Sylvester Comprehensive Cancer Center,Miami,Florida,33136,25.7882523,-80.2144666,0.0,0.0,0.0,0.0,24.0,0.0,0.0,"University of Miami Hospital and Clinics/Sylvester Comprehensive Cancer Center, Miami, Florida 33136",Sylvester Comprehensive Cancer Center,NA,[],"[{'name': 'Keyvan Nouri, MD', 'affiliation': 'University of Miami Silvester Comprenhensive Care Center', 'role': 'PRINCIPAL_INVESTIGATOR'}]"
NCT01162850,COMPLETED,21.0,ACTUAL,2011,"II, III, IV",0,1,1,1,0,0,University of Miami Cosmetic Center,Miami,Florida,33140,25.8148678,-80.1404402,0.0,0.0,0.0,0.0,0.0,0.0,0.0,"University of Miami Cosmetic Center, Miami, Florida 33140",Miami Center for Plastic Surgery,NA,[],"[{'name': 'Heather Woolery-Lloyd, MD', 'affiliation': 'University of Miami', 'role': 'PRINCIPAL_INVESTIGATOR'}]"
NCT06801795,RECRUITING,8.0,ESTIMATED,2025,I-VI,1,1,1,1,1,1,University of Miami,Miami,Florida,33136,25.7169568,-80.2798198,0.0,0.0,0.0,0.0,0.0,0.0,0.0,"University of Miami, Miami, Florida 33136",University of Miami,NA,"[{'name': 'Maria V Muniz', 'role': 'CONTACT', 'phone': '3056892646', 'email': 'mmuniz@med.miami.edu'}, {'name': 'Leigh Nattkemper, PhD', 'role': 'CONTACT', 'phone': '3055889734', 'email': 'lxn202@med.miami.edu'}]","[{'name': 'Ariel E Eber, MD', 'affiliation': 'University of Miami', 'role': 'PRINCIPAL_INVESTIGATOR'}]"
NCT05166395,WITHDRAWN,0.0,ACTUAL,2024,I-IV,1,1,1,1,0,0,University of Miami,Miami,Florida,33136,25.7169568,-80.2798198,0.0,0.0,0.0,0.0,0.0,0.0,0.0,"University of Miami, Miami, Florida 33136",University of Miami,NA,[],"[{'name': 'Keyvan Nouri, MD', 'affiliation': 'University of Miami', 'role': 'PRINCIPAL_INVESTIGATOR'}]"
NCT03661697,COMPLETED,14.0,ACTUAL,2020,I-IV,1,1,1,1,0,0,University of Miami,Miami,Florida,33136,25.7169568,-80.2798198,0.0,0.0,0.0,0.0,24.0,0.0,4.0,"University of Miami, Miami, Florida 33136",University of Miami,NA,[],"[{'name': 'Lisa Grunebaum, MD', 'affiliation': 'Univeristy of Miami', 'role': 'PRINCIPAL_INVESTIGATOR'}]"
NCT00865878,TERMINATED,6.0,ACTUAL,2011,I-IV,1,1,1,1,0,0,University of Miami,Miami,Florida,33136,25.7169568,-80.2798198,0.0,0.0,0.0,0.0,0.0,0.0,0.0,"University of Miami, Miami, Florida 33136",University of Miami,PHASE2,[],"[{'name': 'Stuart L Marcus, MD, PhD', 'affiliation': 'Sponsor GmbH', 'role': 'STUDY_DIRECTOR'}]"
NCT02988622,COMPLETED,100.0,ACTUAL,2018,I-IV,1,1,1,1,0,0,"University of Iowa Health Care, Department of Dermatology",Iowa City,Iowa,52242,41.6594594,-91.5479919,0.0,0.0,0.0,0.0,0.0,0.0,0.0,"University of Iowa Health Care, Department of Dermatology, Iowa City, Iowa 52242",University Of Iowa Dermatology,NA,[],"[{'name': 'Pooja Chitogopeker, MD', 'affiliation': 'University of Iowa', 'role': 'PRINCIPAL_INVESTIGATOR'}]"
NCT05356754,COMPLETED,343.0,ACTUAL,2022,"V, VI",0,0,0,0,1,1,University of Colorado Hospital,Aurora,Colorado,80045,39.7421191,-104.8414959,0.0,0.0,0.0,0.0,0.0,0.0,0.0,"University of Colorado Hospital, Aurora, Colorado 80045",UCHealth University of Colorado Hospital (UCH),NA,[],[]
NCT00865878,TERMINATED,6.0,ACTUAL,2011,I-IV,1,1,1,1,0,0,"University of California, San Francisco",San Francisco,California,94115,37.7854795,-122.4401581,0.0,0.0,0.0,0.0,0.0,0.0,0.0,"University of California, San Francisco, San Francisco, California 94115","University of California, San Francisco",PHASE2,[],"[{'name': 'Stuart L Marcus, MD, PhD', 'affiliation': 'Sponsor GmbH', 'role': 'STUDY_DIRECTOR'}]"
NCT03767972,ENROLLING_BY_INVITATION,150.0,ESTIMATED,2024,I-III,1,1,1,0,0,0,"University of California, Irvine, Dermatology Clinical Research Center",Irvine,California,92697,33.6434522,-117.8517275,0.0,0.0,0.0,0.0,0.0,0.0,0.0,"University of California, Irvine, Dermatology Clinical Research Center, Irvine, California 92697",Dermatology Clinical Research Center,NA,[],[]
NCT04176068,COMPLETED,20.0,ACTUAL,2024,All,1,1,1,1,1,1,"University of California, Irvine Dermatology Clinical Research Center",Irvine,California,92697,33.6434522,-117.8517275,0.0,0.0,0.0,0.0,0.0,0.0,0.0,"University of California, Irvine Dermatology Clinical Research Center, Irvine, California 92697",Dermatology Clinical Research Center,PHASE1,[],"[{'name': 'Natasha Mesinkovska, MD, PhD', 'affiliation': 'University of California, Irvine', 'role': 'PRINCIPAL_INVESTIGATOR'}]"
NCT00865878,TERMINATED,6.0,ACTUAL,2011,I-IV,1,1,1,1,0,0,"University of California, Irvine",Irvine,California,92697,33.6471239,-117.8421325,0.0,0.0,0.0,0.0,0.0,0.0,0.0,"University of California, Irvine, Irvine, California 92697","Irvine, CA 92697",PHASE2,[],"[{'name': 'Stuart L Marcus, MD, PhD', 'affiliation': 'Sponsor GmbH', 'role': 'STUDY_DIRECTOR'}]"
NCT05356754,COMPLETED,343.0,ACTUAL,2022,"V, VI",0,0,0,0,1,1,University of California San Francisco,San Francisco,California,94143,37.7626459,-122.4587106,0.0,0.0,0.0,0.0,0.0,0.0,0.0,"University of California San Francisco, San Francisco, California 94143",University of California San Francisco Parnassus Campus,NA,[],[]
NCT05372419,COMPLETED,90.0,ACTUAL,2025,IV-VI,0,0,0,1,1,1,University of California Davis (UC Davis) Comprehensive Cancer Center,Sacramento,California,95816,38.5541644,-121.4526544,6.0,10.0,4.0,70.0,0.0,0.0,0.0,"University of California Davis (UC Davis) Comprehensive Cancer Center, Sacramento, California 95816",UC Davis Comprehensive Cancer Center,PHASE3,[],"[{'name': 'Call 1-877-CTLILLY (1-877-285-4559) or 1-317-615-4559 Mon - Fri 9 AM - 5 PM Eastern time (UTC/GMT - 5 hours, EST)', 'affiliation': 'Eli Lilly and Company', 'role': 'STUDY_DIRECTOR'}]"
NCT04969380,COMPLETED,20.0,ACTUAL,2023,I-VI,1,1,1,1,1,1,University of California,Irvine,California,92697,33.6471239,-117.8421325,0.0,0.0,0.0,0.0,0.0,0.0,0.0,"University of California, Irvine, California 92697","Irvine, CA 92697",NA,[],"[{'name': 'Ruthie Amir, MD', 'affiliation': 'Sofwave', 'role': 'STUDY_DIRECTOR'}]"
NCT03176485,COMPLETED,45.0,ESTIMATED,2019,"II, III, IV",0,1,1,1,0,0,University of Arizona Cancer Center,Tucson,Arizona,85724,32.2765477,-110.9431659,0.0,0.0,0.0,0.0,0.0,0.0,0.0,"University of Arizona Cancer Center, Tucson, Arizona 85724",University of Arizona Cancer Center,NA,[],"[{'name': 'Clara Curiel-Lewandroski', 'affiliation': 'University of Arizona', 'role': 'PRINCIPAL_INVESTIGATOR'}]"
NCT06177106,RECRUITING,46.0,ESTIMATED,2025,"II, III",0,1,1,0,0,0,University of Arizona Cancer Center,Tucson,Arizona,85719,32.2765477,-110.9431659,0.0,0.0,0.0,0.0,0.0,0.0,0.0,"University of Arizona Cancer Center, Tucson, Arizona 85719",University of Arizona Cancer Center,NA,"[{'name': 'Stephanie Soto', 'role': 'CONTACT', 'phone': '520-694-2020', 'email': 'stephm1@arizona.edu'}]","[{'name': 'Clara Curiel-Lewandrowski, MD', 'affiliation': 'University of Arizona', 'role': 'PRINCIPAL_INVESTIGATOR'}]"
NCT05398237,COMPLETED,31.0,ACTUAL,2024,"I, II, III",1,1,1,0,0,0,University of Arizona,Tucson,Arizona,85724,32.2318981,-110.9535407,0.0,0.0,0.0,0.0,28.0,0.0,2.0,"University of Arizona, Tucson, Arizona 85724",The University of Arizona,NA,[],"[{'name': 'Clara Curiel, MD', 'affiliation': 'University of Arizona', 'role': 'PRINCIPAL_INVESTIGATOR'}]"
NCT00027976,WITHDRAWN,0.0,ACTUAL,2013,"I, II, III",1,1,1,0,0,0,University of Alabama at Birmingham Comprehensive Cancer Center,Birmingham,Alabama,35294-3300,33.5063334,-86.8025217,0.0,0.0,0.0,0.0,0.0,0.0,0.0,"University of Alabama at Birmingham Comprehensive Cancer Center, Birmingham, Alabama 35294-3300",O'Neal Comprehensive Cancer Center at UAB,"PHASE2, PHASE3",[],"[{'name': 'Craig A. Elmets, MD', 'affiliation': 'University of Alabama at Birmingham', 'role': 'STUDY_CHAIR'}]"
NCT02165657,WITHDRAWN,0.0,ACTUAL,2021,I-VI,1,1,1,1,1,1,University Hospitals Cleveland Medical Center (Concord Site),Concord,Ohio,44077,41.6668564,-81.24628229999999,0.0,0.0,0.0,0.0,0.0,0.0,0.0,"University Hospitals Cleveland Medical Center (Concord Site), Concord, Ohio 44077",UH Concord Health Center,NA,[],"[{'name': 'Margaret Bobonich, NP', 'affiliation': 'University Hospitals Cleveland Medical Center', 'role': 'PRINCIPAL_INVESTIGATOR'}]"
NCT02457000,COMPLETED,59.0,ACTUAL,2021,I-VI,1,1,1,1,1,1,University Hospitals Cleveland Medical Center,Cleveland,Ohio,44118,41.5066896,-81.6045499,0.0,0.0,0.0,0.0,0.0,0.0,0.0,"University Hospitals Cleveland Medical Center, Cleveland, Ohio 44118",UH Cleveland Medical Center,N/A,[],"[{'name': 'Kevin Cooper, MD', 'affiliation': 'University Hospitals Cleveland Medical Center', 'role': 'PRINCIPAL_INVESTIGATOR'}]"
NCT02920502,COMPLETED,24.0,ACTUAL,2016,I,1,0,0,0,0,0,University Hospitals Cleveland Medical Center,Cleveland,Ohio,44106,41.5066896,-81.6045499,0.0,0.0,0.0,0.0,0.0,0.0,0.0,"University Hospitals Cleveland Medical Center, Cleveland, Ohio 44106",UH Cleveland Medical Center,PHASE3,[],"[{'name': 'Kurt Lu, MD', 'affiliation': 'University Hospitals Cleveland Medical Center', 'role': 'PRINCIPAL_INVESTIGATOR'}]"
NCT02968446,COMPLETED,33.0,ACTUAL,2021,I-VI,1,1,1,1,1,1,University Hospitals,Cleveland,Ohio,44106,41.5066896,-81.6045499,0.0,0.0,0.0,0.0,0.0,0.0,0.0,"University Hospitals, Cleveland, Ohio 44106",UH Cleveland Medical Center,EARLY_PHASE1,[],"[{'name': 'Kurt Lu, MD', 'affiliation': 'Northwestern University', 'role': 'PRINCIPAL_INVESTIGATOR'}]"
NCT01986634,COMPLETED,30.0,ACTUAL,2023,I-IV,1,1,1,1,0,0,Univeristy Hospitals Cedar Brainard Office,Lyndhurst,Ohio,44124,41.5018453,-81.47557979999999,0.0,0.0,0.0,0.0,0.0,0.0,0.0,"Univeristy Hospitals Cedar Brainard Office, Lyndhurst, Ohio 44124",University Hospitals Urology Institute,NA,[],"[{'name': 'David J Rowe, MD', 'affiliation': 'University Hospitals', 'role': 'PRINCIPAL_INVESTIGATOR'}]"
NCT04540913,COMPLETED,202.0,ACTUAL,2025,I-III,1,1,1,0,0,0,"United States, Florida",Bradenton,Florida,34209,27.5073732,-82.63754019999999,6.0,10.0,4.0,34.0,350.0,0.0,0.0,"United States, Florida, Bradenton, Florida 34209","Bradenton, FL 34209",N/A,[],[]
NCT06885112,RECRUITING,40.0,ESTIMATED,2025,V-VI,0,0,0,0,1,1,UnionDerm,New York,New York,10003,40.736035,-73.99132399999999,0.0,0.0,0.0,0.0,0.0,0.0,0.0,"UnionDerm, New York, New York 10003",UnionDerm - Union Square,NA,"[{'name': 'Keren Hayut', 'role': 'CONTACT', 'phone': '+972506905252', 'email': 'keren.hayut@lumenis.com'}]",[]
NCT02999763,COMPLETED,70.0,ACTUAL,2019,I-VI,1,1,1,1,1,1,Union Square Laser Dermatology,New York,New York,10003,40.736035,-73.99132399999999,0.0,4.0,0.0,4.0,61.0,0.0,1.0,"Union Square Laser Dermatology, New York, New York 10003",UnionDerm - Union Square,NA,[],"[{'name': 'Ruthie Amir, MD', 'affiliation': 'Syneron Medical', 'role': 'STUDY_DIRECTOR'}]"
NCT02748928,COMPLETED,62.0,ACTUAL,2019,I-VI,1,1,1,1,1,1,Union Square Laser Dermatology,New York,New York,10003,40.736035,-73.99132399999999,3.0,3.0,1.0,3.0,52.0,0.0,0.0,"Union Square Laser Dermatology, New York, New York 10003",UnionDerm - Union Square,NA,[],"[{'name': 'Ruthie Amir, MD', 'affiliation': 'Syneron Medical', 'role': 'STUDY_DIRECTOR'}]"
NCT02286804,COMPLETED,9.0,ACTUAL,2017,I-III,1,1,1,0,0,0,"Ulthera, Inc.",Mesa,Arizona,85204,33.3817582,-111.8090694,0.0,0.0,0.0,0.0,0.0,0.0,0.0,"Ulthera, Inc., Mesa, Arizona 85204","Ulthera, Inc.",NA,[],"[{'name': 'Lisa Misell, PhD', 'affiliation': 'Ulthera, Inc', 'role': 'STUDY_DIRECTOR'}]"
NCT01012713,COMPLETED,30.0,ACTUAL,2015,II,0,1,0,0,0,0,UCSF Psoriasis and Skin Treatment Center,San Francisco,California,94118,37.7858923,-122.4535797,0.0,0.0,0.0,0.0,0.0,0.0,0.0,"UCSF Psoriasis and Skin Treatment Center, San Francisco, California 94118",UCSF Psoriasis and Skin Treatment Center,PHASE4,[],"[{'name': 'John Koo, MD', 'affiliation': 'UCSF Department of Dermatology', 'role': 'PRINCIPAL_INVESTIGATOR'}, {'name': 'Tina Bhutani, MD', 'affiliation': 'UCSF Department of Dermatology', 'role': 'STUDY_DIRECTOR'}]"
NCT05590585,COMPLETED,124.0,ACTUAL,2024,IV,0,0,0,1,0,0,UCSF,San Francisco,California,94118,37.7631044,-122.4578806,0.0,0.0,0.0,0.0,0.0,0.0,0.0,"UCSF, San Francisco, California 94118",UCSF Medical Center,PHASE4,[],"[{'name': 'Clinical Trial Management', 'affiliation': 'Regeneron Pharmaceuticals', 'role': 'STUDY_DIRECTOR'}]"
NCT05590585,COMPLETED,124.0,ACTUAL,2024,IV,0,0,0,1,0,0,UCSD/ Rady Children's Hospital,San Diego,California,92123,32.7979816,-117.1512449,0.0,0.0,0.0,0.0,0.0,0.0,0.0,"UCSD/ Rady Children's Hospital, San Diego, California 92123",Rady Children’s Hospital - San Diego,PHASE4,[],"[{'name': 'Clinical Trial Management', 'affiliation': 'Regeneron Pharmaceuticals', 'role': 'STUDY_DIRECTOR'}]"
NCT05372419,COMPLETED,90.0,ACTUAL,2025,IV-VI,0,0,0,1,1,1,UConn Health,Farmington,Connecticut,06030-2840,41.7322247,-72.79146159999999,6.0,10.0,4.0,70.0,0.0,0.0,0.0,"UConn Health, Farmington, Connecticut 06030-2840",UConn Health,PHASE3,[],"[{'name': 'Call 1-877-CTLILLY (1-877-285-4559) or 1-317-615-4559 Mon - Fri 9 AM - 5 PM Eastern time (UTC/GMT - 5 hours, EST)', 'affiliation': 'Eli Lilly and Company', 'role': 'STUDY_DIRECTOR'}]"
NCT07006636,NOT_YET_RECRUITING,22.0,ESTIMATED,2025,II-IV,0,1,1,1,0,0,UCLA Center for Human Nutrition,Los Angeles,California,90095,34.0667717,-118.446088,0.0,0.0,0.0,0.0,0.0,0.0,0.0,"UCLA Center for Human Nutrition, Los Angeles, California 90095",Center For Human Nutrition,NA,"[{'name': 'Tatiana Diacova, PhD, MS, RDN', 'role': 'CONTACT', 'phone': '3102068292', 'email': 'tdiacova@mednet.ucla.edu'}]","[{'name': 'Zhaoping Li, MD, PhD', 'affiliation': 'University of California, Los Angeles', 'role': 'PRINCIPAL_INVESTIGATOR'}]"
NCT04352504,COMPLETED,40.0,ACTUAL,2020,II-IV,0,1,1,1,0,0,UCLA Center for Human Nutrition,Los Angeles,California,90095,34.0667717,-118.446088,0.0,0.0,0.0,0.0,0.0,0.0,0.0,"UCLA Center for Human Nutrition, Los Angeles, California 90095",Center For Human Nutrition,NA,[],"[{'name': 'Zhaoping Li', 'affiliation': 'University of California, Los Angeles', 'role': 'PRINCIPAL_INVESTIGATOR'}]"
NCT05102604,COMPLETED,40.0,ACTUAL,2021,II-IV,0,1,1,1,0,0,UCLA Center for Human Nutrition,Los Angeles,California,90024,34.0667717,-118.446088,0.0,0.0,0.0,0.0,0.0,0.0,0.0,"UCLA Center for Human Nutrition, Los Angeles, California 90024",Center For Human Nutrition,NA,[],[]
NCT06879626,RECRUITING,60.0,ESTIMATED,2025,II-IV,0,1,1,1,0,0,UCLA Center for Human Nutrition,Los Angeles,California,90095,34.0667717,-118.446088,0.0,0.0,0.0,0.0,0.0,0.0,0.0,"UCLA Center for Human Nutrition, Los Angeles, California 90095",Center For Human Nutrition,NA,"[{'name': 'Tatiana Diacova, PhD, RD', 'role': 'CONTACT', 'phone': '310-206-8292', 'email': 'tdiacova@mednet.ucla.edu'}]","[{'name': 'Zhaoping Li, MD, PhD', 'affiliation': 'University of California, Los Angeles', 'role': 'PRINCIPAL_INVESTIGATOR'}]"
NCT03496584,TERMINATED,35.0,ACTUAL,2021,II-IV,0,1,1,1,0,0,UCLA Center for Human Nutriiton,Los Angeles,California,90095,34.0667717,-118.446088,0.0,0.0,0.0,0.0,0.0,0.0,0.0,"UCLA Center for Human Nutriiton, Los Angeles, California 90095",Center For Human Nutrition,NA,[],"[{'name': 'Zhaoping Li, MD, PhD', 'affiliation': 'University of California, Los Angeles', 'role': 'PRINCIPAL_INVESTIGATOR'}]"
NCT05171894,RECRUITING,84.0,ESTIMATED,2024,I-VI,1,1,1,1,1,1,UCI Health Beckman Laser Institute & Medical Clinic,Irvine,California,92697,33.6440797,-117.8499546,0.0,0.0,0.0,0.0,0.0,0.0,0.0,"UCI Health Beckman Laser Institute & Medical Clinic, Irvine, California 92697",UCI Health Beckman Laser Institute & Medical Clinic,PHASE2,"[{'name': 'Xuejing Cheng', 'role': 'CONTACT', 'phone': '00-86-021-58953355', 'email': 'xjcheng@fd-zj.com'}]",[]
NCT00585715,COMPLETED,22.0,ACTUAL,2022,I-IV,1,1,1,1,0,0,UC Irvine Dermatology Clinical Research Center,Irvine,California,92697,33.6416654,-117.8522974,0.0,0.0,0.0,0.0,0.0,0.0,0.0,"UC Irvine Dermatology Clinical Research Center, Irvine, California 92697",UCI Health Dermatology Center,NA,[],"[{'name': 'Kristen M Kelly, M.D.', 'affiliation': 'University of California, Irvine', 'role': 'PRINCIPAL_INVESTIGATOR'}]"
NCT00585286,COMPLETED,15.0,ACTUAL,2014,I-V,1,1,1,1,1,0,UC Irvine Dermatology Clinical Research Center,Irvine,California,92697,33.6416654,-117.8522974,0.0,0.0,0.0,0.0,0.0,0.0,0.0,"UC Irvine Dermatology Clinical Research Center, Irvine, California 92697",UCI Health Dermatology Center,"PHASE1, PHASE2",[],"[{'name': 'Christopher B Zachary, MBBS, FRCP', 'affiliation': 'University of California, Irvine', 'role': 'PRINCIPAL_INVESTIGATOR'}, {'name': 'Brian D Zelickson, MD', 'affiliation': 'Department of Dermatology, University of Minnesota, Minneapolis, Minnesota', 'role': 'PRINCIPAL_INVESTIGATOR'}]"
NCT05011461,COMPLETED,40.0,ACTUAL,2023,"I, II",1,1,0,0,0,0,"UC Davis Department of Dermatology, Clinical Trials Unit",Sacramento,California,95816,38.5798159,-121.4573179,0.0,0.0,0.0,0.0,0.0,0.0,0.0,"UC Davis Department of Dermatology, Clinical Trials Unit, Sacramento, California 95816",UC Davis Health Dermatology,NA,[],"[{'name': 'Raja Sivamani, M.D.', 'affiliation': 'UC Davis Dermatology', 'role': 'PRINCIPAL_INVESTIGATOR'}]"
NCT02954315,COMPLETED,31.0,ACTUAL,2018,"I, II",1,1,0,0,0,0,"UC Davis Department of Dermatology, Clinical Trials Unit",Sacramento,California,95816,38.5798159,-121.4573179,0.0,0.0,0.0,0.0,0.0,0.0,0.0,"UC Davis Department of Dermatology, Clinical Trials Unit, Sacramento, California 95816",UC Davis Health Dermatology,NA,[],"[{'name': 'Raja K Sivamani, M.D.', 'affiliation': 'UC Davis', 'role': 'PRINCIPAL_INVESTIGATOR'}]"
NCT03729700,COMPLETED,60.0,ACTUAL,2021,"I, II",1,1,0,0,0,0,"UC Davis Department of Dermatology, Clinical Trials Unit",Sacramento,California,95816,38.5798159,-121.4573179,0.0,0.0,0.0,0.0,0.0,0.0,0.0,"UC Davis Department of Dermatology, Clinical Trials Unit, Sacramento, California 95816",UC Davis Health Dermatology,NA,[],[]
NCT04875715,RECRUITING,50.0,ESTIMATED,2025,III-VI,0,0,1,1,1,1,"UC Davis Department of Dermatology, Clinical Trials Unit",Sacramento,California,95816,38.5798159,-121.4573179,0.0,0.0,0.0,0.0,0.0,0.0,0.0,"UC Davis Department of Dermatology, Clinical Trials Unit, Sacramento, California 95816",UC Davis Health Dermatology,PHASE4,"[{'name': 'Iryna Rybak', 'role': 'CONTACT', 'phone': '916-551-2636', 'email': 'irybak@ucdavis.edu'}, {'name': 'Alexis Carrington', 'role': 'CONTACT', 'phone': '', 'email': 'aecarrington@ucdavis.edu'}]","[{'name': 'Raja Sivamani, MD MS AP', 'affiliation': 'UC Davis Dermatology', 'role': 'PRINCIPAL_INVESTIGATOR'}]"
NCT01053819,COMPLETED,6.0,ACTUAL,2018,"I, II, III",1,1,1,0,0,0,UAB Dermatology,Birmingham,Alabama,35233,33.5085907,-86.7985726,0.0,0.0,0.0,0.0,0.0,0.0,0.0,"UAB Dermatology, Birmingham, Alabama 35233",UAB Dermatology,PHASE4,[],"[{'name': 'Boni E Elewski, MD', 'affiliation': 'University of Alabama at Birmingham', 'role': 'PRINCIPAL_INVESTIGATOR'}]"
NCT00089180,COMPLETED,100.0,ACTUAL,2015,"I, II, III",1,1,1,0,0,0,UAB Comprehensive Cancer Center,Birmingham,Alabama,35294,33.5063334,-86.8025217,0.0,0.0,0.0,0.0,0.0,0.0,0.0,"UAB Comprehensive Cancer Center, Birmingham, Alabama 35294",O'Neal Comprehensive Cancer Center at UAB,PHASE2,[],"[{'name': 'Craig Elmets', 'affiliation': 'University of Alabama at Birmingham', 'role': 'PRINCIPAL_INVESTIGATOR'}]"
NCT00865878,TERMINATED,6.0,ACTUAL,2011,I-IV,1,1,1,1,0,0,Tufts Medical Center,Boston,Massachusetts,02111,42.34966499999999,-71.06270119999999,0.0,0.0,0.0,0.0,0.0,0.0,0.0,"Tufts Medical Center, Boston, Massachusetts 02111",Tufts Medical Center,PHASE2,[],"[{'name': 'Stuart L Marcus, MD, PhD', 'affiliation': 'Sponsor GmbH', 'role': 'STUDY_DIRECTOR'}]"
NCT06349356,COMPLETED,101.0,ACTUAL,2024,I-IV,1,1,1,1,0,0,Triangle Eye Consultants,Raleigh,North Carolina,27617,35.9033504,-78.8024182,0.0,0.0,0.0,0.0,0.0,0.0,0.0,"Triangle Eye Consultants, Raleigh, North Carolina 27617",Triangle Eye Consultants,NA,[],[]
NCT06349356,COMPLETED,101.0,ACTUAL,2024,I-IV,1,1,1,1,0,0,Toyos Clinic,Nashville,Tennessee,37215,36.1009844,-86.82129359999999,0.0,0.0,0.0,0.0,0.0,0.0,0.0,"Toyos Clinic, Nashville, Tennessee 37215",Toyos Clinic,NA,[],[]
NCT05168670,COMPLETED,20.0,ACTUAL,2022,I-V,1,1,1,1,1,0,Toyos Clinic,Nashville,Tennessee,37215,36.1009844,-86.82129359999999,0.0,0.0,0.0,0.0,0.0,0.0,0.0,"Toyos Clinic, Nashville, Tennessee 37215",Toyos Clinic,NA,[],"[{'name': 'Rolando Toyos, MD', 'affiliation': 'Toyos Clinic (Nashville, TN, USA)', 'role': 'PRINCIPAL_INVESTIGATOR'}]"
NCT05372419,COMPLETED,90.0,ACTUAL,2025,IV-VI,0,0,0,1,1,1,"Total Skin and Beauty Dermatology Center, PC",Birmingham,Alabama,35205,33.5140873,-86.80576479999999,6.0,10.0,4.0,70.0,0.0,0.0,0.0,"Total Skin and Beauty Dermatology Center, PC, Birmingham, Alabama 35205",Total Dermatology,PHASE3,[],"[{'name': 'Call 1-877-CTLILLY (1-877-285-4559) or 1-317-615-4559 Mon - Fri 9 AM - 5 PM Eastern time (UTC/GMT - 5 hours, EST)', 'affiliation': 'Eli Lilly and Company', 'role': 'STUDY_DIRECTOR'}]"
NCT05590585,COMPLETED,124.0,ACTUAL,2024,IV,0,0,0,1,0,0,Total Skin & Beauty Dermatology Center,Birmingham,Alabama,35203,33.5140873,-86.80576479999999,0.0,0.0,0.0,0.0,0.0,0.0,0.0,"Total Skin & Beauty Dermatology Center, Birmingham, Alabama 35203",Total Dermatology,PHASE4,[],"[{'name': 'Clinical Trial Management', 'affiliation': 'Regeneron Pharmaceuticals', 'role': 'STUDY_DIRECTOR'}]"
NCT02575950,COMPLETED,59.0,ACTUAL,2025,I-III,1,1,1,0,0,0,Torrance Clinical Research Institute Inc.,Lomita,California,90717,33.815136,-118.3277559,0.0,0.0,0.0,0.0,0.0,0.0,0.0,"Torrance Clinical Research Institute Inc., Lomita, California 90717","Paradigm Clinical Research Institute, Inc",PHASE2,[],"[{'name': 'Hala Koudsi, MD', 'affiliation': 'Torrance Clinical Research Institute Inc.', 'role': 'PRINCIPAL_INVESTIGATOR'}]"
NCT06633731,COMPLETED,11.0,ACTUAL,2024,"V, VI",0,0,0,0,1,1,Tone Dermatology,Chicago,Illinois,60616,41.8557201,-87.6251463,0.0,0.0,0.0,0.0,0.0,0.0,0.0,"Tone Dermatology, Chicago, Illinois 60616","Tone Dermatology - Dr. Caroline Robinson, MD, FAAD",NA,[],[]
NCT05844735,COMPLETED,60.0,ACTUAL,2025,All,1,1,1,1,1,1,"TKL Research, Inc. Site Number : 8400001",Fair Lawn,New Jersey,07410,40.94038,-74.13181,0.0,0.0,0.0,0.0,0.0,0.0,0.0,SKIP,,PHASE1,[],"[{'name': 'Clinical Sciences & Operations', 'affiliation': 'Sanofi', 'role': 'STUDY_DIRECTOR'}]"
NCT01787461,COMPLETED,194.0,ACTUAL,2015,I-IV,1,1,1,1,0,0,"TKL Research, Inc.",Fair Lawn,New Jersey,07410,40.9426829,-74.1287078,0.0,0.0,0.0,0.0,0.0,0.0,0.0,"TKL Research, Inc., Fair Lawn, New Jersey 07410",TKL Research,PHASE4,[],"[{'name': 'Pfizer CT.gov Call Center', 'affiliation': 'Pfizer', 'role': 'STUDY_DIRECTOR'}]"
NCT04147260,COMPLETED,85.0,ACTUAL,2023,"I, II, III",1,1,1,0,0,0,"TKL Research, Inc.",Fair Lawn,New Jersey,07410,40.9426829,-74.1287078,0.0,4.0,2.0,0.0,160.0,0.0,4.0,"TKL Research, Inc., Fair Lawn, New Jersey 07410",TKL Research,PHASE1,[],[]
NCT06369727,COMPLETED,250.0,ACTUAL,2024,All,1,1,1,1,1,1,"TKL Research, Inc",Fair Lawn,New Jersey,07410,40.9426829,-74.1287078,0.0,0.0,0.0,0.0,0.0,0.0,0.0,"TKL Research, Inc, Fair Lawn, New Jersey 07410",TKL Research,PHASE1,[],[]
NCT06369675,COMPLETED,45.0,ACTUAL,2024,All,1,1,1,1,1,1,"TKL Research, Inc",Fair Lawn,New Jersey,07410,40.9426829,-74.1287078,0.0,0.0,0.0,0.0,0.0,0.0,0.0,"TKL Research, Inc, Fair Lawn, New Jersey 07410",TKL Research,PHASE1,[],"[{'name': 'Jonathan S Dosik, MD', 'affiliation': 'TKL Research', 'role': 'PRINCIPAL_INVESTIGATOR'}]"
NCT02650505,COMPLETED,233.0,ACTUAL,2025,I-IV,1,1,1,1,0,0,TKL Research Inc.,Fair Lawn,New Jersey,07410,40.9426829,-74.1287078,0.0,0.0,0.0,0.0,0.0,0.0,0.0,"TKL Research Inc., Fair Lawn, New Jersey 07410",TKL Research,PHASE1,[],[]
NCT03899064,COMPLETED,58.0,ACTUAL,2020,All,1,1,1,1,1,1,TKL Research Inc.,Fair Lawn,New Jersey,07410,40.9426829,-74.1287078,0.0,0.0,0.0,2.0,56.0,0.0,0.0,"TKL Research Inc., Fair Lawn, New Jersey 07410",TKL Research,PHASE1,[],"[{'name': 'Jonathan S Dosik, MD', 'affiliation': 'TKL Research', 'role': 'PRINCIPAL_INVESTIGATOR'}]"
NCT01686295,UNKNOWN,100.0,ESTIMATED,2012,I-IV,1,1,1,1,0,0,TKL Research Inc.,Paramus,New Jersey,07652,40.9172913,-74.05181639999999,0.0,0.0,0.0,0.0,0.0,0.0,0.0,"TKL Research Inc., Paramus, New Jersey 07652","TKL Research, Inc",NA,[],"[{'name': 'Jonathan Dosik, MD', 'affiliation': 'TKL Research, Inc.', 'role': 'PRINCIPAL_INVESTIGATOR'}]"
NCT03365934,COMPLETED,35.0,ACTUAL,2019,I-III,1,1,1,0,0,0,TKL Research Inc.,Fair Lawn,New Jersey,07410,40.9426829,-74.1287078,0.0,0.0,0.0,0.0,35.0,0.0,0.0,"TKL Research Inc., Fair Lawn, New Jersey 07410",TKL Research,NA,[],"[{'name': 'Philip Lastella, MD', 'affiliation': 'TKL Research, Inc.', 'role': 'PRINCIPAL_INVESTIGATOR'}]"
NCT01830764,COMPLETED,12.0,ACTUAL,2021,I-IV,1,1,1,1,0,0,TKL Research Inc (Research Clinics Division),Paramus,New Jersey,07652,40.9172913,-74.05181639999999,0.0,0.0,0.0,0.0,0.0,0.0,0.0,"TKL Research Inc (Research Clinics Division), Paramus, New Jersey 07652","TKL Research, Inc",PHASE1,[],"[{'name': 'Jonathan S Dosik, MD', 'affiliation': 'TKL Research Inc (Research Clinics Division)', 'role': 'PRINCIPAL_INVESTIGATOR'}]"
NCT03892564,COMPLETED,35.0,ACTUAL,2020,All,1,1,1,1,1,1,TKL Research Inc,Fair Lawn,New Jersey,07410,40.9426829,-74.1287078,0.0,1.0,0.0,0.0,34.0,0.0,0.0,"TKL Research Inc, Fair Lawn, New Jersey 07410",TKL Research,PHASE1,[],"[{'name': 'Jonathan S Dorsik', 'affiliation': 'TKL Research, Inc.', 'role': 'PRINCIPAL_INVESTIGATOR'}]"
NCT03473197,COMPLETED,61.0,ACTUAL,2020,All,1,1,1,1,1,1,TKL Research,Fair Lawn,New Jersey,07410,40.9426829,-74.1287078,0.0,0.0,0.0,0.0,61.0,0.0,0.0,"TKL Research, Fair Lawn, New Jersey 07410",TKL Research,PHASE1,[],"[{'name': 'Mary Spellman, MD', 'affiliation': 'Castle Creek Pharmaceuticals, LLC', 'role': 'STUDY_CHAIR'}]"
NCT03473184,COMPLETED,34.0,ACTUAL,2020,All,1,1,1,1,1,1,TKL Research,Fair Lawn,New Jersey,07410,40.9426829,-74.1287078,0.0,1.0,0.0,0.0,33.0,0.0,0.0,"TKL Research, Fair Lawn, New Jersey 07410",TKL Research,PHASE1,[],"[{'name': 'Mary Spellman, MD', 'affiliation': 'Castle Creek Pharmaceuticals, LLC', 'role': 'STUDY_CHAIR'}]"
NCT02321644,COMPLETED,26.0,ACTUAL,2015,"I, II",1,1,0,0,0,0,TKL Research,Fair Lawn,New Jersey,07410,40.9426829,-74.1287078,0.0,0.0,0.0,0.0,0.0,0.0,0.0,"TKL Research, Fair Lawn, New Jersey 07410",TKL Research,PHASE1,[],"[{'name': 'Daniel Weiss, MD', 'affiliation': 'Celgene Corporation', 'role': 'STUDY_DIRECTOR'}]"
NCT03472547,COMPLETED,234.0,ACTUAL,2019,All,1,1,1,1,1,1,TKL Research,Fair Lawn,New Jersey,07410,40.9426829,-74.1287078,0.0,0.0,0.0,166.0,68.0,0.0,0.0,"TKL Research, Fair Lawn, New Jersey 07410",TKL Research,PHASE1,[],"[{'name': 'Mary Spellman, MD', 'affiliation': 'Castle Creek Pharmaceuticals, LLC', 'role': 'STUDY_CHAIR'}]"
NCT03472534,COMPLETED,46.0,ACTUAL,2020,All,1,1,1,1,1,1,TKL Research,Fair Lawn,New Jersey,07410,40.9426829,-74.1287078,0.0,1.0,0.0,27.0,18.0,0.0,0.0,"TKL Research, Fair Lawn, New Jersey 07410",TKL Research,PHASE1,[],"[{'name': 'Mary Spellman, MD', 'affiliation': 'Castle Creek Pharmaceuticals, LLC', 'role': 'STUDY_CHAIR'}]"
NCT00818311,COMPLETED,100.0,ACTUAL,2009,I-VI,1,1,1,1,1,1,"Thomas Stephens and Associates, Inc",Carrollton,Texas,75006,32.8269918,-96.9067304,0.0,0.0,0.0,0.0,0.0,0.0,0.0,"Thomas Stephens and Associates, Inc, Carrollton, Texas 75006",S.THOMAS & ASSOCIATES,NA,[],"[{'name': 'James H Herndon, MD', 'affiliation': 'Thomas Stephens and Associates, Inc', 'role': 'PRINCIPAL_INVESTIGATOR'}]"
NCT04510103,COMPLETED,46.0,ACTUAL,2020,I-IV,1,1,1,1,0,0,"Thomas J. Stephens & Associates, Inc.",Colorado Springs,Colorado,80915,38.8407346,-104.7343604,0.0,0.0,0.0,0.0,0.0,0.0,0.0,"Thomas J. Stephens & Associates, Inc., Colorado Springs, Colorado 80915","Thomas J. Stephens & Associates, Inc. Colorado Research Center",NA,[],"[{'name': 'Neena Tierney', 'affiliation': 'Johnson & Johnson Consumer Inc. (J&JCI)', 'role': 'STUDY_DIRECTOR'}, {'name': 'Kun ""Mark"" Qian, M.D.', 'affiliation': 'Thomas J. Stephens & Associates, Inc.', 'role': 'PRINCIPAL_INVESTIGATOR'}]"
NCT04040933,COMPLETED,36.0,ACTUAL,2023,"II, III",0,1,1,0,0,0,Thomas J. Stephens,Richardson,Texas,75081,32.94818,-96.72972,0.0,3.0,0.0,0.0,33.0,0.0,0.0,"Thomas J. Stephens, Richardson, Texas 75081",NO_RESULTS_FOUND,NA,[],"[{'name': 'Lily Jiang, PhD', 'affiliation': 'Thomas J. Stephens & Associates, Inc.', 'role': 'PRINCIPAL_INVESTIGATOR'}]"
NCT00594425,COMPLETED,150.0,ACTUAL,2013,I-IV,1,1,1,1,0,0,Therapeutics Clinical Research,San Diego,California,92123,32.8212298,-117.1340553,0.0,0.0,0.0,0.0,0.0,0.0,0.0,"Therapeutics Clinical Research, San Diego, California 92123",Therapeutics Inc.,PHASE2,[],"[{'name': 'David Pariser, MD', 'affiliation': 'AAD', 'role': 'PRINCIPAL_INVESTIGATOR'}]"
NCT00891774,COMPLETED,172.0,ACTUAL,2019,"IV, V, VI",0,0,0,1,1,1,The Vitiligo and Pigmentation Institute of Southern California,Los Angeles,California,90036,34.0620079,-118.3521759,4.0,6.0,0.0,135.0,17.0,0.0,10.0,"The Vitiligo and Pigmentation Institute of Southern California, Los Angeles, California 90036",Vitiligo & Pigmentation Institute of Southern California,NA,[],"[{'name': 'David Shoshani, MD', 'affiliation': 'Colbar/OrthoDermatologics', 'role': 'STUDY_DIRECTOR'}]"
NCT05590585,COMPLETED,124.0,ACTUAL,2024,IV,0,0,0,1,0,0,The University Of Alabama At Birmingham,Birmingham,Alabama,35233,33.502086,-86.8051588,0.0,0.0,0.0,0.0,0.0,0.0,0.0,"The University Of Alabama At Birmingham, Birmingham, Alabama 35233",University of Alabama at Birmingham,PHASE4,[],"[{'name': 'Clinical Trial Management', 'affiliation': 'Regeneron Pharmaceuticals', 'role': 'STUDY_DIRECTOR'}]"
NCT04829227,COMPLETED,45.0,ACTUAL,2022,I-VI,1,1,1,1,1,1,"The Practice of Brian S. Biesman, MD",Nashville,Tennessee,37203,36.1550413,-86.8097162,0.0,0.0,0.0,0.0,0.0,0.0,0.0,"The Practice of Brian S. Biesman, MD, Nashville, Tennessee 37203","Brian S. Biesman, M.D.",PHASE3,[],"[{'name': 'Ruthie Amir, MD', 'affiliation': 'Sofwave', 'role': 'STUDY_DIRECTOR'}]"
NCT03573271,UNKNOWN,20.0,ESTIMATED,2018,I-IV,1,1,1,1,0,0,"The Practice of Brian S. Biesman, M.D",Nashville,Tennessee,37203,36.1550413,-86.8097162,0.0,0.0,0.0,0.0,0.0,0.0,0.0,"The Practice of Brian S. Biesman, M.D, Nashville, Tennessee 37203","Brian S. Biesman, M.D.",NA,[],[]
NCT03583918,COMPLETED,50.0,ACTUAL,2018,"I, II, III",1,1,1,0,0,0,"The Practice of Brian S. Biesman, M.D",Nashville,Tennessee,37203,36.1550413,-86.8097162,0.0,0.0,0.0,0.0,0.0,0.0,0.0,"The Practice of Brian S. Biesman, M.D, Nashville, Tennessee 37203","Brian S. Biesman, M.D.",NA,[],"[{'name': 'Patricia E Krantz, MBA', 'affiliation': 'Cytrellis Biosystems, Inc.', 'role': 'STUDY_DIRECTOR'}]"
NCT05755139,COMPLETED,60.0,ACTUAL,2023,I-V,1,1,1,1,1,0,The Pearl Dermatology,Houston,Texas,77027,29.7544425,-95.4534149,0.0,0.0,0.0,0.0,0.0,0.0,0.0,"The Pearl Dermatology, Houston, Texas 77027","The Pearl Dermatology, PLLC",NA,[],"[{'name': 'Daniel Friedmann, MD', 'affiliation': 'Westlake dermatology', 'role': 'PRINCIPAL_INVESTIGATOR'}, {'name': 'Jennifer Deaver', 'affiliation': 'The Pearl Dermatology', 'role': 'PRINCIPAL_INVESTIGATOR'}]"
NCT03793348,UNKNOWN,35.0,ESTIMATED,2019,I-IV,1,1,1,1,0,0,"The Office of Brian Biesman, M.D.",Nashville,Tennessee,37203,36.1550413,-86.8097162,0.0,0.0,0.0,0.0,0.0,0.0,0.0,"The Office of Brian Biesman, M.D., Nashville, Tennessee 37203","Brian S. Biesman, M.D.",NA,[],[]
NCT01430195,COMPLETED,56.0,ACTUAL,2013,III-VI,0,0,1,1,1,1,The Mount Sinai School of Medicine,New York,New York,10029,40.79001179999999,-73.95374140000001,0.0,0.0,0.0,0.0,0.0,0.0,0.0,"The Mount Sinai School of Medicine, New York, New York 10029",Icahn School of Medicine at Mount Sinai,PHASE1,[],"[{'name': 'Henry Lim, MD', 'affiliation': 'Henry Ford Hospital, 3031 W. Grand Blvd., Suite 800, Detroit, MI 48202, USA', 'role': 'PRINCIPAL_INVESTIGATOR'}]"
NCT00865878,TERMINATED,6.0,ACTUAL,2011,I-IV,1,1,1,1,0,0,The Mount Sinai Medical Center,New York,New York,10029,40.7899484,-73.9524454,0.0,0.0,0.0,0.0,0.0,0.0,0.0,"The Mount Sinai Medical Center, New York, New York 10029",The Mount Sinai Hospital,PHASE2,[],"[{'name': 'Stuart L Marcus, MD, PhD', 'affiliation': 'Sponsor GmbH', 'role': 'STUDY_DIRECTOR'}]"
NCT01597323,COMPLETED,61.0,ACTUAL,2019,I-VI,1,1,1,1,1,1,"The Maryland Laser, Skin and Vein Institute",Hunt Valley,Maryland,21030,39.472291,-76.6368194,0.0,0.0,0.0,0.0,0.0,0.0,0.0,"The Maryland Laser, Skin and Vein Institute, Hunt Valley, Maryland 21030","Maryland Dermatology, Laser, Skin & Vein Institute",N/A,[],"[{'name': 'Alan H Gold, MD', 'affiliation': 'Board Certified Plastic Surgeon, American Board of Plastic Surgeons', 'role': 'PRINCIPAL_INVESTIGATOR'}, {'name': 'Robert Weiss, MD', 'affiliation': 'Board Certified Dermatologist, American Board of Medical Specialties', 'role': 'PRINCIPAL_INVESTIGATOR'}, {'name': 'Jason N Pozner, MD', 'affiliation': 'Board Certified Plastic Surgeon, American Board of Plastic Surgeons', 'role': 'PRINCIPAL_INVESTIGATOR'}]"
NCT02145364,COMPLETED,20.0,ACTUAL,2017,All,1,1,1,1,1,1,The Maas Clinic,San Francisco,California,94115,37.7910203,-122.4329782,0.0,0.0,0.0,0.0,0.0,0.0,0.0,"The Maas Clinic, San Francisco, California 94115",The Maas Clinic San Francisco,NA,[],"[{'name': 'John Joseph, MD', 'affiliation': 'Clinical Testing of Beverly Hills', 'role': 'PRINCIPAL_INVESTIGATOR'}, {'name': 'Corey Maas, MD', 'affiliation': 'The Maas Clinic', 'role': 'PRINCIPAL_INVESTIGATOR'}]"
NCT03125655,RECRUITING,13.0,ESTIMATED,2025,"I, II, III, IV, V, VI",1,1,1,1,1,1,The Kirklin Clinic,Birmingham,Alabama,35294,33.5078205,-86.8000569,0.0,0.0,0.0,0.0,0.0,0.0,0.0,"The Kirklin Clinic, Birmingham, Alabama 35294",The Kirklin Clinic of UAB Hospital,N/A,[],[]
NCT03122366,COMPLETED,392.0,ACTUAL,2023,I-IV,1,1,1,1,0,0,The Kirklin Clinic,Birmingham,Alabama,35294,33.5078205,-86.8000569,0.0,0.0,0.0,0.0,0.0,0.0,0.0,"The Kirklin Clinic, Birmingham, Alabama 35294",The Kirklin Clinic of UAB Hospital,N/A,[],"[{'name': 'Nabiha Yusuf', 'affiliation': 'University of Alabama at Birmingham', 'role': 'PRINCIPAL_INVESTIGATOR'}]"
NCT00594425,COMPLETED,150.0,ACTUAL,2013,I-IV,1,1,1,1,0,0,"The Education & Research Foundation, Inc.",Lynchburg,Virginia,24501-1604,37.3739551,-79.2570973,0.0,0.0,0.0,0.0,0.0,0.0,0.0,"The Education & Research Foundation, Inc., Lynchburg, Virginia 24501-1604",ERF- Education & Research Foundation,PHASE2,[],"[{'name': 'David Pariser, MD', 'affiliation': 'AAD', 'role': 'PRINCIPAL_INVESTIGATOR'}]"
NCT04740892,COMPLETED,31.0,ACTUAL,2024,I-VI,1,1,1,1,1,1,"The Education & Research Foundation, Inc.",Lynchburg,Virginia,24591,37.3739551,-79.2570973,0.0,0.0,0.0,0.0,0.0,0.0,0.0,"The Education & Research Foundation, Inc., Lynchburg, Virginia 24591",ERF- Education & Research Foundation,NA,[],"[{'name': 'Zoe Diana Draelos, MD', 'affiliation': 'Dermatology Consulting Services, PLLC', 'role': 'PRINCIPAL_INVESTIGATOR'}, {'name': 'Laura M Brooks, M.D.', 'affiliation': 'The Education & Research Foundation, Inc.', 'role': 'PRINCIPAL_INVESTIGATOR'}]"
NCT01787461,COMPLETED,194.0,ACTUAL,2015,I-IV,1,1,1,1,0,0,"The Education & Research Foundation, Inc.",Lynchburg,Virginia,24501,37.3739551,-79.2570973,0.0,0.0,0.0,0.0,0.0,0.0,0.0,"The Education & Research Foundation, Inc., Lynchburg, Virginia 24501",ERF- Education & Research Foundation,PHASE4,[],"[{'name': 'Pfizer CT.gov Call Center', 'affiliation': 'Pfizer', 'role': 'STUDY_DIRECTOR'}]"
NCT03841032,COMPLETED,35.0,ACTUAL,2019,I-III,1,1,1,0,0,0,"The Education & Research Foundation, Inc.",Lynchburg,Virginia,24501,37.3739551,-79.2570973,0.0,0.0,0.0,0.0,0.0,0.0,0.0,"The Education & Research Foundation, Inc., Lynchburg, Virginia 24501",ERF- Education & Research Foundation,NA,[],[]
NCT02260180,COMPLETED,119.0,ACTUAL,2020,I-IV,1,1,1,1,0,0,"The Education & Research Foundation, Inc.",Lynchburg,Virginia,24501,37.3739551,-79.2570973,0.0,2.0,0.0,0.0,236.0,0.0,0.0,"The Education & Research Foundation, Inc., Lynchburg, Virginia 24501",ERF- Education & Research Foundation,PHASE2,[],"[{'name': 'Brian Beger, BS', 'affiliation': 'Aclaris Therapeutics, Inc.', 'role': 'STUDY_DIRECTOR'}]"
NCT02217228,COMPLETED,394.0,ACTUAL,2017,"I, II, III",1,1,1,0,0,0,The Dermatology Institute-DuPage Medical Group,Naperville,Illinois,60563,41.8084986,-88.20120779999999,0.0,0.0,0.0,0.0,0.0,0.0,0.0,"The Dermatology Institute-DuPage Medical Group, Naperville, Illinois 60563",Duly Health and Care,NA,[],[]
NCT06366503,COMPLETED,23.0,ACTUAL,2025,I-III,1,1,1,0,0,0,The Dermatology Group,Blue Ash,Ohio,45242,39.22647449999999,-84.3789845,0.0,0.0,0.0,0.0,0.0,0.0,0.0,"The Dermatology Group, Blue Ash, Ohio 45242",The Dermatology Group,NA,[],"[{'name': 'Nathan Weir, MD, PhD', 'affiliation': 'The Dermatology Group', 'role': 'PRINCIPAL_INVESTIGATOR'}]"
NCT00594425,COMPLETED,150.0,ACTUAL,2013,I-IV,1,1,1,1,0,0,The Dermatology Clinical Research Center of San Antonio,San Antonio,Texas,78229,29.5095265,-98.5679855,0.0,0.0,0.0,0.0,0.0,0.0,0.0,"The Dermatology Clinical Research Center of San Antonio, San Antonio, Texas 78229",Dermatology Clinical Research Center,PHASE2,[],"[{'name': 'David Pariser, MD', 'affiliation': 'AAD', 'role': 'PRINCIPAL_INVESTIGATOR'}]"
NCT00891774,COMPLETED,172.0,ACTUAL,2019,"IV, V, VI",0,0,0,1,1,1,The Boyd Gillard Institute of Aesthetic & Dermatology Surgery,Ypsilanti,Michigan,48197,42.25902420000001,-83.6618808,4.0,6.0,0.0,135.0,17.0,0.0,10.0,"The Boyd Gillard Institute of Aesthetic & Dermatology Surgery, Ypsilanti, Michigan 48197","Montgomery Gillard, MD",NA,[],"[{'name': 'David Shoshani, MD', 'affiliation': 'Colbar/OrthoDermatologics', 'role': 'STUDY_DIRECTOR'}]"
NCT01984619,COMPLETED,47.0,ACTUAL,2015,"I, II, III, IV",1,1,1,1,0,0,The Aesthetics Research Center,Redwood City,California,94043,37.48522,-122.23635,0.0,0.0,0.0,0.0,0.0,0.0,0.0,"The Aesthetics Research Center, Redwood City, California 94043",NO_RESULTS_FOUND,N/A,[],[]
NCT06351293,ACTIVE_NOT_RECRUITING,15.0,ESTIMATED,2024,All,1,1,1,1,1,1,The Aesthetic Clinique,Santa Rosa Beach,Florida,32459,30.3413907,-86.20004929999999,0.0,0.0,0.0,0.0,0.0,0.0,0.0,"The Aesthetic Clinique, Santa Rosa Beach, Florida 32459",Aesthetic Clinique,NA,[],"[{'name': 'Steven Weiner, MD', 'affiliation': 'The Aesthetic Clinique', 'role': 'PRINCIPAL_INVESTIGATOR'}]"
NCT03409965,COMPLETED,21.0,ACTUAL,2018,I-VI,1,1,1,1,1,1,The Aesthetic Clinique,Santa Rosa Beach,Florida,32459,30.3413907,-86.20004929999999,0.0,0.0,0.0,0.0,0.0,0.0,0.0,"The Aesthetic Clinique, Santa Rosa Beach, Florida 32459",Aesthetic Clinique,NA,[],"[{'name': 'Kari Larson, MBA', 'affiliation': 'Sponsor GmbH', 'role': 'STUDY_DIRECTOR'}]"
NCT05372419,COMPLETED,90.0,ACTUAL,2025,IV-VI,0,0,0,1,1,1,Texas Dermatology and Laser Specialists,San Antonio,Texas,78218,29.5057713,-98.4309618,6.0,10.0,4.0,70.0,0.0,0.0,0.0,"Texas Dermatology and Laser Specialists, San Antonio, Texas 78218",Texas Dermatology - Alamo Heights,PHASE3,[],"[{'name': 'Call 1-877-CTLILLY (1-877-285-4559) or 1-317-615-4559 Mon - Fri 9 AM - 5 PM Eastern time (UTC/GMT - 5 hours, EST)', 'affiliation': 'Eli Lilly and Company', 'role': 'STUDY_DIRECTOR'}]"
NCT05590585,COMPLETED,124.0,ACTUAL,2024,IV,0,0,0,1,0,0,Texas Dermatology and Laser Specialists,San Antonio,Texas,78218,29.5057713,-98.4309618,0.0,0.0,0.0,0.0,0.0,0.0,0.0,"Texas Dermatology and Laser Specialists, San Antonio, Texas 78218",Texas Dermatology - Alamo Heights,PHASE4,[],"[{'name': 'Clinical Trial Management', 'affiliation': 'Regeneron Pharmaceuticals', 'role': 'STUDY_DIRECTOR'}]"
NCT02600104,UNKNOWN,74.0,ACTUAL,2017,I-VI,1,1,1,1,1,1,Tennessee Clinical Research Center,Nashville,Tennessee,37215,36.1047241,-86.8094521,0.0,0.0,0.0,0.0,0.0,0.0,0.0,"Tennessee Clinical Research Center, Nashville, Tennessee 37215",Tennessee Clinical Research,NA,[],"[{'name': 'Eric F Bernstein, M.D.', 'affiliation': 'Main Line Center for Laser Surgery', 'role': 'PRINCIPAL_INVESTIGATOR'}]"
NCT02217228,COMPLETED,394.0,ACTUAL,2017,"I, II, III",1,1,1,0,0,0,Tennessee Clinical Research Center,Nashville,Tennessee,37215,36.1047241,-86.8094521,0.0,0.0,0.0,0.0,0.0,0.0,0.0,"Tennessee Clinical Research Center, Nashville, Tennessee 37215",Tennessee Clinical Research,NA,[],[]
NCT04029545,TERMINATED,5.0,ACTUAL,2021,All,1,1,1,1,1,1,Tennessee Clinical Research Center,Nashville,Tennessee,37215,36.1047241,-86.8094521,0.0,0.0,0.0,0.0,10.0,0.0,0.0,"Tennessee Clinical Research Center, Nashville, Tennessee 37215",Tennessee Clinical Research,PHASE3,[],"[{'name': 'Stacy R Smith, MD', 'affiliation': 'California Dermatology & Clinical Research Institute', 'role': 'STUDY_DIRECTOR'}]"
NCT04032977,COMPLETED,158.0,ACTUAL,2021,All,1,1,1,1,1,1,Tennessee Clinical Research Center,Nashville,Tennessee,37215,36.1047241,-86.8094521,0.0,2.0,0.0,54.0,252.0,4.0,4.0,"Tennessee Clinical Research Center, Nashville, Tennessee 37215",Tennessee Clinical Research,N/A,[],[]
NCT06157853,COMPLETED,11.0,ACTUAL,2024,I-VI,1,1,1,1,1,1,Tennessee Clinical Research Center,Nashville,Tennessee,37215,36.1047241,-86.8094521,0.0,0.0,0.0,0.0,0.0,0.0,0.0,"Tennessee Clinical Research Center, Nashville, Tennessee 37215",Tennessee Clinical Research,NA,[],"[{'name': 'Micahel Gold, MD', 'affiliation': 'Tennesse Clinical Research Center', 'role': 'PRINCIPAL_INVESTIGATOR'}]"
NCT02528552,UNKNOWN,80.0,ESTIMATED,2016,I-IV,1,1,1,1,0,0,Tennessee Clinical Research Center,Nashville,Tennessee,37215,36.1047241,-86.8094521,0.0,0.0,0.0,0.0,0.0,0.0,0.0,"Tennessee Clinical Research Center, Nashville, Tennessee 37215",Tennessee Clinical Research,PHASE2,[],[]
NCT04829227,COMPLETED,45.0,ACTUAL,2022,I-VI,1,1,1,1,1,1,Tennessee Clinical Research Center,Nashville,Tennessee,37215,36.1047241,-86.8094521,0.0,0.0,0.0,0.0,0.0,0.0,0.0,"Tennessee Clinical Research Center, Nashville, Tennessee 37215",Tennessee Clinical Research,PHASE3,[],"[{'name': 'Ruthie Amir, MD', 'affiliation': 'Sofwave', 'role': 'STUDY_DIRECTOR'}]"
NCT00891774,COMPLETED,172.0,ACTUAL,2019,"IV, V, VI",0,0,0,1,1,1,Tennessee Clinical Research,Nashville,Tennessee,37215,36.1047241,-86.8094521,4.0,6.0,0.0,135.0,17.0,0.0,10.0,"Tennessee Clinical Research, Nashville, Tennessee 37215",Tennessee Clinical Research,NA,[],"[{'name': 'David Shoshani, MD', 'affiliation': 'Colbar/OrthoDermatologics', 'role': 'STUDY_DIRECTOR'}]"
NCT01147172,COMPLETED,100.0,ACTUAL,2017,"IV, V, VI",0,0,0,1,1,1,Tenneesee Clinical Research Center,Nashville,Tennessee,37215,36.1047241,-86.8094521,3.0,1.0,0.0,41.0,0.0,2.0,53.0,"Tenneesee Clinical Research Center, Nashville, Tennessee 37215",Tennessee Clinical Research,NA,[],"[{'name': 'Frederic Brandt, MD', 'affiliation': 'Dermatology Research Institute, LLC', 'role': 'PRINCIPAL_INVESTIGATOR'}, {'name': 'William P Coleman, MD', 'affiliation': 'Private Practice', 'role': 'PRINCIPAL_INVESTIGATOR'}, {'name': 'Michael Gold, MD', 'affiliation': 'Tennessee Clinical Research Center', 'role': 'PRINCIPAL_INVESTIGATOR'}, {'name': 'Alicia Barba, MD', 'affiliation': 'International Dermatology Research, Inc.', 'role': 'PRINCIPAL_INVESTIGATOR'}, {'name': 'Andrew Alexis, MD', 'affiliation': ""St. Luke's-Roosevelt Hospital Center"", 'role': 'PRINCIPAL_INVESTIGATOR'}, {'name': 'Michael Jarratt, MD', 'affiliation': 'Derm Research, Inc.', 'role': 'PRINCIPAL_INVESTIGATOR'}, {'name': 'Pearl Grimes, MD', 'affiliation': 'Vitiligo & Pigmentation Institute of Southern California', 'role': 'PRINCIPAL_INVESTIGATOR'}, {'name': 'Marta Rendon, MD', 'affiliation': 'Skin Care Research, Inc.', 'role': 'PRINCIPAL_INVESTIGATOR'}, {'name': 'Eduardo Tschen, MD', 'affiliation': 'Academic Dermatology Associates', 'role': 'PRINCIPAL_INVESTIGATOR'}]"
NCT03774849,COMPLETED,115.0,ACTUAL,2023,I-VI,1,1,1,1,1,1,Syneron Candela Institute for Excellence,Wayland,Massachusetts,01778,42.3539024,-71.5825598,0.0,154.0,0.0,0.0,64.0,12.0,0.0,"Syneron Candela Institute for Excellence, Wayland, Massachusetts 01778",Candela Medical Corporation,NA,[],"[{'name': 'Joseph Lowery', 'affiliation': 'Director of Clinical Affairs, Candela Corporation', 'role': 'STUDY_DIRECTOR'}]"
NCT02891239,UNKNOWN,60.0,ESTIMATED,2016,I-VI,1,1,1,1,1,1,Syneron Candela Institute for Education Clinic,Wayland,Massachusetts,01778,42.3626,-71.36145,0.0,0.0,0.0,0.0,0.0,0.0,0.0,"Syneron Candela Institute for Education Clinic, Wayland, Massachusetts 01778",NO_RESULTS_FOUND,NA,"[{'name': 'Konika Schallen, MD', 'role': 'CONTACT', 'phone': '508-358-7400', 'email': 'konikap@syneron.com'}]","[{'name': 'Konika Schallen, MD', 'affiliation': 'Syneron Candela Institute for Education Clinic', 'role': 'PRINCIPAL_INVESTIGATOR'}]"
NCT02468453,UNKNOWN,60.0,ESTIMATED,2018,I-VI,1,1,1,1,1,1,Syneron Candela Institute for Education Clinic,Wayland,Massachusetts,01778,42.3626,-71.36145,0.0,0.0,0.0,0.0,0.0,0.0,0.0,"Syneron Candela Institute for Education Clinic, Wayland, Massachusetts 01778",NO_RESULTS_FOUND,NA,"[{'name': 'Shlomit Mann, MSc', 'role': 'CONTACT', 'phone': '+972732442347', 'email': 'shlomitm@syneron-candela.com'}]","[{'name': 'Shlomit Mann, MSc', 'affiliation': 'Syneron Medical', 'role': 'STUDY_DIRECTOR'}]"
NCT02999763,COMPLETED,70.0,ACTUAL,2019,I-VI,1,1,1,1,1,1,Syneron Candela Institute for Education Clinic,Wayland,Massachusetts,01778,42.3626,-71.36145,0.0,4.0,0.0,4.0,61.0,0.0,1.0,"Syneron Candela Institute for Education Clinic, Wayland, Massachusetts 01778",NO_RESULTS_FOUND,NA,[],"[{'name': 'Ruthie Amir, MD', 'affiliation': 'Syneron Medical', 'role': 'STUDY_DIRECTOR'}]"
NCT02748928,COMPLETED,62.0,ACTUAL,2019,I-VI,1,1,1,1,1,1,Syneron Candela Institute for Education Clinic,Wayland,Massachusetts,01778,42.3626,-71.36145,3.0,3.0,1.0,3.0,52.0,0.0,0.0,"Syneron Candela Institute for Education Clinic, Wayland, Massachusetts 01778",NO_RESULTS_FOUND,NA,[],"[{'name': 'Ruthie Amir, MD', 'affiliation': 'Syneron Medical', 'role': 'STUDY_DIRECTOR'}]"
NCT03333759,WITHDRAWN,0.0,ACTUAL,2018,I-III,1,1,1,0,0,0,Sylvester Comprehensive Cancer Center,Miami,Florida,33130,25.7882523,-80.2144666,0.0,0.0,0.0,0.0,0.0,0.0,0.0,"Sylvester Comprehensive Cancer Center, Miami, Florida 33130",Sylvester Comprehensive Cancer Center,NA,[],"[{'name': 'Keyvan Nouri, MD', 'affiliation': 'University of Miami', 'role': 'PRINCIPAL_INVESTIGATOR'}]"
NCT03559972,COMPLETED,40.0,ACTUAL,2019,I-VI,1,1,1,1,1,1,"Suzanne Bruce and Associates, PA, The Center for Skin Research",Houston,Texas,77056,29.746555,-95.473532,0.0,0.0,0.0,0.0,0.0,0.0,0.0,"Suzanne Bruce and Associates, PA, The Center for Skin Research, Houston, Texas 77056","Suzanne Bruce, MD",NA,[],"[{'name': 'Elizabeth Makino', 'affiliation': 'Allergan', 'role': 'STUDY_DIRECTOR'}]"
NCT00594425,COMPLETED,150.0,ACTUAL,2013,I-IV,1,1,1,1,0,0,"Suzanne Bruce and Associates, PA",Houston,Texas,77056,29.746519,-95.4734344,0.0,0.0,0.0,0.0,0.0,0.0,0.0,"Suzanne Bruce and Associates, PA, Houston, Texas 77056",SBA Dermatology & Plastic Surgery | Houston,PHASE2,[],"[{'name': 'David Pariser, MD', 'affiliation': 'AAD', 'role': 'PRINCIPAL_INVESTIGATOR'}]"
NCT00891774,COMPLETED,172.0,ACTUAL,2019,"IV, V, VI",0,0,0,1,1,1,Susan Taylor,Philadelphia,Pennsylvania,19107,39.94460100000001,-75.1579835,4.0,6.0,0.0,135.0,17.0,0.0,10.0,"Susan Taylor, Philadelphia, Pennsylvania 19107",Taylor Susan C MD,NA,[],"[{'name': 'David Shoshani, MD', 'affiliation': 'Colbar/OrthoDermatologics', 'role': 'STUDY_DIRECTOR'}]"
NCT05590585,COMPLETED,124.0,ACTUAL,2024,IV,0,0,0,1,0,0,SUNY Downstate Medical Center,Brooklyn,New York,11203,40.6550034,-73.9442519,0.0,0.0,0.0,0.0,0.0,0.0,0.0,"SUNY Downstate Medical Center, Brooklyn, New York 11203",University Hospital at Downstate,PHASE4,[],"[{'name': 'Clinical Trial Management', 'affiliation': 'Regeneron Pharmaceuticals', 'role': 'STUDY_DIRECTOR'}]"
NCT03007589,ENROLLING_BY_INVITATION,200.0,ESTIMATED,2025,"I, II, III, IV, V",1,1,1,1,1,0,Sun Protection Foundation,San Diego,California,98108,33.0651622,-117.264398,0.0,0.0,0.0,0.0,0.0,0.0,0.0,"Sun Protection Foundation, San Diego, California 98108",Shades of Pink Foundation California,NA,[],"[{'name': 'Shaun Hughes, MBA', 'affiliation': 'Sun Protection Foundation', 'role': 'PRINCIPAL_INVESTIGATOR'}]"
NCT03007589,ENROLLING_BY_INVITATION,200.0,ESTIMATED,2025,"I, II, III, IV, V",1,1,1,1,1,0,Sun Protection Foundation,Waimea,Hawaii,98108,20.02323,-155.67288,0.0,0.0,0.0,0.0,0.0,0.0,0.0,"Sun Protection Foundation, Waimea, Hawaii 98108",NO_RESULTS_FOUND,NA,[],"[{'name': 'Shaun Hughes, MBA', 'affiliation': 'Sun Protection Foundation', 'role': 'PRINCIPAL_INVESTIGATOR'}]"
NCT03007589,ENROLLING_BY_INVITATION,200.0,ESTIMATED,2025,"I, II, III, IV, V",1,1,1,1,1,0,Sun Protection Foundation,Seattle,Washington,98108,47.6767282,-122.3771246,0.0,0.0,0.0,0.0,0.0,0.0,0.0,"Sun Protection Foundation, Seattle, Washington 98108",Sol Sunguard,NA,[],"[{'name': 'Shaun Hughes, MBA', 'affiliation': 'Sun Protection Foundation', 'role': 'PRINCIPAL_INVESTIGATOR'}]"
NCT01113606,COMPLETED,,,2010,I-IV,1,1,1,1,0,0,Suite 175,Rancho Santa Margarita,California,92688,33.64086,-117.6031,0.0,0.0,0.0,0.0,0.0,0.0,0.0,SKIP,,PHASE4,[],[]
NCT01113606,COMPLETED,,,2010,I-IV,1,1,1,1,0,0,Suite 135,Oxnard,California,93030,34.1975,-119.17705,0.0,0.0,0.0,0.0,0.0,0.0,0.0,SKIP,,PHASE4,[],[]
NCT04540900,ACTIVE_NOT_RECRUITING,85.0,ACTUAL,2025,I-IV,1,1,1,1,0,0,"Steve Yoelin, MD Medical Associates, Inc.",Newport Beach,California,92663,33.6265525,-117.9321785,0.0,0.0,0.0,0.0,0.0,0.0,0.0,"Steve Yoelin, MD Medical Associates, Inc., Newport Beach, California 92663","Steve Yoelin, M.D.",PHASE1,[],[]
NCT06724900,ACTIVE_NOT_RECRUITING,19.0,ACTUAL,2025,I-IV,1,1,1,1,0,0,Steve Yoelin Medical Associates,Newport Beach,California,92663,33.6265525,-117.9321785,0.0,0.0,0.0,0.0,0.0,0.0,0.0,"Steve Yoelin Medical Associates, Newport Beach, California 92663","Steve Yoelin, M.D.","PHASE1, PHASE2",[],[]
NCT03097835,COMPLETED,15.0,ACTUAL,2019,II-IV,0,1,1,1,0,0,Steve Yoelin MD & Associates,Newport Beach,California,92663,33.6265525,-117.9321785,0.0,0.0,0.0,0.0,0.0,0.0,0.0,"Steve Yoelin MD & Associates, Newport Beach, California 92663","Steve Yoelin, M.D.",PHASE2,[],[]
NCT02288858,COMPLETED,96.0,ACTUAL,2014,I-III,1,1,1,0,0,0,Stephens Associates Inc.,Richardson,Texas,75081,32.9602925,-96.704833,0.0,0.0,0.0,0.0,0.0,0.0,0.0,"Stephens Associates Inc., Richardson, Texas 75081","STEPHEN R. PINE, Patterson & Associates Insurance Agency",NA,[],"[{'name': 'Ronald L Rizer, PhD', 'affiliation': 'Stephens & Associates, Inc.', 'role': 'PRINCIPAL_INVESTIGATOR'}]"
NCT04911374,COMPLETED,45.0,ACTUAL,2021,I-VI,1,1,1,1,1,1,Stephens and Associates,Richardson,Texas,75081,32.972524,-96.706842,0.0,0.0,0.0,0.0,0.0,0.0,0.0,"Stephens and Associates, Richardson, Texas 75081",SGS USA - Richardson,NA,[],[]
NCT02755545,COMPLETED,127.0,ACTUAL,2023,I-VI,1,1,1,1,1,1,"Stephens & Associates, Inc. Texas Research Center",Richardson,Texas,75081,32.972524,-96.706842,6.0,10.0,0.0,96.0,100.0,0.0,22.0,"Stephens & Associates, Inc. Texas Research Center, Richardson, Texas 75081",SGS USA - Richardson,PHASE4,[],[]
NCT03719742,COMPLETED,20.0,ACTUAL,2019,I-VI,1,1,1,1,1,1,"Stephens & Associates, Inc",Richardson,Texas,75231,32.950897,-96.8317449,0.0,0.0,0.0,0.0,0.0,0.0,0.0,"Stephens & Associates, Inc, Richardson, Texas 75231",A E Stephens & Associates,NA,[],"[{'name': 'Lily Jiang, PhD', 'affiliation': 'Stephens & Associates, Inc.', 'role': 'PRINCIPAL_INVESTIGATOR'}]"
NCT00186563,COMPLETED,13.0,,2013,"II, III",0,1,1,0,0,0,Stanford University School of Medicine,Stanford,California,94305,37.4318102,-122.175758,0.0,0.0,0.0,0.0,0.0,0.0,0.0,"Stanford University School of Medicine, Stanford, California 94305",Stanford University School Medicine,NA,[],"[{'name': 'Martin S Angst', 'affiliation': 'Stanford University', 'role': 'PRINCIPAL_INVESTIGATOR'}]"
NCT01094574,COMPLETED,10.0,ACTUAL,2017,II-IV,0,1,1,1,0,0,Stanford University School of Medicine,Stanford,California,94305,37.4318102,-122.175758,0.0,0.0,0.0,0.0,0.0,0.0,0.0,"Stanford University School of Medicine, Stanford, California 94305",Stanford University School Medicine,NA,[],"[{'name': 'Martin S Angst', 'affiliation': 'Stanford University', 'role': 'PRINCIPAL_INVESTIGATOR'}]"
NCT01097902,COMPLETED,15.0,ACTUAL,2013,"I, II, III, IV",1,1,1,1,0,0,Stanford University School of Medicine,Stanford,California,94305,37.4318102,-122.175758,0.0,0.0,0.0,0.0,0.0,0.0,0.0,"Stanford University School of Medicine, Stanford, California 94305",Stanford University School Medicine,PHASE1,[],"[{'name': 'Martin S Angst', 'affiliation': 'Stanford University', 'role': 'PRINCIPAL_INVESTIGATOR'}]"
NCT00541931,COMPLETED,37.0,ACTUAL,2017,"I, II",1,1,0,0,0,0,Stanford University School of Medicine,Stanford,California,94305,37.4318102,-122.175758,0.0,0.0,0.0,0.0,0.0,0.0,0.0,"Stanford University School of Medicine, Stanford, California 94305",Stanford University School Medicine,NA,[],"[{'name': 'Dr. Anne Lynn S. Chang', 'affiliation': 'Stanford University', 'role': 'PRINCIPAL_INVESTIGATOR'}]"
NCT03243981,COMPLETED,5.0,ACTUAL,2019,II-III,0,1,1,0,0,0,Stanford University,Redwood City,California,94063,37.4845962,-122.2067642,0.0,0.0,0.0,0.0,5.0,0.0,0.0,"Stanford University, Redwood City, California 94063",Stanford University | Redwood City,NA,[],[]
NCT02787616,COMPLETED,306.0,ACTUAL,2019,"I, II",1,1,0,0,0,0,Stanford Dermatology,Redwood City,California,94603,37.48572559999999,-122.2027313,0.0,0.0,0.0,0.0,0.0,0.0,0.0,"Stanford Dermatology, Redwood City, California 94603",General Dermatology Clinic in Redwood City,N/A,[],[]
NCT02749786,COMPLETED,10.0,ACTUAL,2019,"II, III",0,1,1,0,0,0,Stanford Dermatology,Redwood City,California,94603,37.48572559999999,-122.2027313,0.0,0.0,0.0,0.0,0.0,0.0,0.0,"Stanford Dermatology, Redwood City, California 94603",General Dermatology Clinic in Redwood City,NA,[],"[{'name': 'Anne Chang', 'affiliation': 'Stanford University', 'role': 'PRINCIPAL_INVESTIGATOR'}]"
NCT01451476,COMPLETED,122.0,ACTUAL,2024,"I, II",1,1,0,0,0,0,Stanford Dermatology,Redwood City,California,94603,37.48572559999999,-122.2027313,0.0,0.0,0.0,0.0,0.0,0.0,0.0,"Stanford Dermatology, Redwood City, California 94603",General Dermatology Clinic in Redwood City,N/A,[],"[{'name': 'Alfred Lane, MD', 'affiliation': 'Stanford University', 'role': 'PRINCIPAL_INVESTIGATOR'}, {'name': 'Anne Chang, MD', 'affiliation': 'Stanford University', 'role': 'STUDY_DIRECTOR'}]"
NCT03072485,COMPLETED,10.0,ACTUAL,2019,I-III,1,1,1,0,0,0,Stanford Dermatology,Redwood City,California,94603,37.48572559999999,-122.2027313,0.0,0.0,0.0,0.0,0.0,0.0,0.0,"Stanford Dermatology, Redwood City, California 94603",General Dermatology Clinic in Redwood City,PHASE1,[],"[{'name': 'Anne Chang, MD', 'affiliation': 'Stanford University', 'role': 'PRINCIPAL_INVESTIGATOR'}]"
NCT05171894,RECRUITING,84.0,ESTIMATED,2024,I-VI,1,1,1,1,1,1,St. Luke's University Health Network,Bethlehem,Pennsylvania,18015,40.6091715,-75.393079,0.0,0.0,0.0,0.0,0.0,0.0,0.0,"St. Luke's University Health Network, Bethlehem, Pennsylvania 18015",St. Luke's University Hospital - Bethlehem Campus,PHASE2,"[{'name': 'Xuejing Cheng', 'role': 'CONTACT', 'phone': '00-86-021-58953355', 'email': 'xjcheng@fd-zj.com'}]",[]
NCT03810833,COMPLETED,12.0,ACTUAL,2020,I-VI,1,1,1,1,1,1,St. Louis Clinical Trials,St Louis,Missouri,63141,38.6741726,-90.4063166,0.0,0.0,0.0,0.0,0.0,0.0,0.0,"St. Louis Clinical Trials, St Louis, Missouri 63141",St. Louis Clinical Trials,NA,[],"[{'name': 'Richard B Dorshow, PhD', 'affiliation': 'MediBeacon', 'role': 'STUDY_DIRECTOR'}]"
NCT01609530,TERMINATED,31.0,ACTUAL,2018,I-VI,1,1,1,1,1,1,St. Joseph Mercy Hospital,Ypsilanti,Michigan,48197,42.2645802,-83.65309909999999,0.0,0.0,0.0,0.0,0.0,0.0,0.0,"St. Joseph Mercy Hospital, Ypsilanti, Michigan 48197",Trinity Health Ann Arbor Hospital,NA,[],"[{'name': 'Barry Auster, MD', 'affiliation': 'Saint Joseph Mercy Hospital', 'role': 'PRINCIPAL_INVESTIGATOR'}]"
NCT01147172,COMPLETED,100.0,ACTUAL,2017,"IV, V, VI",0,0,0,1,1,1,St Luke's Roosevelt,New York,New York,10025,40.80540999999999,-73.961502,3.0,1.0,0.0,41.0,0.0,2.0,53.0,"St Luke's Roosevelt, New York, New York 10025",St Lukes Roosevelt Hospital: Derose Joseph MD,NA,[],"[{'name': 'Frederic Brandt, MD', 'affiliation': 'Dermatology Research Institute, LLC', 'role': 'PRINCIPAL_INVESTIGATOR'}, {'name': 'William P Coleman, MD', 'affiliation': 'Private Practice', 'role': 'PRINCIPAL_INVESTIGATOR'}, {'name': 'Michael Gold, MD', 'affiliation': 'Tennessee Clinical Research Center', 'role': 'PRINCIPAL_INVESTIGATOR'}, {'name': 'Alicia Barba, MD', 'affiliation': 'International Dermatology Research, Inc.', 'role': 'PRINCIPAL_INVESTIGATOR'}, {'name': 'Andrew Alexis, MD', 'affiliation': ""St. Luke's-Roosevelt Hospital Center"", 'role': 'PRINCIPAL_INVESTIGATOR'}, {'name': 'Michael Jarratt, MD', 'affiliation': 'Derm Research, Inc.', 'role': 'PRINCIPAL_INVESTIGATOR'}, {'name': 'Pearl Grimes, MD', 'affiliation': 'Vitiligo & Pigmentation Institute of Southern California', 'role': 'PRINCIPAL_INVESTIGATOR'}, {'name': 'Marta Rendon, MD', 'affiliation': 'Skin Care Research, Inc.', 'role': 'PRINCIPAL_INVESTIGATOR'}, {'name': 'Eduardo Tschen, MD', 'affiliation': 'Academic Dermatology Associates', 'role': 'PRINCIPAL_INVESTIGATOR'}]"
NCT02217228,COMPLETED,394.0,ACTUAL,2017,"I, II, III",1,1,1,0,0,0,Spokane Dermatology Clinic,Spokane,Washington,92204,47.6527934,-117.4039041,0.0,0.0,0.0,0.0,0.0,0.0,0.0,"Spokane Dermatology Clinic, Spokane, Washington 92204",Spokane Dermatology Clinic,NA,[],[]
NCT02217228,COMPLETED,394.0,ACTUAL,2017,"I, II, III",1,1,1,0,0,0,Spencer Dermatology,St. Petersburg,Florida,33716,27.8929763,-82.6671928,0.0,0.0,0.0,0.0,0.0,0.0,0.0,"Spencer Dermatology, St. Petersburg, Florida 33716",Spencer Center For Dermatology,NA,[],[]
NCT01026662,UNKNOWN,5.0,ESTIMATED,2014,All,1,1,1,1,1,1,SouthWestern Medical Center,Dallas,Texas,75390-8843,32.8126061,-96.8422515,0.0,0.0,0.0,0.0,0.0,0.0,0.0,"SouthWestern Medical Center, Dallas, Texas 75390-8843",UT Southwestern Medical Center,N/A,[],[]
NCT06357221,COMPLETED,46.0,ACTUAL,2024,All,1,1,1,1,1,1,"Southeast Dermatology Specialists, LLC",Columbus,Georgia,31904,32.5333738,-84.9779454,0.0,0.0,0.0,0.0,0.0,0.0,0.0,"Southeast Dermatology Specialists, LLC, Columbus, Georgia 31904",Southeast Dermatology Specialists,PHASE4,[],"[{'name': 'Zoe D Draelos, MD', 'affiliation': 'Dermatology Consulting Services, High Point NC', 'role': 'PRINCIPAL_INVESTIGATOR'}, {'name': 'George F Hougeir, MD', 'affiliation': 'Southeast Dermatology Specialist, LLC', 'role': 'PRINCIPAL_INVESTIGATOR'}]"
NCT06357221,COMPLETED,46.0,ACTUAL,2024,All,1,1,1,1,1,1,"Southeast Dermatology Specialists, LLC",Douglasville,Georgia,30135,33.735505,-84.7305143,0.0,0.0,0.0,0.0,0.0,0.0,0.0,"Southeast Dermatology Specialists, LLC, Douglasville, Georgia 30135",Southeast Dermatology Specialists,PHASE4,[],"[{'name': 'Zoe D Draelos, MD', 'affiliation': 'Dermatology Consulting Services, High Point NC', 'role': 'PRINCIPAL_INVESTIGATOR'}, {'name': 'George F Hougeir, MD', 'affiliation': 'Southeast Dermatology Specialist, LLC', 'role': 'PRINCIPAL_INVESTIGATOR'}]"
NCT00992277,COMPLETED,25.0,ACTUAL,2014,All,1,1,1,1,1,1,South Dermatology Institute,Tustin,California,92780,33.71665,-117.8084957,0.0,0.0,0.0,0.0,0.0,0.0,0.0,"South Dermatology Institute, Tustin, California 92780",South Coast Dermatology Institute,"PHASE2, PHASE3",[],[]
NCT01347879,COMPLETED,153.0,ACTUAL,2014,I-VI,1,1,1,1,1,1,Somerset Skin Centre,Troy,Michigan,48084,42.5557454,-83.1504834,0.0,0.0,0.0,0.0,0.0,0.0,0.0,"Somerset Skin Centre, Troy, Michigan 48084",Somerset Skin Centre,PHASE2,[],"[{'name': 'David Pariser, MD', 'affiliation': 'Virginia Clinical Research, Inc.', 'role': 'PRINCIPAL_INVESTIGATOR'}]"
NCT06351358,ACTIVE_NOT_RECRUITING,40.0,ESTIMATED,2024,All,1,1,1,1,1,1,Somenek + Pittman MD: Advanced Plastic Surgery,Washington D.C.,District of Columbia,20037,38.9047701,-77.051947,0.0,0.0,0.0,0.0,0.0,0.0,0.0,"Somenek + Pittman MD: Advanced Plastic Surgery, Washington D.C., District of Columbia 20037",Somenek + Pittman MD - Plastic Surgery,NA,[],"[{'name': 'Michael Somenek, MD', 'affiliation': 'Somenek + Pittman MD: Advanced Plastic Surgery', 'role': 'PRINCIPAL_INVESTIGATOR'}, {'name': 'Paul Z Lorenc, MD', 'affiliation': 'Z. Paul Lorenc Aesthetic Plastic Surgery', 'role': 'PRINCIPAL_INVESTIGATOR'}]"
NCT05372419,COMPLETED,90.0,ACTUAL,2025,IV-VI,0,0,0,1,1,1,Solutions Through Advanced Research,Jacksonville,Florida,32256,30.1851653,-81.5486019,6.0,10.0,4.0,70.0,0.0,0.0,0.0,"Solutions Through Advanced Research, Jacksonville, Florida 32256",Solutions Through Advanced Research,PHASE3,[],"[{'name': 'Call 1-877-CTLILLY (1-877-285-4559) or 1-317-615-4559 Mon - Fri 9 AM - 5 PM Eastern time (UTC/GMT - 5 hours, EST)', 'affiliation': 'Eli Lilly and Company', 'role': 'STUDY_DIRECTOR'}]"
NCT01257555,COMPLETED,24.0,ESTIMATED,2012,I-VI,1,1,1,1,1,1,Solta Medical,Hayward,California,94545,37.632154,-122.1134948,0.0,0.0,0.0,0.0,0.0,0.0,0.0,"Solta Medical, Hayward, California 94545",Solta Medical Inc,N/A,[],[]
NCT00594425,COMPLETED,150.0,ACTUAL,2013,I-IV,1,1,1,1,0,0,Solano Clinical Research,Vallejo,California,94589,38.131468,-122.2405061,0.0,0.0,0.0,0.0,0.0,0.0,0.0,"Solano Clinical Research, Vallejo, California 94589",Sutter Solano Cancer Center,PHASE2,[],"[{'name': 'David Pariser, MD', 'affiliation': 'AAD', 'role': 'PRINCIPAL_INVESTIGATOR'}]"
NCT01518907,COMPLETED,99.0,ACTUAL,2015,I-V,1,1,1,1,1,0,"SNBL Clinical Pharmacology Center, Inc",Baltimore,Maryland,21201,39.2890747,-76.6295362,0.0,0.0,0.0,0.0,0.0,0.0,0.0,"SNBL Clinical Pharmacology Center, Inc, Baltimore, Maryland 21201",Snbl,PHASE1,[],"[{'name': 'Veronica Urdaneta, MD MPH', 'affiliation': 'Endo Pharmaceuticals', 'role': 'STUDY_DIRECTOR'}]"
NCT04829227,COMPLETED,45.0,ACTUAL,2022,I-VI,1,1,1,1,1,1,"SLSS, a Division of Schweiger Dermatology Group Research Office",Hackensack,New Jersey,07601,40.8838005,-74.05749949999999,0.0,0.0,0.0,0.0,0.0,0.0,0.0,"SLSS, a Division of Schweiger Dermatology Group Research Office, Hackensack, New Jersey 07601",Schweiger Dermatology Group - Hackensack,PHASE3,[],"[{'name': 'Ruthie Amir, MD', 'affiliation': 'Sofwave', 'role': 'STUDY_DIRECTOR'}]"
NCT04029545,TERMINATED,5.0,ACTUAL,2021,All,1,1,1,1,1,1,Skintastic,Plano,Texas,75093,33.0440999,-96.8319588,0.0,0.0,0.0,0.0,10.0,0.0,0.0,"Skintastic, Plano, Texas 75093",Skintastic Med Spa,PHASE3,[],"[{'name': 'Stacy R Smith, MD', 'affiliation': 'California Dermatology & Clinical Research Institute', 'role': 'STUDY_DIRECTOR'}]"
NCT03400202,COMPLETED,44.0,ACTUAL,2019,I-VI,1,1,1,1,1,1,SkinMedica Clinical Research and Innovation Center,Irvine,California,92612,33.6791534,-117.8460769,0.0,0.0,0.0,0.0,0.0,0.0,0.0,"SkinMedica Clinical Research and Innovation Center, Irvine, California 92612",Irvine Clinical Research,N/A,[],"[{'name': 'Lisa Goberdhan', 'affiliation': 'Allergan', 'role': 'STUDY_CHAIR'}]"
NCT03302559,COMPLETED,29.0,ACTUAL,2019,I-IV,1,1,1,1,0,0,SkinMedica Clinical Research and Innovation Center,Irvine,California,92612,33.6791534,-117.8460769,0.0,0.0,0.0,0.0,0.0,0.0,0.0,"SkinMedica Clinical Research and Innovation Center, Irvine, California 92612",Irvine Clinical Research,NA,[],"[{'name': 'Lisa Goberdhan, B.A.', 'affiliation': 'Allergan', 'role': 'PRINCIPAL_INVESTIGATOR'}]"
NCT03767400,COMPLETED,99.0,ACTUAL,2019,I-III,1,1,1,0,0,0,Skinmedica Clinical Research and Innovation Center,Irvine,California,92612,33.6848455,-117.8128375,0.0,0.0,0.0,0.0,0.0,0.0,0.0,"Skinmedica Clinical Research and Innovation Center, Irvine, California 92612",Newmedica Aesthetic Institute,N/A,[],"[{'name': 'Lisa Goberdhan', 'affiliation': 'Allergan', 'role': 'PRINCIPAL_INVESTIGATOR'}]"
NCT03125824,COMPLETED,20.0,ACTUAL,2022,I-III,1,1,1,0,0,0,SkinCare Physicians,Chestnut Hill,Massachusetts,02467,42.32247419999999,-71.16683549999999,0.0,0.0,0.0,0.0,0.0,0.0,0.0,"SkinCare Physicians, Chestnut Hill, Massachusetts 02467",SkinCare Physicians,NA,[],"[{'name': 'Christopher Cappelli, MD', 'affiliation': 'Soliton', 'role': 'STUDY_DIRECTOR'}]"
NCT02877667,COMPLETED,40.0,ACTUAL,2020,I-III,1,1,1,0,0,0,SkinCare Physicians,Chestnut Hill,Massachusetts,02467,42.32247419999999,-71.16683549999999,0.0,0.0,0.0,0.0,0.0,0.0,0.0,"SkinCare Physicians, Chestnut Hill, Massachusetts 02467",SkinCare Physicians,NA,[],"[{'name': 'Chris Capelli, MD', 'affiliation': 'Soliton', 'role': 'STUDY_DIRECTOR'}]"
NCT03228641,COMPLETED,33.0,ACTUAL,2018,"I, II, III",1,1,1,0,0,0,SkinCare Physicians,Chestnut Hill,Massachusetts,02467,42.32247419999999,-71.16683549999999,0.0,0.0,0.0,0.0,0.0,0.0,0.0,"SkinCare Physicians, Chestnut Hill, Massachusetts 02467",SkinCare Physicians,NA,[],"[{'name': 'Michail M Pankratov, MD, PhD', 'affiliation': 'Senior Vice President of Clinical & Regulatory Affairs', 'role': 'STUDY_DIRECTOR'}, {'name': 'Patricia E Krantz', 'affiliation': 'Director of Clinical Operations', 'role': 'STUDY_DIRECTOR'}]"
NCT03243617,COMPLETED,26.0,ACTUAL,2017,I-VI,1,1,1,1,1,1,Skincare Physicians,Chestnut Hill,Massachusetts,02467,42.32247419999999,-71.16683549999999,0.0,0.0,0.0,0.0,0.0,0.0,0.0,"Skincare Physicians, Chestnut Hill, Massachusetts 02467",SkinCare Physicians,NA,[],"[{'name': 'Jeffrey Dover, MD', 'affiliation': 'Skincare Physicians', 'role': 'PRINCIPAL_INVESTIGATOR'}]"
NCT06333067,RECRUITING,100.0,ESTIMATED,2025,I-VI,1,1,1,1,1,1,Skin Wellness Dermatology Associates,Durham,North Carolina,27713,35.912607,-78.94230480000002,0.0,0.0,0.0,0.0,0.0,0.0,0.0,"Skin Wellness Dermatology Associates, Durham, North Carolina 27713",Skin Wellness Dermatology Associates,NA,"[{'name': 'Shlomit Mann, MSc', 'role': 'CONTACT', 'phone': '+972-4-7800268', 'email': 'Shlomit@sofwave.com'}, {'name': 'Ruthie Amir, MD', 'role': 'CONTACT', 'phone': '+972-4-300-3164', 'email': 'Ruthie@sofwave.com'}]",[]
NCT07041489,RECRUITING,85.0,ESTIMATED,2025,I-VI,1,1,1,1,1,1,Skin Wellness Dermatology,Birmingham,Alabama,35209,33.4729821,-86.78442489999999,0.0,0.0,0.0,0.0,0.0,0.0,0.0,"Skin Wellness Dermatology, Birmingham, Alabama 35209",Skin Wellness Dermatology,NA,"[{'name': 'Mark S. Nestor, MD, PhD', 'role': 'CONTACT', 'phone': '305-933-6716', 'email': 'info@centerforclinicalandcosmeticresearch.com'}]","[{'name': 'Danielle Leavitt', 'affiliation': 'Restore Biologics Holdings, LLC', 'role': 'STUDY_DIRECTOR'}]"
NCT06602284,NOT_YET_RECRUITING,10.0,ESTIMATED,2024,I-VI,1,1,1,1,1,1,Skin Wellness Dermatology,Birmingham,Alabama,35209,33.4729821,-86.78442489999999,0.0,0.0,0.0,0.0,0.0,0.0,0.0,"Skin Wellness Dermatology, Birmingham, Alabama 35209",Skin Wellness Dermatology,"PHASE2, PHASE3","[{'name': 'Stene Marshal', 'role': 'CONTACT', 'phone': '(949) 798 6207', 'email': 'stene@dermapenworld.com'}, {'name': 'Aahan Sachdev', 'role': 'CONTACT', 'phone': '9880755883', 'email': 'aahan.sachdev@msclinical.com'}]",[]
NCT06148558,COMPLETED,36.0,ACTUAL,2023,I-VI,1,1,1,1,1,1,"Skin Study Center, KGL LLC",Newtown Square,Pennsylvania,19073,39.9789871,-75.43418969999999,0.0,0.0,0.0,0.0,0.0,0.0,0.0,"Skin Study Center, KGL LLC, Newtown Square, Pennsylvania 19073",KGL Skin Study Center,NA,[],[]
NCT00919191,COMPLETED,26.0,ACTUAL,2012,"I, II, III",1,1,1,0,0,0,Skin Study Center,Broomall,Pennsylvania,19008,39.9789871,-75.43418969999999,0.0,0.0,0.0,0.0,0.0,0.0,0.0,"Skin Study Center, Broomall, Pennsylvania 19008",KGL Skin Study Center,PHASE4,[],"[{'name': 'Ana Rossi, MD', 'affiliation': 'Johnson & Johnson Consumer and Personal Products Worldwide', 'role': 'STUDY_DIRECTOR'}]"
NCT00952523,COMPLETED,162.0,ACTUAL,2012,"I, II, III",1,1,1,0,0,0,Skin Study Center,Broomall,Pennsylvania,19008,39.9789871,-75.43418969999999,0.0,0.0,0.0,0.0,0.0,0.0,0.0,"Skin Study Center, Broomall, Pennsylvania 19008",KGL Skin Study Center,PHASE4,[],"[{'name': 'David Lineberry', 'affiliation': 'Bausch Health Americas, Inc.', 'role': 'STUDY_DIRECTOR'}]"
NCT01313728,COMPLETED,26.0,ACTUAL,2012,"I, II, III",1,1,1,0,0,0,Skin Study Center,Broomall,Pennsylvania,19008,39.9789871,-75.43418969999999,0.0,0.0,0.0,0.0,0.0,0.0,0.0,"Skin Study Center, Broomall, Pennsylvania 19008",KGL Skin Study Center,PHASE4,[],"[{'name': 'David Lineberry', 'affiliation': 'Bausch Health Americas, Inc.', 'role': 'STUDY_DIRECTOR'}]"
NCT04029545,TERMINATED,5.0,ACTUAL,2021,All,1,1,1,1,1,1,"Skin Specialists, PC",Omaha,Nebraska,68144,41.2321726,-96.1340033,0.0,0.0,0.0,0.0,10.0,0.0,0.0,"Skin Specialists, PC, Omaha, Nebraska 68144",Schlessinger MD Dermatology & Cosmetic Surgery,PHASE3,[],"[{'name': 'Stacy R Smith, MD', 'affiliation': 'California Dermatology & Clinical Research Institute', 'role': 'STUDY_DIRECTOR'}]"
NCT05372419,COMPLETED,90.0,ACTUAL,2025,IV-VI,0,0,0,1,1,1,"Skin Specialists, P.C",Omaha,Nebraska,68144,41.2321726,-96.1340033,6.0,10.0,4.0,70.0,0.0,0.0,0.0,"Skin Specialists, P.C, Omaha, Nebraska 68144",Schlessinger MD Dermatology & Cosmetic Surgery,PHASE3,[],"[{'name': 'Call 1-877-CTLILLY (1-877-285-4559) or 1-317-615-4559 Mon - Fri 9 AM - 5 PM Eastern time (UTC/GMT - 5 hours, EST)', 'affiliation': 'Eli Lilly and Company', 'role': 'STUDY_DIRECTOR'}]"
NCT06415305,COMPLETED,10.0,ACTUAL,2025,All,1,1,1,1,1,1,"Skin Sciences, PLLC",Louisville,Kentucky,40217,38.27766,-85.7369958,0.0,0.0,0.0,0.0,0.0,0.0,0.0,"Skin Sciences, PLLC, Louisville, Kentucky 40217","Dr. Leon H. Kircik, MD",PHASE4,[],[]
NCT04695691,COMPLETED,104.0,ACTUAL,2023,I-VI,1,1,1,1,1,1,Skin Research Institute,Coral Gables,Florida,33146,25.7312214,-80.2577452,0.0,0.0,0.0,0.0,0.0,0.0,0.0,"Skin Research Institute, Coral Gables, Florida 33146",Skin Research Institute,NA,[],[]
NCT03421691,COMPLETED,17.0,ACTUAL,2023,I-IV,1,1,1,1,0,0,Skin Laser and Surgery Specialists of NY and NJ,New York,New York,10022,40.7446877,-73.974925,0.0,2.0,0.0,0.0,14.0,0.0,0.0,"Skin Laser and Surgery Specialists of NY and NJ, New York, New York 10022",Laser & Skin Surgery Center of New York,NA,[],[]
NCT04695691,COMPLETED,104.0,ACTUAL,2023,I-VI,1,1,1,1,1,1,"Skin Laser & Surgery Specialists, a Division of Schweiger Dermatology",Hackensack,New Jersey,07601,40.8838005,-74.05749949999999,0.0,0.0,0.0,0.0,0.0,0.0,0.0,"Skin Laser & Surgery Specialists, a Division of Schweiger Dermatology, Hackensack, New Jersey 07601",Schweiger Dermatology Group - Hackensack,NA,[],[]
NCT02217228,COMPLETED,394.0,ACTUAL,2017,"I, II, III",1,1,1,0,0,0,Skin Laser & Surgery Specialists of NY & NJ,Hackensack,New Jersey,07601,40.8838005,-74.05749949999999,0.0,0.0,0.0,0.0,0.0,0.0,0.0,"Skin Laser & Surgery Specialists of NY & NJ, Hackensack, New Jersey 07601",Schweiger Dermatology Group - Hackensack,NA,[],[]
NCT03430245,COMPLETED,16.0,ACTUAL,2020,I-VI,1,1,1,1,1,1,Skin Laser & Surgery Specialist of NY/NJ,Hackensack,New Jersey,07601,40.8838005,-74.05749949999999,0.0,0.0,0.0,0.0,16.0,0.0,0.0,"Skin Laser & Surgery Specialist of NY/NJ, Hackensack, New Jersey 07601",Schweiger Dermatology Group - Hackensack,NA,[],[]
NCT02488083,UNKNOWN,60.0,ESTIMATED,2016,I-VI,1,1,1,1,1,1,Skin Laser & Surgery Specialist of NY/NJ,Hackensack,New Jersey,07601,40.8838005,-74.05749949999999,0.0,0.0,0.0,0.0,0.0,0.0,0.0,"Skin Laser & Surgery Specialist of NY/NJ, Hackensack, New Jersey 07601",Schweiger Dermatology Group - Hackensack,NA,"[{'name': 'Robert Weiss, MD', 'role': 'CONTACT', 'phone': '410-666-3960', 'email': ''}]","[{'name': 'Robert Weiss, MD', 'affiliation': 'Maryland Laser Skin and Vein Institute', 'role': 'PRINCIPAL_INVESTIGATOR'}]"
NCT01147172,COMPLETED,100.0,ACTUAL,2017,"IV, V, VI",0,0,0,1,1,1,"Skin Care Research, Inc.",Boca Raton,Florida,33486,26.3618919,-80.1071697,3.0,1.0,0.0,41.0,0.0,2.0,53.0,"Skin Care Research, Inc., Boca Raton, Florida 33486",Skin Care Research,NA,[],"[{'name': 'Frederic Brandt, MD', 'affiliation': 'Dermatology Research Institute, LLC', 'role': 'PRINCIPAL_INVESTIGATOR'}, {'name': 'William P Coleman, MD', 'affiliation': 'Private Practice', 'role': 'PRINCIPAL_INVESTIGATOR'}, {'name': 'Michael Gold, MD', 'affiliation': 'Tennessee Clinical Research Center', 'role': 'PRINCIPAL_INVESTIGATOR'}, {'name': 'Alicia Barba, MD', 'affiliation': 'International Dermatology Research, Inc.', 'role': 'PRINCIPAL_INVESTIGATOR'}, {'name': 'Andrew Alexis, MD', 'affiliation': ""St. Luke's-Roosevelt Hospital Center"", 'role': 'PRINCIPAL_INVESTIGATOR'}, {'name': 'Michael Jarratt, MD', 'affiliation': 'Derm Research, Inc.', 'role': 'PRINCIPAL_INVESTIGATOR'}, {'name': 'Pearl Grimes, MD', 'affiliation': 'Vitiligo & Pigmentation Institute of Southern California', 'role': 'PRINCIPAL_INVESTIGATOR'}, {'name': 'Marta Rendon, MD', 'affiliation': 'Skin Care Research, Inc.', 'role': 'PRINCIPAL_INVESTIGATOR'}, {'name': 'Eduardo Tschen, MD', 'affiliation': 'Academic Dermatology Associates', 'role': 'PRINCIPAL_INVESTIGATOR'}]"
NCT05372419,COMPLETED,90.0,ACTUAL,2025,IV-VI,0,0,0,1,1,1,"Skin Care Research, Inc",Hollywood,Florida,33021,26.3618919,-80.1071697,6.0,10.0,4.0,70.0,0.0,0.0,0.0,"Skin Care Research, Inc, Hollywood, Florida 33021",Skin Care Research,PHASE3,[],"[{'name': 'Call 1-877-CTLILLY (1-877-285-4559) or 1-317-615-4559 Mon - Fri 9 AM - 5 PM Eastern time (UTC/GMT - 5 hours, EST)', 'affiliation': 'Eli Lilly and Company', 'role': 'STUDY_DIRECTOR'}]"
NCT05372419,COMPLETED,90.0,ACTUAL,2025,IV-VI,0,0,0,1,1,1,Skin Care Physicians of Georgia,Macon,Georgia,31217,32.8449125,-83.61838759999999,6.0,10.0,4.0,70.0,0.0,0.0,0.0,"Skin Care Physicians of Georgia, Macon, Georgia 31217",Skin Care Physicians of Georgia,PHASE3,[],"[{'name': 'Call 1-877-CTLILLY (1-877-285-4559) or 1-317-615-4559 Mon - Fri 9 AM - 5 PM Eastern time (UTC/GMT - 5 hours, EST)', 'affiliation': 'Eli Lilly and Company', 'role': 'STUDY_DIRECTOR'}]"
NCT01754233,COMPLETED,6.0,ACTUAL,2020,III-IV,0,0,1,1,0,0,Skin Care Physicians,Chestnut Hill,Massachusetts,02467,42.32247419999999,-71.16683549999999,0.0,0.0,0.0,0.0,0.0,0.0,0.0,"Skin Care Physicians, Chestnut Hill, Massachusetts 02467",SkinCare Physicians,NA,[],"[{'name': 'Patricia Krantz', 'affiliation': 'Cynosure, Inc.', 'role': 'STUDY_DIRECTOR'}]"
NCT03290547,COMPLETED,22.0,ACTUAL,2023,I-VI,1,1,1,1,1,1,Skin Care Physicians,Chestnut Hill,Massachusetts,02467,42.32247419999999,-71.16683549999999,0.0,0.0,0.0,0.0,0.0,0.0,0.0,"Skin Care Physicians, Chestnut Hill, Massachusetts 02467",SkinCare Physicians,NA,[],"[{'name': 'Stephen Ronan, M.D.', 'affiliation': 'Cutera Research Center', 'role': 'PRINCIPAL_INVESTIGATOR'}, {'name': 'Jeffrey Dover, M.D.', 'affiliation': 'Skin Care Physicians', 'role': 'PRINCIPAL_INVESTIGATOR'}]"
NCT02935660,COMPLETED,27.0,ACTUAL,2023,I-VI,1,1,1,1,1,1,Skin Care Physicians,Chestnut Hill,Massachusetts,02467,42.32247419999999,-71.16683549999999,0.0,3.0,2.0,1.0,21.0,0.0,0.0,"Skin Care Physicians, Chestnut Hill, Massachusetts 02467",SkinCare Physicians,NA,[],[]
NCT01950065,COMPLETED,85.0,ACTUAL,2015,"I, II, III, IV",1,1,1,1,0,0,Skin Care Physicians,Chestnut Hill,Massachusetts,02467,42.32247419999999,-71.16683549999999,0.0,0.0,0.0,0.0,0.0,0.0,0.0,"Skin Care Physicians, Chestnut Hill, Massachusetts 02467",SkinCare Physicians,NA,[],[]
NCT01754246,COMPLETED,20.0,ACTUAL,2020,III-IV,0,0,1,1,0,0,Skin Care Physicians,Chestnut Hill,Massachusetts,02467,42.32247419999999,-71.16683549999999,0.0,0.0,0.0,0.0,0.0,0.0,0.0,"Skin Care Physicians, Chestnut Hill, Massachusetts 02467",SkinCare Physicians,NA,[],"[{'name': 'Patricia Krantz', 'affiliation': 'Cynosure, Inc.', 'role': 'STUDY_DIRECTOR'}]"
NCT02700152,UNKNOWN,60.0,ESTIMATED,2018,I-VI,1,1,1,1,1,1,Skin Care Physicians,Chestnut Hill,Massachusetts,02467,42.32247419999999,-71.16683549999999,0.0,0.0,0.0,0.0,0.0,0.0,0.0,"Skin Care Physicians, Chestnut Hill, Massachusetts 02467",SkinCare Physicians,NA,"[{'name': 'Jeffrey S Dover, M.D', 'role': 'CONTACT', 'phone': '(617) 731-1600', 'email': ''}]","[{'name': 'Jeffrey S Dover, M.D.', 'affiliation': 'SkinCare Physicians', 'role': 'PRINCIPAL_INVESTIGATOR'}]"
NCT04540900,ACTIVE_NOT_RECRUITING,85.0,ACTUAL,2025,I-IV,1,1,1,1,0,0,"Skin and Cancer Associates, LLP. D/B/A Center for Clinical and Cosmetic Research",Aventura,Florida,33180,25.9668227,-80.1468142,0.0,0.0,0.0,0.0,0.0,0.0,0.0,"Skin and Cancer Associates, LLP. D/B/A Center for Clinical and Cosmetic Research, Aventura, Florida 33180",Skin And Cancer Associates,PHASE1,[],[]
NCT05590585,COMPLETED,124.0,ACTUAL,2024,IV,0,0,0,1,0,0,"Skin and Cancer Associates, LLP",Miami,Florida,33137,25.6964219,-80.3350595,0.0,0.0,0.0,0.0,0.0,0.0,0.0,"Skin and Cancer Associates, LLP, Miami, Florida 33137",Skin And Cancer Associates,PHASE4,[],"[{'name': 'Clinical Trial Management', 'affiliation': 'Regeneron Pharmaceuticals', 'role': 'STUDY_DIRECTOR'}]"
NCT05171894,RECRUITING,84.0,ESTIMATED,2024,I-VI,1,1,1,1,1,1,Skin and Cancer Associates (SCA) and the Center for Cosmetic Enhancement (CCE),Aventura,Florida,33180,25.9615,-80.14322,0.0,0.0,0.0,0.0,0.0,0.0,0.0,"Skin and Cancer Associates (SCA) and the Center for Cosmetic Enhancement (CCE), Aventura, Florida 33180",Skin and Cancer Associates/Center For Cosmetic Enhancement,PHASE2,"[{'name': 'Xuejing Cheng', 'role': 'CONTACT', 'phone': '00-86-021-58953355', 'email': 'xjcheng@fd-zj.com'}]",[]
NCT00027976,WITHDRAWN,0.0,ACTUAL,2013,"I, II, III",1,1,1,0,0,0,Siteman Cancer Center at Barnes-Jewish Hospital,St Louis,Missouri,63110,38.6741694,-90.467326,0.0,0.0,0.0,0.0,0.0,0.0,0.0,"Siteman Cancer Center at Barnes-Jewish Hospital, St Louis, Missouri 63110",Siteman Cancer Center at Barnes-Jewish West County Hospital,"PHASE2, PHASE3",[],"[{'name': 'Craig A. Elmets, MD', 'affiliation': 'University of Alabama at Birmingham', 'role': 'STUDY_CHAIR'}]"
NCT02115646,COMPLETED,29.0,ACTUAL,2018,I-VI,1,1,1,1,1,1,Shriners Hospital- Boston,Boston,Massachusetts,02114,42.3631277,-71.0665482,0.0,1.0,0.0,1.0,20.0,0.0,0.0,"Shriners Hospital- Boston, Boston, Massachusetts 02114",Shriners Children's Boston,NA,[],"[{'name': 'Richard R Anderson, MD', 'affiliation': 'Massachusetts General Hospital', 'role': 'PRINCIPAL_INVESTIGATOR'}]"
NCT01452490,COMPLETED,50.0,ACTUAL,2020,I-IV,1,1,1,1,0,0,Shoreline Foot and Ankle Center,New London,Connecticut,06320,41.3378202,-72.10436709999999,0.0,0.0,0.0,0.0,0.0,0.0,0.0,"Shoreline Foot and Ankle Center, New London, Connecticut 06320","Shoreline Foot and Ankle Center, PC",NA,[],"[{'name': 'Darren Courtright, DPM', 'affiliation': 'Shoreline Foot and Ankle Center', 'role': 'PRINCIPAL_INVESTIGATOR'}]"
NCT01452490,COMPLETED,50.0,ACTUAL,2020,I-IV,1,1,1,1,0,0,Shoreline Foot and Ankle Center,Westbrook,Connecticut,06498,41.295478,-72.48913399999999,0.0,0.0,0.0,0.0,0.0,0.0,0.0,"Shoreline Foot and Ankle Center, Westbrook, Connecticut 06498",Shoreline Foot & Ankle Center,NA,[],"[{'name': 'Darren Courtright, DPM', 'affiliation': 'Shoreline Foot and Ankle Center', 'role': 'PRINCIPAL_INVESTIGATOR'}]"
NCT05089851,COMPLETED,29.0,ACTUAL,2021,I-VI,1,1,1,1,1,1,Shino Bay Cosmetic Dermatology and Laser Institute,Fort Lauderdale,Florida,33301,26.1187793,-80.1398408,0.0,0.0,0.0,0.0,0.0,0.0,0.0,"Shino Bay Cosmetic Dermatology and Laser Institute, Fort Lauderdale, Florida 33301",Shino Bay Cosmetic Dermatology & Laser Institute,NA,[],[]
NCT02217228,COMPLETED,394.0,ACTUAL,2017,"I, II, III",1,1,1,0,0,0,Shideler Clinical Research Center,Carmel,Indiana,46032,39.9164305,-86.15589109999999,0.0,0.0,0.0,0.0,0.0,0.0,0.0,"Shideler Clinical Research Center, Carmel, Indiana 46032","Midwest Institute for Clinical Research, Inc.",NA,[],[]
NCT00702507,COMPLETED,200.0,ACTUAL,2012,I-VI,1,1,1,1,1,1,"Sheila Fallon Friedlander, MD",San Diego,California,92123,32.7989015,-117.1511138,0.0,0.0,0.0,0.0,0.0,0.0,0.0,"Sheila Fallon Friedlander, MD, San Diego, California 92123","Sheila Fallon Friedlander, MD",PHASE4,[],"[{'name': 'GSK Clinical Trials', 'affiliation': 'GlaxoSmithKline', 'role': 'STUDY_DIRECTOR'}]"
NCT05045183,COMPLETED,34.0,ACTUAL,2025,I-III,1,1,1,0,0,0,"SGS Stephens, Inc. Dallas Research Center",Richardson,Texas,75081,32.972524,-96.706842,0.0,0.0,0.0,0.0,0.0,0.0,0.0,"SGS Stephens, Inc. Dallas Research Center, Richardson, Texas 75081",SGS USA - Richardson,NA,[],"[{'name': 'Tanja Emmerich, Ph.D.', 'affiliation': 'SGS Stephens, Inc. Dallas Research Center', 'role': 'PRINCIPAL_INVESTIGATOR'}]"
NCT06629792,COMPLETED,32.0,ACTUAL,2024,I-VI,1,1,1,1,1,1,"SGS Stephens, inc.",Richardson,Texas,75081,32.972524,-96.706842,0.0,0.0,0.0,0.0,0.0,0.0,0.0,"SGS Stephens, inc., Richardson, Texas 75081",SGS USA - Richardson,NA,[],[]
NCT05271136,COMPLETED,26.0,ACTUAL,2022,I-IV,1,1,1,1,0,0,"SGS Stephens, Inc.",Richardson,Texas,75081,32.972524,-96.706842,0.0,0.0,0.0,0.0,0.0,0.0,0.0,"SGS Stephens, Inc., Richardson, Texas 75081",SGS USA - Richardson,NA,[],"[{'name': 'Tanja Emmerich, PhD', 'affiliation': 'SGS Stephens, Inc', 'role': 'PRINCIPAL_INVESTIGATOR'}]"
NCT05012735,COMPLETED,41.0,ACTUAL,2022,I-VI,1,1,1,1,1,1,SGS Stephens Inc.,Richardson,Texas,75081,32.972524,-96.706842,0.0,0.0,0.0,0.0,0.0,0.0,0.0,"SGS Stephens Inc., Richardson, Texas 75081",SGS USA - Richardson,PHASE1,[],"[{'name': 'Summer Acevedo, PhD', 'affiliation': 'Stephens SGS, Inc.', 'role': 'PRINCIPAL_INVESTIGATOR'}]"
NCT06854575,RECRUITING,174.0,ESTIMATED,2025,I-IV,1,1,1,1,0,0,SGS Phoenix Research Center,Phoenix,Arizona,85029,33.580996,-112.110468,0.0,0.0,0.0,0.0,0.0,0.0,0.0,"SGS Phoenix Research Center, Phoenix, Arizona 85029",SGS USA - Phoenix,NA,"[{'name': 'Emily Hu', 'role': 'CONTACT', 'phone': '1-888-508-3471', 'email': 'emily.hu@nutrafol.com'}]",[]
NCT06854575,RECRUITING,174.0,ESTIMATED,2025,I-IV,1,1,1,1,0,0,SGS Elizabeth Research Center,Elizabeth,New Jersey,07208,40.668834,-74.216002,0.0,0.0,0.0,0.0,0.0,0.0,0.0,"SGS Elizabeth Research Center, Elizabeth, New Jersey 07208",SGS USA - Elizabeth,NA,"[{'name': 'Emily Hu', 'role': 'CONTACT', 'phone': '1-888-508-3471', 'email': 'emily.hu@nutrafol.com'}]",[]
NCT06854575,RECRUITING,174.0,ESTIMATED,2025,I-IV,1,1,1,1,0,0,SGS Dallas Research Center,Richardson,Texas,75081,32.972524,-96.706842,0.0,0.0,0.0,0.0,0.0,0.0,0.0,"SGS Dallas Research Center, Richardson, Texas 75081",SGS USA - Richardson,NA,"[{'name': 'Emily Hu', 'role': 'CONTACT', 'phone': '1-888-508-3471', 'email': 'emily.hu@nutrafol.com'}]",[]
NCT05590585,COMPLETED,124.0,ACTUAL,2024,IV,0,0,0,1,0,0,SF Research Institute,San Francisco,California,94127,37.7317982,-122.4730305,0.0,0.0,0.0,0.0,0.0,0.0,0.0,"SF Research Institute, San Francisco, California 94127",SF Research Institute Inc.,PHASE4,[],"[{'name': 'Clinical Trial Management', 'affiliation': 'Regeneron Pharmaceuticals', 'role': 'STUDY_DIRECTOR'}]"
NCT03921814,COMPLETED,102.0,ACTUAL,2022,I-V,1,1,1,1,1,0,Sera Collection,Montebello,California,90640,34.0239736,-118.1397661,0.0,0.0,0.0,0.0,0.0,0.0,0.0,"Sera Collection, Montebello, California 90640",SeraCollection Research Services / Sera Mobile Healthcare,NA,[],"[{'name': 'Gary Lotz', 'affiliation': 'Head of Global Clinical and Scientific Affairs', 'role': 'STUDY_DIRECTOR'}]"
NCT00992277,COMPLETED,25.0,ACTUAL,2014,All,1,1,1,1,1,1,Scripps Health,San Diego,California,92130,32.936657,-117.2320611,0.0,0.0,0.0,0.0,0.0,0.0,0.0,"Scripps Health, San Diego, California 92130",Scripps Clinic Carmel Valley,"PHASE2, PHASE3",[],[]
NCT06415435,RECRUITING,90.0,ESTIMATED,2024,I-VI,1,1,1,1,1,1,Scripps Health,La Jolla,California,92037,32.8849627,-117.2250478,0.0,0.0,0.0,0.0,0.0,0.0,0.0,"Scripps Health, La Jolla, California 92037",Scripps Memorial Hospital La Jolla,NA,"[{'name': 'Jamie Solorsa', 'role': 'CONTACT', 'phone': '9494572222', 'email': 'jamie@benev.com'}]",[]
NCT03322475,UNKNOWN,20.0,ESTIMATED,2019,I-V,1,1,1,1,1,0,Scripps Clinical Research Services,La Jolla,California,92037,32.8957567,-117.2424725,0.0,0.0,0.0,0.0,0.0,0.0,0.0,"Scripps Clinical Research Services, La Jolla, California 92037",Scripps Research,NA,"[{'name': 'Edward Ross, MD', 'role': 'CONTACT', 'phone': '(858) 764-3023', 'email': 'Olafson.Tierney@scrippshealth.org'}, {'name': 'Tierney Olafson', 'role': 'CONTACT', 'phone': '(858) 764-3023', 'email': 'Olafson.Tierney@scrippshealth.org'}]","[{'name': 'Edward Ross, MD', 'affiliation': 'Scripps Clinic Carmel Valley', 'role': 'PRINCIPAL_INVESTIGATOR'}]"
NCT02244554,COMPLETED,10.0,ACTUAL,2023,I-VI,1,1,1,1,1,1,Scripps Clinic Carmel Valley,San Diego,California,92130,32.936657,-117.2320611,0.0,0.0,0.0,0.0,0.0,0.0,0.0,"Scripps Clinic Carmel Valley, San Diego, California 92130",Scripps Clinic Carmel Valley,NA,[],"[{'name': 'E. Victor Ross, MD', 'affiliation': 'Scripps Clinic Carmel Valley', 'role': 'PRINCIPAL_INVESTIGATOR'}]"
NCT02468453,UNKNOWN,60.0,ESTIMATED,2018,I-VI,1,1,1,1,1,1,Scripps Clinic - Carmel Valley,San Diego,California,92130,32.936657,-117.2320611,0.0,0.0,0.0,0.0,0.0,0.0,0.0,"Scripps Clinic - Carmel Valley, San Diego, California 92130",Scripps Clinic Carmel Valley,NA,"[{'name': 'Shlomit Mann, MSc', 'role': 'CONTACT', 'phone': '+972732442347', 'email': 'shlomitm@syneron-candela.com'}]","[{'name': 'Shlomit Mann, MSc', 'affiliation': 'Syneron Medical', 'role': 'STUDY_DIRECTOR'}]"
NCT06469398,ACTIVE_NOT_RECRUITING,50.0,ACTUAL,2025,I-VI,1,1,1,1,1,1,"Schweiger Dermatology PC, Reseach Division",Hackensack,New Jersey,07601,40.8838005,-74.05749949999999,0.0,0.0,0.0,0.0,0.0,0.0,0.0,"Schweiger Dermatology PC, Reseach Division, Hackensack, New Jersey 07601",Schweiger Dermatology Group - Hackensack,NA,[],[]
NCT05372419,COMPLETED,90.0,ACTUAL,2025,IV-VI,0,0,0,1,1,1,"Savin Medical Group, LLC",Miami Lakes,Florida,33014,25.9111922,-80.29518569999999,6.0,10.0,4.0,70.0,0.0,0.0,0.0,"Savin Medical Group, LLC, Miami Lakes, Florida 33014",Savin Medical Group,PHASE3,[],"[{'name': 'Call 1-877-CTLILLY (1-877-285-4559) or 1-317-615-4559 Mon - Fri 9 AM - 5 PM Eastern time (UTC/GMT - 5 hours, EST)', 'affiliation': 'Eli Lilly and Company', 'role': 'STUDY_DIRECTOR'}]"
NCT04085809,COMPLETED,56.0,ACTUAL,2023,I-VI,1,1,1,1,1,1,Sandoz Investigational Site,High Point,North Carolina,27262,35.95569,-80.00532,0.0,0.0,0.0,0.0,0.0,0.0,0.0,SKIP,,NA,[],[]
NCT05123508,WITHDRAWN,0.0,ACTUAL,2021,I-IV,1,1,1,1,0,0,Sanctuary Plastic Surgery,Boca Raton,Florida,33431,26.3936282,-80.0759346,0.0,0.0,0.0,0.0,0.0,0.0,0.0,"Sanctuary Plastic Surgery, Boca Raton, Florida 33431",Sanctuary Plastic Surgery,NA,[],"[{'name': 'Joel Cohen, MD', 'affiliation': 'AboutSkin Research, LLC', 'role': 'PRINCIPAL_INVESTIGATOR'}, {'name': 'Jason Pozner, MD', 'affiliation': 'Sanctuary Plastic Surgery', 'role': 'PRINCIPAL_INVESTIGATOR'}]"
NCT06363240,COMPLETED,4.0,ACTUAL,2025,All,1,1,1,1,1,1,Sanctuary Plastic Surgery,Boca Raton,Florida,33431,26.3936282,-80.0759346,0.0,0.0,0.0,0.0,0.0,0.0,0.0,"Sanctuary Plastic Surgery, Boca Raton, Florida 33431",Sanctuary Plastic Surgery,NA,[],"[{'name': 'Jonathan Cook, MD', 'affiliation': 'Sanctuary Plastic Surgery', 'role': 'PRINCIPAL_INVESTIGATOR'}]"
NCT02711618,UNKNOWN,47.0,ACTUAL,2017,I-VI,1,1,1,1,1,1,Sanctuary Plastic Surgery,Boca Raton,Florida,33431,26.3936282,-80.0759346,0.0,0.0,0.0,0.0,0.0,0.0,0.0,"Sanctuary Plastic Surgery, Boca Raton, Florida 33431",Sanctuary Plastic Surgery,NA,[],"[{'name': 'Alan H Gold, M.D.', 'affiliation': 'Aesthetic Plastic Surgery & Cosmetic Medicine Great Neck, New York', 'role': 'PRINCIPAL_INVESTIGATOR'}]"
NCT05750901,RECRUITING,1000.0,ESTIMATED,2025,I-VI,1,1,1,1,1,1,Sanctuary Plastic Surgery,Boca Raton,Florida,33431,26.3936282,-80.0759346,0.0,0.0,0.0,0.0,0.0,0.0,0.0,"Sanctuary Plastic Surgery, Boca Raton, Florida 33431",Sanctuary Plastic Surgery,NA,"[{'name': 'Sciton Inc.', 'role': 'CONTACT', 'phone': '6504939155', 'email': 'clinicaltrials@sciton.com'}, {'name': 'Sciton Inc', 'role': 'CONTACT', 'phone': '6504939155', 'email': 'clinicaltrials@sciton.com'}]",[]
NCT01030198,TERMINATED,7.0,ACTUAL,2020,I-VI,1,1,1,1,1,1,Sanctuary Medical Aesthetic Center,Boca Raton,Florida,33431,26.3936282,-80.0759346,0.0,0.0,0.0,0.0,0.0,0.0,0.0,"Sanctuary Medical Aesthetic Center, Boca Raton, Florida 33431",Sanctuary Medical Center,NA,[],[]
NCT01597323,COMPLETED,61.0,ACTUAL,2019,I-VI,1,1,1,1,1,1,Sanctuary Medical Aesthetic Center,Boca Raton,Florida,33431,26.3936282,-80.0759346,0.0,0.0,0.0,0.0,0.0,0.0,0.0,"Sanctuary Medical Aesthetic Center, Boca Raton, Florida 33431",Sanctuary Medical Center,N/A,[],"[{'name': 'Alan H Gold, MD', 'affiliation': 'Board Certified Plastic Surgeon, American Board of Plastic Surgeons', 'role': 'PRINCIPAL_INVESTIGATOR'}, {'name': 'Robert Weiss, MD', 'affiliation': 'Board Certified Dermatologist, American Board of Medical Specialties', 'role': 'PRINCIPAL_INVESTIGATOR'}, {'name': 'Jason N Pozner, MD', 'affiliation': 'Board Certified Plastic Surgeon, American Board of Plastic Surgeons', 'role': 'PRINCIPAL_INVESTIGATOR'}]"
NCT01912950,COMPLETED,11.0,ACTUAL,2023,I-III,1,1,1,0,0,0,Sadick Research Group,New York,New York,10075,40.7759685,-73.95977979999999,0.0,0.0,0.0,0.0,0.0,0.0,0.0,"Sadick Research Group, New York, New York 10075",Sadick Dermatology,NA,[],"[{'name': 'Neil Sadick', 'affiliation': 'Study Principal Investigator', 'role': 'PRINCIPAL_INVESTIGATOR'}]"
NCT02110108,COMPLETED,10.0,ACTUAL,2021,I-III,1,1,1,0,0,0,Sadick Research Group,New York,New York,10075,40.7759685,-73.95977979999999,0.0,0.0,0.0,0.0,0.0,0.0,0.0,"Sadick Research Group, New York, New York 10075",Sadick Dermatology,NA,[],"[{'name': 'Patricia Krantz', 'affiliation': 'Cynosure, Inc.', 'role': 'STUDY_DIRECTOR'}]"
NCT05372419,COMPLETED,90.0,ACTUAL,2025,IV-VI,0,0,0,1,1,1,Sadick Research Group,New York,New York,10075,40.7759685,-73.95977979999999,6.0,10.0,4.0,70.0,0.0,0.0,0.0,"Sadick Research Group, New York, New York 10075",Sadick Dermatology,PHASE3,[],"[{'name': 'Call 1-877-CTLILLY (1-877-285-4559) or 1-317-615-4559 Mon - Fri 9 AM - 5 PM Eastern time (UTC/GMT - 5 hours, EST)', 'affiliation': 'Eli Lilly and Company', 'role': 'STUDY_DIRECTOR'}]"
NCT02924428,TERMINATED,47.0,ACTUAL,2020,I-VI,1,1,1,1,1,1,Sadick Research Group,New York,New York,10075,40.7759685,-73.95977979999999,0.0,12.0,0.0,10.0,54.0,2.0,0.0,"Sadick Research Group, New York, New York 10075",Sadick Dermatology,NA,[],"[{'name': 'Joseph L Reiz', 'affiliation': 'Venus Concept Ltd.', 'role': 'STUDY_DIRECTOR'}]"
NCT02003833,COMPLETED,40.0,ACTUAL,2015,I-IV,1,1,1,1,0,0,Sadick Research Group,New York,New York,10075,40.7759685,-73.95977979999999,0.0,0.0,0.0,0.0,0.0,0.0,0.0,"Sadick Research Group, New York, New York 10075",Sadick Dermatology,PHASE4,[],"[{'name': 'Neil S Sadick, MD', 'affiliation': 'Sadick Research Group', 'role': 'PRINCIPAL_INVESTIGATOR'}, {'name': 'William Hanke, MD', 'affiliation': 'Laser and Skin Surgery Center of Indiana', 'role': 'PRINCIPAL_INVESTIGATOR'}]"
NCT03921814,COMPLETED,102.0,ACTUAL,2022,I-V,1,1,1,1,1,0,Sadick Research Group,New York,New York,10075,40.7759685,-73.95977979999999,0.0,0.0,0.0,0.0,0.0,0.0,0.0,"Sadick Research Group, New York, New York 10075",Sadick Dermatology,NA,[],"[{'name': 'Gary Lotz', 'affiliation': 'Head of Global Clinical and Scientific Affairs', 'role': 'STUDY_DIRECTOR'}]"
NCT00981461,COMPLETED,72.0,ACTUAL,2012,I-IV,1,1,1,1,0,0,Sadick Research Group,New York,New York,10075,40.7759685,-73.95977979999999,0.0,0.0,0.0,0.0,0.0,0.0,0.0,"Sadick Research Group, New York, New York 10075",Sadick Dermatology,NA,[],"[{'name': 'Michael Jarratt, M.D.', 'affiliation': 'DermaResearch, Inc.', 'role': 'PRINCIPAL_INVESTIGATOR'}, {'name': 'Abe Marcadis, M.D.', 'affiliation': 'Palm Beach Research Center', 'role': 'PRINCIPAL_INVESTIGATOR'}, {'name': 'David Goldberg, M.D.', 'affiliation': 'Hackensack, NJ', 'role': 'PRINCIPAL_INVESTIGATOR'}, {'name': 'Neil S Sadick, MD', 'affiliation': 'Sadick Research Group', 'role': 'PRINCIPAL_INVESTIGATOR'}, {'name': 'Jose Mendez, DO', 'affiliation': 'International Dermatology Research, Inc.', 'role': 'PRINCIPAL_INVESTIGATOR'}, {'name': 'Janet Hickman, MD', 'affiliation': 'The Education and Researvh Foundation', 'role': 'PRINCIPAL_INVESTIGATOR'}]"
NCT03284333,COMPLETED,45.0,ACTUAL,2023,I-VI,1,1,1,1,1,1,Sadick Dermatology/Sadick Research Center,New York,New York,10075,40.7759685,-73.95977979999999,1.0,10.0,2.0,1.0,28.0,1.0,0.0,"Sadick Dermatology/Sadick Research Center, New York, New York 10075",Sadick Dermatology,NA,[],"[{'name': 'Stephen Ronan, M.D.', 'affiliation': 'Cutera Research Center', 'role': 'PRINCIPAL_INVESTIGATOR'}, {'name': 'Neil Sadick, M.D.', 'affiliation': 'Sadick Dermatology/Sadick Research Center', 'role': 'PRINCIPAL_INVESTIGATOR'}]"
NCT01950065,COMPLETED,85.0,ACTUAL,2015,"I, II, III, IV",1,1,1,1,0,0,Roseville Facial Plastic Surgery,Roseville,California,95661,38.7664323,-121.2467686,0.0,0.0,0.0,0.0,0.0,0.0,0.0,"Roseville Facial Plastic Surgery, Roseville, California 95661","Roseville Facial Plastic Surgery Dr. David J. Kiener, Dr. Jonathan Sykes",NA,[],[]
NCT02452359,TERMINATED,54.0,ACTUAL,2020,I-V,1,1,1,1,1,0,Rosenberg Plastic Surgery,Beverly Hills,California,90211,34.0681214,-118.3838594,0.0,0.0,0.0,0.0,0.0,0.0,0.0,"Rosenberg Plastic Surgery, Beverly Hills, California 90211",Rosenberg Plastic Surgery,NA,[],"[{'name': 'Tracey L Mancuso', 'affiliation': 'Venus Concept', 'role': 'STUDY_DIRECTOR'}]"
NCT05750914,COMPLETED,15.0,ACTUAL,2024,I-IV,1,1,1,1,0,0,Rochester Dermatologic Surgery,Victor,New York,14654,43.001403,-77.43775099999999,0.0,0.0,0.0,0.0,0.0,0.0,0.0,"Rochester Dermatologic Surgery, Victor, New York 14654",Rochester Dermatologic Surgery,NA,[],"[{'name': 'Sherrif Ibrahim, MD', 'affiliation': 'Rochester Dermatologic Surgery', 'role': 'PRINCIPAL_INVESTIGATOR'}]"
NCT02772276,COMPLETED,234.0,ACTUAL,2023,"I, II, III",1,1,1,0,0,0,Riverside Clinical Research,Edgewater,Florida,32132,28.9779602,-80.89977840000002,4.0,2.0,0.0,174.0,288.0,0.0,0.0,"Riverside Clinical Research, Edgewater, Florida 32132",Velocity Clinical Research,PHASE2,[],"[{'name': 'Richard B Dorshow, PhD', 'affiliation': 'MediBeacon, Inc.', 'role': 'STUDY_DIRECTOR'}]"
NCT00375544,COMPLETED,10.0,ESTIMATED,2009,"I, II, III",1,1,1,0,0,0,"Richard Neiman, M.D.",Kirkland,Washington,98034,47.68149,-122.20874,0.0,0.0,0.0,0.0,0.0,0.0,0.0,"Richard Neiman, M.D., Kirkland, Washington 98034",NO_RESULTS_FOUND,PHASE1,[],"[{'name': 'James C Chen, M.D.', 'affiliation': 'Light Sciences LLC', 'role': 'STUDY_DIRECTOR'}]"
NCT05590585,COMPLETED,124.0,ACTUAL,2024,IV,0,0,0,1,0,0,RFSA Dermatology,San Antonio,Texas,78213,29.5366082,-98.5191773,0.0,0.0,0.0,0.0,0.0,0.0,0.0,"RFSA Dermatology, San Antonio, Texas 78213",RFSA Dermatology Castle Hills,PHASE4,[],"[{'name': 'Clinical Trial Management', 'affiliation': 'Regeneron Pharmaceuticals', 'role': 'STUDY_DIRECTOR'}]"
NCT02770287,COMPLETED,11.0,ACTUAL,2020,I-VI,1,1,1,1,1,1,Revive Wellness Center,Torrance,California,90505,33.8153138,-118.3487288,0.0,1.0,0.0,1.0,9.0,0.0,0.0,"Revive Wellness Center, Torrance, California 90505",Revive Wellness Centers - Torrance,NA,[],"[{'name': 'Joseph Reiz', 'affiliation': 'Venus Concept', 'role': 'STUDY_DIRECTOR'}]"
NCT05372419,COMPLETED,90.0,ACTUAL,2025,IV-VI,0,0,0,1,1,1,Revival Research Institute - Troy,Troy,Michigan,48084,42.5610025,-83.16979909999999,6.0,10.0,4.0,70.0,0.0,0.0,0.0,"Revival Research Institute - Troy, Troy, Michigan 48084",Revival Research Institute,PHASE3,[],"[{'name': 'Call 1-877-CTLILLY (1-877-285-4559) or 1-317-615-4559 Mon - Fri 9 AM - 5 PM Eastern time (UTC/GMT - 5 hours, EST)', 'affiliation': 'Eli Lilly and Company', 'role': 'STUDY_DIRECTOR'}]"
NCT05590585,COMPLETED,124.0,ACTUAL,2024,IV,0,0,0,1,0,0,"Revival Research Institute , LLC",Troy,Michigan,48084,42.5610025,-83.16979909999999,0.0,0.0,0.0,0.0,0.0,0.0,0.0,"Revival Research Institute , LLC, Troy, Michigan 48084",Revival Research Institute,PHASE4,[],"[{'name': 'Clinical Trial Management', 'affiliation': 'Regeneron Pharmaceuticals', 'role': 'STUDY_DIRECTOR'}]"
NCT06436261,COMPLETED,20.0,ACTUAL,2024,I-III,1,1,1,0,0,0,Resurrect Skin MD,Dallas,Texas,75225,32.8633225,-96.8082309,0.0,0.0,0.0,0.0,0.0,0.0,0.0,"Resurrect Skin MD, Dallas, Texas 75225",Dr. Jay Burns - Resurrect Skin MD,NA,[],"[{'name': 'Jay Burns, MD', 'affiliation': 'Resurrect Skin MD', 'role': 'PRINCIPAL_INVESTIGATOR'}, {'name': 'James Namnoum, MD', 'affiliation': 'AYA™ Medical Spa', 'role': 'PRINCIPAL_INVESTIGATOR'}]"
NCT03502434,COMPLETED,223.0,ACTUAL,2018,All,1,1,1,1,1,1,Research Site,Lynchburg,Virginia,24503,37.41375,-79.14225,0.0,0.0,0.0,0.0,0.0,0.0,0.0,SKIP,,PHASE1,[],"[{'name': 'Yusuf Yazici, M.D.', 'affiliation': 'Biosplice Therapeutics, Inc.', 'role': 'STUDY_DIRECTOR'}]"
NCT03242577,COMPLETED,10.0,ACTUAL,2017,"I, II, III",1,1,1,0,0,0,Reliance Clinical Testing Services,Irving,Texas,75062,32.8504992,-97.0085097,0.0,0.0,0.0,0.0,0.0,0.0,0.0,"Reliance Clinical Testing Services, Irving, Texas 75062",Rcts Inc,N/A,[],"[{'name': 'Barry Reece', 'affiliation': 'RCTs', 'role': 'PRINCIPAL_INVESTIGATOR'}]"
NCT03346447,COMPLETED,23.0,ACTUAL,2018,"I, II, III",1,1,1,0,0,0,Reliance Clinical Testing Services,Irving,Texas,75062,32.8504992,-97.0085097,0.0,0.0,0.0,0.0,0.0,0.0,0.0,"Reliance Clinical Testing Services, Irving, Texas 75062",Rcts Inc,N/A,[],"[{'name': 'Barry Reece', 'affiliation': 'RCTs', 'role': 'PRINCIPAL_INVESTIGATOR'}]"
NCT02979210,COMPLETED,24.0,ACTUAL,2017,"I, II, III",1,1,1,0,0,0,Reliance Clinical Testing Service,Irving,Texas,75062,32.8504992,-97.0085097,0.0,0.0,0.0,0.0,0.0,0.0,0.0,"Reliance Clinical Testing Service, Irving, Texas 75062",Rcts Inc,NA,[],[]
NCT02615912,COMPLETED,24.0,ACTUAL,2016,"I, II, III",1,1,1,0,0,0,Reliance Clinical Testing Service,Irving,Texas,75062,32.8504992,-97.0085097,0.0,0.0,0.0,0.0,0.0,0.0,0.0,"Reliance Clinical Testing Service, Irving, Texas 75062",Rcts Inc,NA,[],"[{'name': 'Barry Reece, MBA', 'affiliation': 'RCTS, Inc.', 'role': 'PRINCIPAL_INVESTIGATOR'}]"
NCT06415435,RECRUITING,90.0,ESTIMATED,2024,I-VI,1,1,1,1,1,1,Refresh Dermatology,Houston,Texas,77081,29.7033867,-95.4752007,0.0,0.0,0.0,0.0,0.0,0.0,0.0,"Refresh Dermatology, Houston, Texas 77081",Refresh Dermatology,NA,"[{'name': 'Jamie Solorsa', 'role': 'CONTACT', 'phone': '9494572222', 'email': 'jamie@benev.com'}]",[]
NCT04936919,COMPLETED,12.0,ACTUAL,2023,I-III,1,1,1,0,0,0,RefinedMD,Los Gatos,California,95032,37.261321,-121.9703365,0.0,0.0,0.0,0.0,0.0,0.0,0.0,"RefinedMD, Los Gatos, California 95032",RefinedMD,NA,[],"[{'name': 'Swengel, MD', 'affiliation': 'RefinedMD', 'role': 'PRINCIPAL_INVESTIGATOR'}]"
NCT03970317,COMPLETED,7.0,ACTUAL,2020,I-V,1,1,1,1,1,0,Refined Dermatology,Los Gatos,California,95032,37.261321,-121.9703365,0.0,0.0,0.0,0.0,0.0,0.0,0.0,"Refined Dermatology, Los Gatos, California 95032",RefinedMD,NA,[],[]
NCT03944278,COMPLETED,15.0,ACTUAL,2020,I-VI,1,1,1,1,1,1,Refined Dermatology,Los Gatos,California,95032,37.261321,-121.9703365,0.0,0.0,0.0,0.0,0.0,0.0,0.0,"Refined Dermatology, Los Gatos, California 95032",RefinedMD,NA,[],"[{'name': 'Jay Patel', 'affiliation': 'Sciton', 'role': 'STUDY_DIRECTOR'}]"
NCT03820076,COMPLETED,21.0,ACTUAL,2020,"I, II, III, IV",1,1,1,1,0,0,"RCTS, Inc.",Irving,Texas,75062,32.8504992,-97.0085097,0.0,0.0,0.0,0.0,0.0,0.0,0.0,"RCTS, Inc., Irving, Texas 75062",Rcts Inc,NA,[],[]
NCT01437163,COMPLETED,88.0,ACTUAL,2016,I-IV,1,1,1,1,0,0,"Raymond J. Lanzafame, MD",Rochester,New York,14617,43.2105291,-77.5961153,0.0,0.0,0.0,0.0,0.0,0.0,0.0,"Raymond J. Lanzafame, MD, Rochester, New York 14617",Lanzafame Raymond J MD,NA,[],"[{'name': 'Raymond J. Lanzafame, MD', 'affiliation': 'Raymond J. Lanzafame, MD', 'role': 'STUDY_DIRECTOR'}, {'name': 'Peter S. Halperin, MD', 'affiliation': 'Peter S. Halperin, MD', 'role': 'PRINCIPAL_INVESTIGATOR'}, {'name': 'Adolfo Fernandez-Obregon, MD', 'affiliation': 'Adolfo Fernandez-Obregon, MD', 'role': 'PRINCIPAL_INVESTIGATOR'}, {'name': 'Jeffrey A Sklar, MD', 'affiliation': 'Center for Aesthetic Dermatology', 'role': 'PRINCIPAL_INVESTIGATOR'}]"
NCT05590585,COMPLETED,124.0,ACTUAL,2024,IV,0,0,0,1,0,0,Rao Dermatology,Atlantic Highlands,New Jersey,07716,40.4133222,-74.0381704,0.0,0.0,0.0,0.0,0.0,0.0,0.0,"Rao Dermatology, Atlantic Highlands, New Jersey 07716",Rao Dermatology,PHASE4,[],"[{'name': 'Clinical Trial Management', 'affiliation': 'Regeneron Pharmaceuticals', 'role': 'STUDY_DIRECTOR'}]"
NCT03590756,COMPLETED,36.0,ACTUAL,2019,"I, II",1,1,0,0,0,0,Ragle Human Nutrition Research Center,Davis,California,95616,38.5349743,-121.7662516,0.0,0.0,0.0,0.0,0.0,0.0,0.0,"Ragle Human Nutrition Research Center, Davis, California 95616",Human Nutrition Research center USDA,NA,[],[]
NCT01347879,COMPLETED,153.0,ACTUAL,2014,I-VI,1,1,1,1,1,1,Rady Children's Hospital,San Diego,California,92123,32.7979816,-117.1512449,0.0,0.0,0.0,0.0,0.0,0.0,0.0,"Rady Children's Hospital, San Diego, California 92123",Rady Children’s Hospital - San Diego,PHASE2,[],"[{'name': 'David Pariser, MD', 'affiliation': 'Virginia Clinical Research, Inc.', 'role': 'PRINCIPAL_INVESTIGATOR'}]"
NCT05372419,COMPLETED,90.0,ACTUAL,2025,IV-VI,0,0,0,1,1,1,PureSkin Dermatology,Orlando,Florida,32819,28.448562,-81.49085500000001,6.0,10.0,4.0,70.0,0.0,0.0,0.0,"PureSkin Dermatology, Orlando, Florida 32819",Pure Skin Dermatology & Aesthetics,PHASE3,[],"[{'name': 'Call 1-877-CTLILLY (1-877-285-4559) or 1-317-615-4559 Mon - Fri 9 AM - 5 PM Eastern time (UTC/GMT - 5 hours, EST)', 'affiliation': 'Eli Lilly and Company', 'role': 'STUDY_DIRECTOR'}]"
NCT05372419,COMPLETED,90.0,ACTUAL,2025,IV-VI,0,0,0,1,1,1,Progressive Clinical Research,San Antonio,Texas,78213,29.5184449,-98.5251734,6.0,10.0,4.0,70.0,0.0,0.0,0.0,"Progressive Clinical Research, San Antonio, Texas 78213",Progressive Clinical Research,PHASE3,[],"[{'name': 'Call 1-877-CTLILLY (1-877-285-4559) or 1-317-615-4559 Mon - Fri 9 AM - 5 PM Eastern time (UTC/GMT - 5 hours, EST)', 'affiliation': 'Eli Lilly and Company', 'role': 'STUDY_DIRECTOR'}]"
NCT05254210,COMPLETED,10.0,ACTUAL,2023,I-VI,1,1,1,1,1,1,Profiles Beverly Hills,West Hollywood,California,90069,34.0908581,-118.3926392,0.0,0.0,0.0,0.0,0.0,0.0,0.0,"Profiles Beverly Hills, West Hollywood, California 90069",Profiles Beverly Hills,NA,[],"[{'name': 'Jennifer Civiok', 'affiliation': 'Director of Clinical Research', 'role': 'STUDY_DIRECTOR'}]"
NCT03818555,UNKNOWN,125.0,ESTIMATED,2020,"I, II, III",1,1,1,0,0,0,Premier Clinical Research,Spokane,Washington,99202,47.6532825,-117.4038339,0.0,0.0,0.0,0.0,0.0,0.0,0.0,"Premier Clinical Research, Spokane, Washington 99202",Premier Clinical Research,NA,[],"[{'name': 'VP, Clinical & Regulatory Affairs', 'affiliation': 'Sebacia, Inc.', 'role': 'STUDY_DIRECTOR'}]"
NCT01347879,COMPLETED,153.0,ACTUAL,2014,I-VI,1,1,1,1,1,1,Premier Clinical Research,Spokane,Washington,99216,47.6532825,-117.4038339,0.0,0.0,0.0,0.0,0.0,0.0,0.0,"Premier Clinical Research, Spokane, Washington 99216",Premier Clinical Research,PHASE2,[],"[{'name': 'David Pariser, MD', 'affiliation': 'Virginia Clinical Research, Inc.', 'role': 'PRINCIPAL_INVESTIGATOR'}]"
NCT02748928,COMPLETED,62.0,ACTUAL,2019,I-VI,1,1,1,1,1,1,Prana Medical Aesthetics,Jacksonville Beach,Florida,32250,30.2878614,-81.4021661,3.0,3.0,1.0,3.0,52.0,0.0,0.0,"Prana Medical Aesthetics, Jacksonville Beach, Florida 32250",Pure Harmony Med Spa,NA,[],"[{'name': 'Ruthie Amir, MD', 'affiliation': 'Syneron Medical', 'role': 'STUDY_DIRECTOR'}]"
NCT06473974,WITHDRAWN,0.0,ACTUAL,2024,I-VI,1,1,1,1,1,1,Pioneer Clinical research,New York,New York,10016,25.7570769,-80.25874019999999,0.0,0.0,0.0,0.0,0.0,0.0,0.0,"Pioneer Clinical research, New York, New York 10016",Pioneer Clinical Studies,PHASE2,[],"[{'name': 'Dr. Prayag Shah, MD, MBA', 'affiliation': 'Intra-group cooperation or coordination', 'role': 'STUDY_DIRECTOR'}]"
NCT04269317,WITHDRAWN,0.0,ACTUAL,2021,I-VI,1,1,1,1,1,1,Physicians Laser and Dermatology Institute,Chicago,Illinois,60611,41.8950882,-87.62325709999999,0.0,0.0,0.0,0.0,0.0,0.0,0.0,"Physicians Laser and Dermatology Institute, Chicago, Illinois 60611",Physicians Laser & Dermatology,NA,[],"[{'name': 'Jerome M Garden, MD', 'affiliation': 'Physicians Laser and Dermatology Institute', 'role': 'PRINCIPAL_INVESTIGATOR'}]"
NCT05590585,COMPLETED,124.0,ACTUAL,2024,IV,0,0,0,1,0,0,"Philip Fried, MD PLLC",The Bronx,New York,10463,40.8802138,-73.9070555,0.0,0.0,0.0,0.0,0.0,0.0,0.0,"Philip Fried, MD PLLC, The Bronx, New York 10463",Philip Fried,PHASE4,[],"[{'name': 'Clinical Trial Management', 'affiliation': 'Regeneron Pharmaceuticals', 'role': 'STUDY_DIRECTOR'}]"
NCT02260180,COMPLETED,119.0,ACTUAL,2020,I-IV,1,1,1,1,0,0,Philadelphia Institute of Dermatology,Fort Washington,Pennsylvania,19034,40.1422669,-75.17267509999999,0.0,2.0,0.0,0.0,236.0,0.0,0.0,"Philadelphia Institute of Dermatology, Fort Washington, Pennsylvania 19034",Advanced Dermatology and Cosmetic Surgery - Fort Washington,PHASE2,[],"[{'name': 'Brian Beger, BS', 'affiliation': 'Aclaris Therapeutics, Inc.', 'role': 'STUDY_DIRECTOR'}]"
NCT01437163,COMPLETED,88.0,ACTUAL,2016,I-IV,1,1,1,1,0,0,"Peter S. Halperin, MD",New York,New York,10065,40.76403560000001,-73.9680204,0.0,0.0,0.0,0.0,0.0,0.0,0.0,"Peter S. Halperin, MD, New York, New York 10065","Peter S. Halperin, MD",NA,[],"[{'name': 'Raymond J. Lanzafame, MD', 'affiliation': 'Raymond J. Lanzafame, MD', 'role': 'STUDY_DIRECTOR'}, {'name': 'Peter S. Halperin, MD', 'affiliation': 'Peter S. Halperin, MD', 'role': 'PRINCIPAL_INVESTIGATOR'}, {'name': 'Adolfo Fernandez-Obregon, MD', 'affiliation': 'Adolfo Fernandez-Obregon, MD', 'role': 'PRINCIPAL_INVESTIGATOR'}, {'name': 'Jeffrey A Sklar, MD', 'affiliation': 'Center for Aesthetic Dermatology', 'role': 'PRINCIPAL_INVESTIGATOR'}]"
NCT02217228,COMPLETED,394.0,ACTUAL,2017,"I, II, III",1,1,1,0,0,0,Penn State Hershey Medical Center,Hershey,Pennsylvania,17033,40.2637903,-76.6765984,0.0,0.0,0.0,0.0,0.0,0.0,0.0,"Penn State Hershey Medical Center, Hershey, Pennsylvania 17033",Penn State Health Milton S. Hershey Medical Center,NA,[],[]
NCT01347879,COMPLETED,153.0,ACTUAL,2014,I-VI,1,1,1,1,1,1,Penn State Hershey Medical Center,Hershey,Pennsylvania,17033,40.2637903,-76.6765984,0.0,0.0,0.0,0.0,0.0,0.0,0.0,"Penn State Hershey Medical Center, Hershey, Pennsylvania 17033",Penn State Health Milton S. Hershey Medical Center,PHASE2,[],"[{'name': 'David Pariser, MD', 'affiliation': 'Virginia Clinical Research, Inc.', 'role': 'PRINCIPAL_INVESTIGATOR'}]"
NCT00922623,COMPLETED,93.0,ACTUAL,2013,"IV, V, VI",0,0,0,1,1,1,Pearl E Grimes,Los Angeles,California,90036,34.062017,-118.352129,0.0,0.0,0.0,0.0,0.0,0.0,0.0,"Pearl E Grimes, Los Angeles, California 90036","Dr. Pearl E. Grimes, MD",NA,[],"[{'name': 'Rhoda Narins, MD', 'affiliation': 'Dermatology Surgery and Laser Center', 'role': 'PRINCIPAL_INVESTIGATOR'}]"
NCT04738734,COMPLETED,150.0,ACTUAL,2023,"I, II, III, IV",1,1,1,1,0,0,Palm Harbor Dermatology,Clearwater,Florida,34685,28.0642048,-82.7057078,0.0,12.0,0.0,4.0,274.0,4.0,6.0,"Palm Harbor Dermatology, Clearwater, Florida 34685",PHDermatology- Palm Harbor,NA,[],"[{'name': 'Richard Nuccitelli, PhD', 'affiliation': 'Pulse Biosciences, Inc.', 'role': 'STUDY_CHAIR'}]"
NCT02772276,COMPLETED,234.0,ACTUAL,2023,"I, II, III",1,1,1,0,0,0,Orlando Clinical Research Center,Orlando,Florida,32809,28.487996,-81.372485,4.0,2.0,0.0,174.0,288.0,0.0,0.0,"Orlando Clinical Research Center, Orlando, Florida 32809",Orlando Clinical Research Center,PHASE2,[],"[{'name': 'Richard B Dorshow, PhD', 'affiliation': 'MediBeacon, Inc.', 'role': 'STUDY_DIRECTOR'}]"
NCT02260180,COMPLETED,119.0,ACTUAL,2020,I-IV,1,1,1,1,0,0,Oregon Medical Research Center,Portland,Oregon,97223,45.5102658,-122.674773,0.0,2.0,0.0,0.0,236.0,0.0,0.0,"Oregon Medical Research Center, Portland, Oregon 97223",Oregon Medical Research Center,PHASE2,[],"[{'name': 'Brian Beger, BS', 'affiliation': 'Aclaris Therapeutics, Inc.', 'role': 'STUDY_DIRECTOR'}]"
NCT05590585,COMPLETED,124.0,ACTUAL,2024,IV,0,0,0,1,0,0,Oregon Health & Science University,Portland,Oregon,97239,45.4980964,-122.6856243,0.0,0.0,0.0,0.0,0.0,0.0,0.0,"Oregon Health & Science University, Portland, Oregon 97239",Oregon Health & Science University,PHASE4,[],"[{'name': 'Clinical Trial Management', 'affiliation': 'Regeneron Pharmaceuticals', 'role': 'STUDY_DIRECTOR'}]"
NCT00594425,COMPLETED,150.0,ACTUAL,2013,I-IV,1,1,1,1,0,0,Oregon Dermatology and Research Center,Portland,Oregon,97210,45.5298121,-122.7037246,0.0,0.0,0.0,0.0,0.0,0.0,0.0,"Oregon Dermatology and Research Center, Portland, Oregon 97210","Phoebe Rich, M.D., Oregon Dermatology and Research Center",PHASE2,[],"[{'name': 'David Pariser, MD', 'affiliation': 'AAD', 'role': 'PRINCIPAL_INVESTIGATOR'}]"
NCT01026441,TERMINATED,60.0,ESTIMATED,2011,I-VI,1,1,1,1,1,1,Orange Coast Women's Medical Group,Laguna Hills,California,92653,33.6088402,-117.7075703,0.0,0.0,0.0,0.0,0.0,0.0,0.0,"Orange Coast Women's Medical Group, Laguna Hills, California 92653",Orange Coast Women's Group - Laguna Hills,PHASE4,[],[]
NCT05321784,TERMINATED,1.0,ACTUAL,2025,I-IV,1,1,1,1,0,0,OHSU Knight Cancer Institute,Portland,Oregon,97239,45.4983527,-122.6714306,0.0,0.0,0.0,0.0,0.0,0.0,0.0,"OHSU Knight Cancer Institute, Portland, Oregon 97239","OHSU Knight Cancer Institute, South Waterfront",NA,[],"[{'name': 'Sancy A. Leachman, MD, PhD', 'affiliation': 'OHSU Knight Cancer Institute', 'role': 'PRINCIPAL_INVESTIGATOR'}]"
NCT05235334,COMPLETED,13.0,ACTUAL,2023,"I, II, III, IV, V, VI",1,1,1,1,1,1,"Office of Jashin J. Wu, MD",Irvine,California,92620,33.9043185,-117.4696937,0.0,0.0,0.0,0.0,0.0,0.0,0.0,"Office of Jashin J. Wu, MD, Irvine, California 92620","Jashin Joaquin Wu, MD | Kaiser Permanente",NA,[],"[{'name': 'Jashin J Wu, MD', 'affiliation': 'Office of Jashin Wu, M.D.', 'role': 'PRINCIPAL_INVESTIGATOR'}, {'name': 'Chih-ho Hong, MD', 'affiliation': 'Dr. Chih-ho Hong Medical Inc.', 'role': 'PRINCIPAL_INVESTIGATOR'}]"
NCT05372419,COMPLETED,90.0,ACTUAL,2025,IV-VI,0,0,0,1,1,1,Oakland Hills Dermatology,Auburn Hills,Michigan,48326,42.6334622,-83.2202454,6.0,10.0,4.0,70.0,0.0,0.0,0.0,"Oakland Hills Dermatology, Auburn Hills, Michigan 48326",Oakland Hills Dermatology P.C.,PHASE3,[],"[{'name': 'Call 1-877-CTLILLY (1-877-285-4559) or 1-317-615-4559 Mon - Fri 9 AM - 5 PM Eastern time (UTC/GMT - 5 hours, EST)', 'affiliation': 'Eli Lilly and Company', 'role': 'STUDY_DIRECTOR'}]"
NCT04738734,COMPLETED,150.0,ACTUAL,2023,"I, II, III, IV",1,1,1,1,0,0,Oak Dermatology,Joliet,Illinois,60435,41.5504921,-88.15860339999999,0.0,12.0,0.0,4.0,274.0,4.0,6.0,"Oak Dermatology, Joliet, Illinois 60435",Oak Dermatology,NA,[],"[{'name': 'Richard Nuccitelli, PhD', 'affiliation': 'Pulse Biosciences, Inc.', 'role': 'STUDY_CHAIR'}]"
NCT04248699,COMPLETED,72.0,ACTUAL,2020,"II, III",0,1,1,0,0,0,o ObvioHealth,Orlando,Florida,32817,28.53834,-81.37924,0.0,0.0,0.0,0.0,0.0,0.0,0.0,"o ObvioHealth, Orlando, Florida 32817",NO_RESULTS_FOUND,NA,[],"[{'name': 'Parth Shah, MD', 'affiliation': 'ObvioHealth', 'role': 'PRINCIPAL_INVESTIGATOR'}]"
NCT02067260,COMPLETED,,,2014,"I, II, III, IV",1,1,1,1,0,0,NYU School of Medicine,New York,New York,10003,40.742133,-73.97385109999999,0.0,0.0,0.0,0.0,0.0,0.0,0.0,"NYU School of Medicine, New York, New York 10003",NYU Grossman School of Medicine,NA,[],[]
NCT05590585,COMPLETED,124.0,ACTUAL,2024,IV,0,0,0,1,0,0,"NYC Health + Hospital , Elmhurst Hospital Center",Elmhurst,New York,11373,40.7450814,-73.8857797,0.0,0.0,0.0,0.0,0.0,0.0,0.0,"NYC Health + Hospital , Elmhurst Hospital Center, Elmhurst, New York 11373",NYC Health + Hospitals/Elmhurst,PHASE4,[],"[{'name': 'Clinical Trial Management', 'affiliation': 'Regeneron Pharmaceuticals', 'role': 'STUDY_DIRECTOR'}]"
NCT05773924,UNKNOWN,25.0,ESTIMATED,2023,I-VI,1,1,1,1,1,1,NY Laser Skin Care,New York,New York,10028,40.78108230000001,-73.96048429999999,0.0,0.0,0.0,0.0,0.0,0.0,0.0,"NY Laser Skin Care, New York, New York 10028",Dr. Arielle Kauvar,NA,"[{'name': 'Fiona Kerr', 'role': 'CONTACT', 'phone': '212-249-9440', 'email': 'nurses@nylaserskincare.com'}]","[{'name': 'Arielle Kauvar, MD', 'affiliation': 'New York Laser & Skin Care', 'role': 'PRINCIPAL_INVESTIGATOR'}]"
NCT01745224,TERMINATED,4.0,ACTUAL,2020,III-VI,0,0,1,1,1,1,NY Laser and Skin Care,New York,New York,10028,40.7446877,-73.974925,0.0,0.0,0.0,0.0,0.0,0.0,0.0,"NY Laser and Skin Care, New York, New York 10028",Laser & Skin Surgery Center of New York,NA,[],"[{'name': 'Patricia Krantz', 'affiliation': 'Cynosure, Inc.', 'role': 'STUDY_DIRECTOR'}]"
NCT02110134,COMPLETED,6.0,ACTUAL,2020,III-VI,0,0,1,1,1,1,NY Laser and Skin Care,New York,New York,10028,40.7446877,-73.974925,0.0,0.0,0.0,0.0,0.0,0.0,0.0,"NY Laser and Skin Care, New York, New York 10028",Laser & Skin Surgery Center of New York,NA,[],"[{'name': 'Patricia Krantz', 'affiliation': 'Cynosure, Inc.', 'role': 'STUDY_DIRECTOR'}]"
NCT02528552,UNKNOWN,80.0,ESTIMATED,2016,I-IV,1,1,1,1,0,0,"NW Dermatology & Research Center, LLC",Portland,Oregon,97210,45.52993319999999,-122.7032055,0.0,0.0,0.0,0.0,0.0,0.0,0.0,"NW Dermatology & Research Center, LLC, Portland, Oregon 97210",NW Dermatology Institute,PHASE2,[],[]
NCT06749808,ENROLLING_BY_INVITATION,36.0,ESTIMATED,2024,I-VI,1,1,1,1,1,1,Nu Skin,Provo,Utah,84601,40.2332835,-111.6602541,0.0,0.0,0.0,0.0,0.0,0.0,0.0,"Nu Skin, Provo, Utah 84601",Nu Skin Enterprises,NA,[],[]
NCT02431494,TERMINATED,4.0,ACTUAL,2020,II-V,0,1,1,1,1,0,"NSU COM Division of Dermatology, General, Cosmetic Dermatology and Cutaneous Surgery",Fort Lauderdale,Florida,33328,26.1895073,-80.1188102,0.0,0.0,0.0,0.0,0.0,0.0,0.0,"NSU COM Division of Dermatology, General, Cosmetic Dermatology and Cutaneous Surgery, Fort Lauderdale, Florida 33328",Fort Lauderdale Dermatology,NA,[],"[{'name': 'Sergey Arutyunyan, M.S.', 'affiliation': 'Nova Southeastern University College of Osteopathic Medicine', 'role': 'PRINCIPAL_INVESTIGATOR'}]"
NCT04558242,UNKNOWN,50.0,ESTIMATED,2020,I-VI,1,1,1,1,1,1,"NST Consultants, Inc.",Mendham,New Jersey,07945,40.782773,-74.586175,0.0,0.0,0.0,0.0,0.0,0.0,0.0,"NST Consultants, Inc., Mendham, New Jersey 07945",NST Consultants,NA,"[{'name': 'Rebecca J Settar, RN', 'role': 'CONTACT', 'phone': '973-539-7444', 'email': 'rebeccas@nstconsultantsinc.com'}, {'name': 'Raymond R Blanche', 'role': 'CONTACT', 'phone': '973-417-8675', 'email': 'raymond@nstconsultantsinc.com'}]","[{'name': 'Adam Bodian, MD', 'affiliation': 'Bodian Dermatology Group', 'role': 'PRINCIPAL_INVESTIGATOR'}]"
NCT03066843,ACTIVE_NOT_RECRUITING,60.0,ESTIMATED,2025,I-VI,1,1,1,1,1,1,"Northwestern University Feinberg School of Medicine, Department of Dermatology",Chicago,Illinois,60611,41.8945069,-87.6230612,0.0,0.0,0.0,0.0,0.0,0.0,0.0,"Northwestern University Feinberg School of Medicine, Department of Dermatology, Chicago, Illinois 60611",Northwestern Medicine Department of Dermatology,NA,[],"[{'name': 'Murad Alam, MD', 'affiliation': 'Northwestern University', 'role': 'PRINCIPAL_INVESTIGATOR'}]"
NCT01529983,ACTIVE_NOT_RECRUITING,20.0,ESTIMATED,2025,I-III,1,1,1,0,0,0,"Northwestern University Feinberg School of Medicine, Department of Dermatology",Chicago,Illinois,60611,41.8945069,-87.6230612,0.0,0.0,0.0,0.0,0.0,0.0,0.0,"Northwestern University Feinberg School of Medicine, Department of Dermatology, Chicago, Illinois 60611",Northwestern Medicine Department of Dermatology,EARLY_PHASE1,[],"[{'name': 'Murad Alam, MD', 'affiliation': 'Northwestern University', 'role': 'PRINCIPAL_INVESTIGATOR'}]"
NCT02318654,ACTIVE_NOT_RECRUITING,30.0,ESTIMATED,2025,I-III,1,1,1,0,0,0,"Northwestern University Feinberg School of Medicine, Department of Dermatology",Chicago,Illinois,60611,41.8945069,-87.6230612,0.0,0.0,0.0,0.0,0.0,0.0,0.0,"Northwestern University Feinberg School of Medicine, Department of Dermatology, Chicago, Illinois 60611",Northwestern Medicine Department of Dermatology,PHASE4,[],"[{'name': 'Murad Alam, MD', 'affiliation': 'Northwestern University', 'role': 'PRINCIPAL_INVESTIGATOR'}]"
NCT00894244,COMPLETED,25.0,ACTUAL,2021,I-III,1,1,1,0,0,0,"Northwestern University Feinberg School of Medicine, Department of Dermatology",Chicago,Illinois,60611,41.8945069,-87.6230612,0.0,0.0,0.0,0.0,0.0,0.0,0.0,"Northwestern University Feinberg School of Medicine, Department of Dermatology, Chicago, Illinois 60611",Northwestern Medicine Department of Dermatology,NA,[],[]
NCT02427724,ACTIVE_NOT_RECRUITING,48.0,ESTIMATED,2025,I-III,1,1,1,0,0,0,"Northwestern University Feinberg School of Medicine, Department of Dermatology",Chicago,Illinois,60611,41.8945069,-87.6230612,0.0,0.0,0.0,0.0,0.0,0.0,0.0,"Northwestern University Feinberg School of Medicine, Department of Dermatology, Chicago, Illinois 60611",Northwestern Medicine Department of Dermatology,EARLY_PHASE1,[],"[{'name': 'Murad Alam, MD', 'affiliation': 'Northwestern University', 'role': 'PRINCIPAL_INVESTIGATOR'}]"
NCT03057964,ACTIVE_NOT_RECRUITING,76.0,ACTUAL,2025,I-VI,1,1,1,1,1,1,"Northwestern University Feinberg School of Medicine, Department of Dermatology",Chicago,Illinois,60611,41.8945069,-87.6230612,0.0,0.0,0.0,0.0,0.0,0.0,0.0,"Northwestern University Feinberg School of Medicine, Department of Dermatology, Chicago, Illinois 60611",Northwestern Medicine Department of Dermatology,NA,[],"[{'name': 'Murad Alam, MD', 'affiliation': 'Northwestern University', 'role': 'PRINCIPAL_INVESTIGATOR'}]"
NCT01281644,COMPLETED,23.0,ACTUAL,2021,I-III,1,1,1,0,0,0,Northwestern University,Chicago,Illinois,60611,41.8961511,-87.62001529999999,0.0,0.0,0.0,0.0,0.0,0.0,0.0,"Northwestern University, Chicago, Illinois 60611",Northwestern University Chicago,NA,[],"[{'name': 'Murad Alam, MD', 'affiliation': 'Northwestern University', 'role': 'PRINCIPAL_INVESTIGATOR'}]"
NCT01905891,COMPLETED,7.0,ACTUAL,2014,I-III,1,1,1,0,0,0,Northwestern Memorial Hospital,Chicago,Illinois,60611,41.8947049,-87.62148580000002,0.0,0.0,0.0,0.0,0.0,0.0,0.0,"Northwestern Memorial Hospital, Chicago, Illinois 60611",Northwestern Memorial Hospital,NA,[],"[{'name': 'Joan Guitart, MD', 'affiliation': 'Northwestern University', 'role': 'PRINCIPAL_INVESTIGATOR'}]"
NCT05590585,COMPLETED,124.0,ACTUAL,2024,IV,0,0,0,1,0,0,Northwestern Memorial Hospital,Chicago,Illinois,60611,41.8947049,-87.62148580000002,0.0,0.0,0.0,0.0,0.0,0.0,0.0,"Northwestern Memorial Hospital, Chicago, Illinois 60611",Northwestern Memorial Hospital,PHASE4,[],"[{'name': 'Clinical Trial Management', 'affiliation': 'Regeneron Pharmaceuticals', 'role': 'STUDY_DIRECTOR'}]"
NCT01347879,COMPLETED,153.0,ACTUAL,2014,I-VI,1,1,1,1,1,1,North Florida Dermatology Associates,Jacksonville,Florida,32204,30.2127285,-81.51246859999999,0.0,0.0,0.0,0.0,0.0,0.0,0.0,"North Florida Dermatology Associates, Jacksonville, Florida 32204","North Florida Dermatology Associates, PA: Brown Robert G MD",PHASE2,[],"[{'name': 'David Pariser, MD', 'affiliation': 'Virginia Clinical Research, Inc.', 'role': 'PRINCIPAL_INVESTIGATOR'}]"
NCT02663921,COMPLETED,8.0,ACTUAL,2019,I-VI,1,1,1,1,1,1,New York University School of Medicine,New York,New York,10016,40.745038,-73.97998539999999,0.0,0.0,0.0,0.0,0.0,0.0,0.0,"New York University School of Medicine, New York, New York 10016",NYU School of Medicine (Langone Medical Center),NA,[],"[{'name': 'Nicholas Soter', 'affiliation': 'New York University Medical School', 'role': 'PRINCIPAL_INVESTIGATOR'}]"
NCT01335581,COMPLETED,18.0,ACTUAL,2022,III-VI,0,0,1,1,1,1,New York Laser and Skin Care,New York,New York,10028,40.7446877,-73.974925,0.0,0.0,0.0,0.0,0.0,0.0,0.0,"New York Laser and Skin Care, New York, New York 10028",Laser & Skin Surgery Center of New York,NA,[],"[{'name': 'Arielle Kauvar, MD', 'affiliation': 'New York Laser and Skin Care', 'role': 'PRINCIPAL_INVESTIGATOR'}]"
NCT02146807,COMPLETED,60.0,ESTIMATED,2015,I-IV,1,1,1,1,0,0,New York Laser and Skin Care,New York,New York,10028,40.7446877,-73.974925,0.0,0.0,0.0,0.0,0.0,0.0,0.0,"New York Laser and Skin Care, New York, New York 10028",Laser & Skin Surgery Center of New York,NA,[],"[{'name': 'Shlomit Mann', 'affiliation': 'Syneron Medical Ltd.', 'role': 'STUDY_DIRECTOR'}]"
NCT01796626,COMPLETED,36.0,ACTUAL,2014,I-IV,1,1,1,1,0,0,New York Laser & Skin Care,New York,New York,10028,40.78108230000001,-73.96048429999999,0.0,0.0,0.0,0.0,0.0,0.0,0.0,"New York Laser & Skin Care, New York, New York 10028",Dr. Arielle Kauvar,NA,[],"[{'name': 'Mitchel P Goldman, MD', 'affiliation': 'DCLA', 'role': 'PRINCIPAL_INVESTIGATOR'}, {'name': 'Arielle NB Kauvar, MD', 'affiliation': 'New York Laser & Skin Care', 'role': 'STUDY_DIRECTOR'}]"
NCT02592993,UNKNOWN,53.0,ACTUAL,2017,I-VI,1,1,1,1,1,1,New York Laser & Skin Care,New York,New York,10028,40.78108230000001,-73.96048429999999,0.0,0.0,0.0,0.0,0.0,0.0,0.0,"New York Laser & Skin Care, New York, New York 10028",Dr. Arielle Kauvar,NA,[],[]
NCT04146584,COMPLETED,93.0,ACTUAL,2021,I-VI,1,1,1,1,1,1,New York Laser & Skin Care,New York,New York,10028,40.78108230000001,-73.96048429999999,0.0,0.0,0.0,0.0,0.0,0.0,0.0,"New York Laser & Skin Care, New York, New York 10028",Dr. Arielle Kauvar,PHASE2,[],"[{'name': 'Avishai Tzur', 'affiliation': 'Clinical Projects Manager', 'role': 'STUDY_CHAIR'}]"
NCT06938815,ACTIVE_NOT_RECRUITING,10.0,ESTIMATED,2025,IV-VI,0,0,0,1,1,1,New York Harbor VA Brooklyn Campus,Brooklyn,New York,11209,40.60855,-74.0240443,0.0,0.0,0.0,0.0,0.0,0.0,0.0,"New York Harbor VA Brooklyn Campus, Brooklyn, New York 11209",Brooklyn Campus of the VA NY Harbor Healthcare System,NA,[],"[{'name': 'Jared Jagdeo, MD MS', 'affiliation': 'SUNY Downstate Health Sciences University Department of Dermatology', 'role': 'PRINCIPAL_INVESTIGATOR'}]"
NCT05662592,COMPLETED,3.0,ACTUAL,2023,I-IV,1,1,1,1,0,0,New Jersey Plastic Surgery,Montclair,New Jersey,07042,40.8158495,-74.2179903,0.0,0.0,0.0,0.0,0.0,0.0,0.0,"New Jersey Plastic Surgery, Montclair, New Jersey 07042",New Jersey Plastic Surgery,NA,[],[]
NCT03969485,COMPLETED,7.0,ACTUAL,2020,I-III,1,1,1,0,0,0,New Jersey Clinical Research Center,Montclair,New Jersey,07042,40.8158857,-74.2179555,0.0,0.0,0.0,0.0,0.0,0.0,0.0,"New Jersey Clinical Research Center, Montclair, New Jersey 07042",New Jersey Clinical Research Center,NA,[],[]
NCT01771679,UNKNOWN,29.0,ESTIMATED,2022,I-III,1,1,1,0,0,0,Naval Medical Center San Diego,San Diego,California,92134,32.7283083,-117.1439324,0.0,0.0,0.0,0.0,0.0,0.0,0.0,"Naval Medical Center San Diego, San Diego, California 92134",Naval Medical Center,"PHASE1, PHASE2",[],"[{'name': 'Lev Verkh, PhD', 'affiliation': 'Stemedica Cell Technologies, Inc.', 'role': 'STUDY_DIRECTOR'}]"
NCT00402129,COMPLETED,22.0,,2006,All,1,1,1,1,1,1,Naval Medical Center San Diego,San Diego,California,92134,32.7283083,-117.1439324,0.0,0.0,0.0,0.0,0.0,0.0,0.0,"Naval Medical Center San Diego, San Diego, California 92134",Naval Medical Center,NA,[],"[{'name': 'E. Victor Ross, MD', 'affiliation': 'Scripps Green Hospital', 'role': 'PRINCIPAL_INVESTIGATOR'}]"
NCT02778152,COMPLETED,13.0,ACTUAL,2019,All,1,1,1,1,1,1,Nationwide Children's Hospital,Columbus,Ohio,43205,39.95329359999999,-82.97926799999999,0.0,1.0,0.0,1.0,11.0,0.0,0.0,"Nationwide Children's Hospital, Columbus, Ohio 43205",Nationwide Children's Hospital,NA,[],"[{'name': 'Peter C Minneci, MD', 'affiliation': ""Research Institute at Nationwide Children's Hospital"", 'role': 'PRINCIPAL_INVESTIGATOR'}]"
NCT03276065,UNKNOWN,302.0,ESTIMATED,2022,All,1,1,1,1,1,1,Nationwide Children's Hospital,Columbus,Ohio,43205,39.95329359999999,-82.97926799999999,0.0,0.0,0.0,0.0,0.0,0.0,0.0,"Nationwide Children's Hospital, Columbus, Ohio 43205",Nationwide Children's Hospital,NA,[],"[{'name': 'Peter C Minneci, MD, MHSc', 'affiliation': ""Nationwide Children's Hospital"", 'role': 'PRINCIPAL_INVESTIGATOR'}, {'name': 'Katherine J Deans, MD, MHSc', 'affiliation': ""Nationwide Children's Hospital"", 'role': 'STUDY_DIRECTOR'}]"
NCT05590585,COMPLETED,124.0,ACTUAL,2024,IV,0,0,0,1,0,0,"National Allergy and Asthma Research, LLC.",North Charleston,South Carolina,29420,32.9399241,-80.05186239999999,0.0,0.0,0.0,0.0,0.0,0.0,0.0,"National Allergy and Asthma Research, LLC., North Charleston, South Carolina 29420",National Allergy & ENT - North Charleston,PHASE4,[],"[{'name': 'Clinical Trial Management', 'affiliation': 'Regeneron Pharmaceuticals', 'role': 'STUDY_DIRECTOR'}]"
NCT02297321,COMPLETED,30.0,ACTUAL,2016,I-III,1,1,1,0,0,0,Nashville Centre for Laser and Facial Surgery,Nashville,Tennessee,37203,36.1550413,-86.8097162,0.0,0.0,0.0,0.0,0.0,0.0,0.0,"Nashville Centre for Laser and Facial Surgery, Nashville, Tennessee 37203","Brian S. Biesman, M.D.",NA,[],"[{'name': 'Brian Biesman, MD', 'affiliation': 'Nashville Centre for Laser and Facial Surgery', 'role': 'PRINCIPAL_INVESTIGATOR'}]"
NCT01950065,COMPLETED,85.0,ACTUAL,2015,"I, II, III, IV",1,1,1,1,0,0,Nashville Center for Laser and Facial Surgery,Nashville,Tennessee,37203,36.1550413,-86.8097162,0.0,0.0,0.0,0.0,0.0,0.0,0.0,"Nashville Center for Laser and Facial Surgery, Nashville, Tennessee 37203","Brian S. Biesman, M.D.",NA,[],[]
NCT03228641,COMPLETED,33.0,ACTUAL,2018,"I, II, III",1,1,1,0,0,0,Nashville Center for Laser & Facial Surgery,Nashville,Tennessee,37203,36.1550413,-86.8097162,0.0,0.0,0.0,0.0,0.0,0.0,0.0,"Nashville Center for Laser & Facial Surgery, Nashville, Tennessee 37203","Brian S. Biesman, M.D.",NA,[],"[{'name': 'Michail M Pankratov, MD, PhD', 'affiliation': 'Senior Vice President of Clinical & Regulatory Affairs', 'role': 'STUDY_DIRECTOR'}, {'name': 'Patricia E Krantz', 'affiliation': 'Director of Clinical Operations', 'role': 'STUDY_DIRECTOR'}]"
NCT05767008,COMPLETED,25.0,ACTUAL,2023,"I, II, III",1,1,1,0,0,0,Nanometics,La Jolla,California,92037,32.8678105,-117.2284322,0.0,0.0,0.0,0.0,0.0,0.0,0.0,"Nanometics, La Jolla, California 92037",Nanome Inc,NA,[],[]
NCT06477172,RECRUITING,500.0,ESTIMATED,2025,All,1,1,1,1,1,1,N2 Aesthetics,Manhattan Beach,California,90266,33.9000539,-118.395726,0.0,0.0,0.0,0.0,0.0,0.0,0.0,"N2 Aesthetics, Manhattan Beach, California 90266",N2 Aesthetics,N/A,"[{'name': 'Lisa Campbell, PhD', 'role': 'CONTACT', 'phone': '858-997-7447', 'email': 'lisa.campbell@acorn.me'}]","[{'name': 'Drew Taylor, PhD', 'affiliation': 'Acorn Biolabs', 'role': 'STUDY_CHAIR'}]"
NCT06477172,RECRUITING,500.0,ESTIMATED,2025,All,1,1,1,1,1,1,N2 Aesthetics,Manhattan Beach,California,90266,33.9000539,-118.395726,0.0,0.0,0.0,0.0,0.0,0.0,0.0,"N2 Aesthetics, Manhattan Beach, California 90266",N2 Aesthetics,N/A,"[{'name': 'Lisa Campbell, PhD', 'role': 'CONTACT', 'phone': '858-997-7447', 'email': 'lisa.campbell@acorn.me'}]","[{'name': 'Drew Taylor, PhD', 'affiliation': 'Acorn Biolabs', 'role': 'STUDY_CHAIR'}]"
NCT02822339,COMPLETED,5.0,ACTUAL,2018,I,1,0,0,0,0,0,,Union,New Jersey,07083,40.6976,-74.2632,0.0,0.0,0.0,0.0,0.0,0.0,0.0,SKIP,,NA,[],[]
NCT02751541,COMPLETED,35.0,ACTUAL,2018,"I, II, III",1,1,1,0,0,0,,Piscataway,New Jersey,08854,40.49927,-74.39904,0.0,0.0,0.0,0.0,0.0,0.0,0.0,SKIP,,NA,[],"[{'name': 'Bayer Study Director', 'affiliation': 'Bayer', 'role': 'STUDY_DIRECTOR'}]"
NCT02822248,COMPLETED,10.0,ACTUAL,2018,I,1,0,0,0,0,0,,Union,New Jersey,07083,40.6976,-74.2632,0.0,0.0,0.0,0.0,0.0,0.0,0.0,SKIP,,NA,[],"[{'name': 'Bayer Study Director', 'affiliation': 'Bayer', 'role': 'STUDY_DIRECTOR'}]"
NCT02995135,COMPLETED,10.0,ACTUAL,2018,I,1,0,0,0,0,0,,Union,New Jersey,07083,40.6976,-74.2632,0.0,0.0,0.0,0.0,0.0,0.0,0.0,SKIP,,NA,[],[]
NCT02757014,COMPLETED,10.0,ACTUAL,2018,I,1,0,0,0,0,0,,Union,New Jersey,07083,40.6976,-74.2632,0.0,0.0,0.0,0.0,0.0,0.0,0.0,SKIP,,NA,[],"[{'name': 'Bayer Study Director', 'affiliation': 'Bayer', 'role': 'STUDY_DIRECTOR'}]"
NCT02779829,COMPLETED,13.0,ACTUAL,2018,I,1,0,0,0,0,0,,Union,New Jersey,07083,40.6976,-74.2632,0.0,0.0,0.0,0.0,0.0,0.0,0.0,SKIP,,NA,[],"[{'name': 'Bayer Study Director', 'affiliation': 'Bayer', 'role': 'STUDY_DIRECTOR'}]"
NCT02751372,COMPLETED,35.0,ACTUAL,2018,"I, II, III",1,1,1,0,0,0,,Piscataway,New Jersey,08854,40.49927,-74.39904,0.0,0.0,0.0,0.0,0.0,0.0,0.0,SKIP,,NA,[],"[{'name': 'Bayer Study Director', 'affiliation': 'Bayer', 'role': 'STUDY_DIRECTOR'}]"
NCT02936557,COMPLETED,11.0,ACTUAL,2018,I,1,0,0,0,0,0,,Union,New Jersey,07083,40.6976,-74.2632,0.0,0.0,0.0,0.0,0.0,0.0,0.0,SKIP,,NA,[],[]
NCT02842268,COMPLETED,15.0,ACTUAL,2018,"I, II, III",1,1,1,0,0,0,,St. Petersburg,Florida,33714,27.77086,-82.67927,0.0,0.0,0.0,0.0,0.0,0.0,0.0,SKIP,,NA,[],"[{'name': 'Bayer Study Director', 'affiliation': 'Bayer', 'role': 'STUDY_DIRECTOR'}]"
NCT02802930,COMPLETED,32.0,ACTUAL,2018,"I, IV",1,0,0,1,0,0,,Pinellas Park,Florida,33781,27.8428,-82.69954,0.0,0.0,0.0,0.0,0.0,0.0,0.0,SKIP,,NA,[],"[{'name': 'Bayer Study Director', 'affiliation': 'Bayer', 'role': 'STUDY_DIRECTOR'}]"
NCT02930746,COMPLETED,3.0,ACTUAL,2018,I,1,0,0,0,0,0,,Union,New Jersey,07083,40.6976,-74.2632,0.0,0.0,0.0,0.0,0.0,0.0,0.0,SKIP,,NA,[],[]
NCT02779842,COMPLETED,6.0,ACTUAL,2018,I,1,0,0,0,0,0,,Union,New Jersey,07083,40.6976,-74.2632,0.0,0.0,0.0,0.0,0.0,0.0,0.0,SKIP,,NA,[],"[{'name': 'Bayer Study Director', 'affiliation': 'Bayer', 'role': 'STUDY_DIRECTOR'}]"
NCT04531527,COMPLETED,32.0,ACTUAL,2020,"I, II, III",1,1,1,0,0,0,,Fairfield,New Jersey,07004,40.88371,-74.30598,0.0,0.0,0.0,0.0,0.0,0.0,0.0,SKIP,,PHASE3,[],"[{'name': 'Bayer Study Director', 'affiliation': 'Bayer', 'role': 'STUDY_DIRECTOR'}]"
NCT02803320,COMPLETED,107.0,ACTUAL,2018,I-VI,1,1,1,1,1,1,,St. Petersburg,Florida,33714,27.77086,-82.67927,0.0,0.0,0.0,0.0,0.0,0.0,0.0,SKIP,,NA,[],"[{'name': 'Bayer Study Director', 'affiliation': 'Bayer', 'role': 'STUDY_DIRECTOR'}]"
NCT02751515,COMPLETED,54.0,ACTUAL,2016,"I, II, III",1,1,1,0,0,0,,Piscataway,New Jersey,08854,40.49927,-74.39904,0.0,0.0,0.0,0.0,0.0,0.0,0.0,SKIP,,NA,[],"[{'name': 'Bayer Study Director', 'affiliation': 'Bayer', 'role': 'STUDY_DIRECTOR'}]"
NCT01012388,COMPLETED,100.0,ACTUAL,2013,"IV, V, VI",0,0,0,1,1,1,,Los Angeles,California,,34.05223,-118.24368,0.0,0.0,0.0,0.0,0.0,0.0,0.0,SKIP,,PHASE4,[],[]
NCT01012388,COMPLETED,100.0,ACTUAL,2013,"IV, V, VI",0,0,0,1,1,1,,Chevy Chase,Maryland,,39.00287,-77.07115,0.0,0.0,0.0,0.0,0.0,0.0,0.0,SKIP,,PHASE4,[],[]
NCT01012388,COMPLETED,100.0,ACTUAL,2013,"IV, V, VI",0,0,0,1,1,1,,Ypsilanti,Michigan,,42.24115,-83.61299,0.0,0.0,0.0,0.0,0.0,0.0,0.0,SKIP,,PHASE4,[],[]
NCT01012388,COMPLETED,100.0,ACTUAL,2013,"IV, V, VI",0,0,0,1,1,1,,New York,New York,,40.71427,-74.00597,0.0,0.0,0.0,0.0,0.0,0.0,0.0,SKIP,,PHASE4,[],[]
NCT01012388,COMPLETED,100.0,ACTUAL,2013,"IV, V, VI",0,0,0,1,1,1,,Philadelphia,Pennsylvania,,39.95238,-75.16362,0.0,0.0,0.0,0.0,0.0,0.0,0.0,SKIP,,PHASE4,[],[]
NCT02885805,COMPLETED,11.0,ACTUAL,2018,"I, II, IV",1,1,0,1,0,0,,Union,New Jersey,07083,40.6976,-74.2632,0.0,0.0,0.0,0.0,0.0,0.0,0.0,SKIP,,NA,[],"[{'name': 'Bayer Study Director', 'affiliation': 'Bayer', 'role': 'STUDY_DIRECTOR'}]"
NCT02803047,COMPLETED,11.0,ACTUAL,2018,I,1,0,0,0,0,0,,Union,New Jersey,07083,40.6976,-74.2632,0.0,0.0,0.0,0.0,0.0,0.0,0.0,SKIP,,NA,[],"[{'name': 'Bayer Study Director', 'affiliation': 'Bayer', 'role': 'STUDY_DIRECTOR'}]"
NCT02032407,COMPLETED,68.0,ACTUAL,2015,"IV, V, VI",0,0,0,1,1,1,,Washington D.C.,District of Columbia,,38.89511,-77.03637,0.0,0.0,0.0,0.0,0.0,0.0,0.0,SKIP,,PHASE4,[],"[{'name': 'Medical Director', 'affiliation': 'Allergan', 'role': 'STUDY_DIRECTOR'}]"
NCT02930759,COMPLETED,3.0,ACTUAL,2018,I,1,0,0,0,0,0,,Union,New Jersey,07083,40.6976,-74.2632,0.0,0.0,0.0,0.0,0.0,0.0,0.0,SKIP,,NA,[],[]
NCT02741466,COMPLETED,10.0,ACTUAL,2018,I,1,0,0,0,0,0,,Union,New Jersey,07083,40.6976,-74.2632,0.0,0.0,0.0,0.0,0.0,0.0,0.0,SKIP,,NA,[],"[{'name': 'Bayer Study Director', 'affiliation': 'Bayer', 'role': 'STUDY_DIRECTOR'}]"
NCT02822261,COMPLETED,11.0,ACTUAL,2018,I,1,0,0,0,0,0,,Union,New Jersey,07083,40.6976,-74.2632,0.0,0.0,0.0,0.0,0.0,0.0,0.0,SKIP,,NA,[],"[{'name': 'Bayer Study Director', 'affiliation': 'Bayer', 'role': 'STUDY_DIRECTOR'}]"
NCT02760576,COMPLETED,10.0,ACTUAL,2018,I,1,0,0,0,0,0,,Union,New Jersey,07083,40.6976,-74.2632,0.0,0.0,0.0,0.0,0.0,0.0,0.0,SKIP,,NA,[],"[{'name': 'Bayer Study Director', 'affiliation': 'Bayer', 'role': 'STUDY_DIRECTOR'}]"
NCT02995044,TERMINATED,5.0,ACTUAL,2018,I,1,0,0,0,0,0,,Union,New Jersey,07083,40.6976,-74.2632,0.0,0.0,0.0,0.0,0.0,0.0,0.0,SKIP,,NA,[],[]
NCT02995018,COMPLETED,11.0,ACTUAL,2018,I,1,0,0,0,0,0,,Union,New Jersey,07083,40.6976,-74.2632,0.0,0.0,0.0,0.0,0.0,0.0,0.0,SKIP,,NA,[],[]
NCT02803060,COMPLETED,15.0,ACTUAL,2018,I,1,0,0,0,0,0,,Union,New Jersey,07083,40.6976,-74.2632,0.0,0.0,0.0,0.0,0.0,0.0,0.0,SKIP,,NA,[],"[{'name': 'Bayer Study Director', 'affiliation': 'Bayer', 'role': 'STUDY_DIRECTOR'}]"
NCT02739802,COMPLETED,10.0,ACTUAL,2018,I,1,0,0,0,0,0,,Union,New Jersey,07083,40.6976,-74.2632,0.0,0.0,0.0,0.0,0.0,0.0,0.0,SKIP,,NA,[],"[{'name': 'Bayer Study Director', 'affiliation': 'Bayer', 'role': 'STUDY_DIRECTOR'}]"
NCT02760563,COMPLETED,10.0,ACTUAL,2018,I,1,0,0,0,0,0,,Union,New Jersey,07083,40.6976,-74.2632,0.0,0.0,0.0,0.0,0.0,0.0,0.0,SKIP,,NA,[],"[{'name': 'Bayer Study Director', 'affiliation': 'Bayer', 'role': 'STUDY_DIRECTOR'}]"
NCT02823483,COMPLETED,35.0,ACTUAL,2016,"I, II, III",1,1,1,0,0,0,,Piscataway,New Jersey,08854,40.49927,-74.39904,0.0,0.0,0.0,0.0,0.0,0.0,0.0,SKIP,,NA,[],"[{'name': 'Bayer Study Director', 'affiliation': 'Bayer', 'role': 'STUDY_DIRECTOR'}]"
NCT02682628,COMPLETED,10.0,ACTUAL,2018,I,1,0,0,0,0,0,,Union,New Jersey,07083,40.6976,-74.2632,0.0,0.0,0.0,0.0,0.0,0.0,0.0,SKIP,,NA,[],"[{'name': 'Bayer Study Director', 'affiliation': 'Bayer', 'role': 'STUDY_DIRECTOR'}]"
NCT02803034,COMPLETED,15.0,ACTUAL,2018,I,1,0,0,0,0,0,,Union,New Jersey,07083,40.6976,-74.2632,0.0,0.0,0.0,0.0,0.0,0.0,0.0,SKIP,,NA,[],"[{'name': 'Bayer Study Director', 'affiliation': 'Bayer', 'role': 'STUDY_DIRECTOR'}]"
NCT01635855,COMPLETED,117.0,ACTUAL,2014,IV-VI,0,0,0,1,1,1,,Birmingham,Alabama,,33.52066,-86.80249,0.0,0.0,0.0,0.0,0.0,0.0,0.0,SKIP,,PHASE4,[],[]
NCT01635855,COMPLETED,117.0,ACTUAL,2014,IV-VI,0,0,0,1,1,1,,Los Angeles,California,90069,34.05223,-118.24368,0.0,0.0,0.0,0.0,0.0,0.0,0.0,SKIP,,PHASE4,[],[]
NCT01635855,COMPLETED,117.0,ACTUAL,2014,IV-VI,0,0,0,1,1,1,,Los Angeles,California,,34.05223,-118.24368,0.0,0.0,0.0,0.0,0.0,0.0,0.0,SKIP,,PHASE4,[],[]
NCT01635855,COMPLETED,117.0,ACTUAL,2014,IV-VI,0,0,0,1,1,1,,San Francisco,California,,37.77493,-122.41942,0.0,0.0,0.0,0.0,0.0,0.0,0.0,SKIP,,PHASE4,[],[]
NCT01635855,COMPLETED,117.0,ACTUAL,2014,IV-VI,0,0,0,1,1,1,,New Haven,Connecticut,,41.30815,-72.92816,0.0,0.0,0.0,0.0,0.0,0.0,0.0,SKIP,,PHASE4,[],[]
NCT01635855,COMPLETED,117.0,ACTUAL,2014,IV-VI,0,0,0,1,1,1,,Metairie,Louisiana,,29.98409,-90.15285,0.0,0.0,0.0,0.0,0.0,0.0,0.0,SKIP,,PHASE4,[],[]
NCT01635855,COMPLETED,117.0,ACTUAL,2014,IV-VI,0,0,0,1,1,1,,Glenn Dale,Maryland,,38.98761,-76.82053,0.0,0.0,0.0,0.0,0.0,0.0,0.0,SKIP,,PHASE4,[],[]
NCT01635855,COMPLETED,117.0,ACTUAL,2014,IV-VI,0,0,0,1,1,1,,Montclair,New Jersey,,40.82593,-74.20903,0.0,0.0,0.0,0.0,0.0,0.0,0.0,SKIP,,PHASE4,[],[]
NCT01635855,COMPLETED,117.0,ACTUAL,2014,IV-VI,0,0,0,1,1,1,,White Plains,New York,,41.03399,-73.76291,0.0,0.0,0.0,0.0,0.0,0.0,0.0,SKIP,,PHASE4,[],[]
NCT02831478,COMPLETED,98.0,ACTUAL,2018,"I, II, III, IV",1,1,1,1,0,0,,St. Petersburg,Florida,33714,27.77086,-82.67927,0.0,0.0,0.0,0.0,0.0,0.0,0.0,SKIP,,NA,[],"[{'name': 'Bayer Study Director', 'affiliation': 'Bayer', 'role': 'STUDY_DIRECTOR'}]"
NCT02891057,COMPLETED,10.0,ACTUAL,2018,I,1,0,0,0,0,0,,Union,New Jersey,07083,40.6976,-74.2632,0.0,0.0,0.0,0.0,0.0,0.0,0.0,SKIP,,NA,[],[]
NCT02995122,COMPLETED,10.0,ACTUAL,2017,I,1,0,0,0,0,0,,Union,New Jersey,07083,40.6976,-74.2632,0.0,0.0,0.0,0.0,0.0,0.0,0.0,SKIP,,NA,[],[]
NCT02930785,COMPLETED,5.0,ACTUAL,2018,I,1,0,0,0,0,0,,Union,New Jersey,07083,40.6976,-74.2632,0.0,0.0,0.0,0.0,0.0,0.0,0.0,SKIP,,NA,[],[]
NCT02717325,COMPLETED,10.0,ACTUAL,2018,I,1,0,0,0,0,0,,Union,New Jersey,07083,40.6976,-74.2632,0.0,0.0,0.0,0.0,0.0,0.0,0.0,SKIP,,NA,[],"[{'name': 'Bayer Study Director', 'affiliation': 'Bayer', 'role': 'STUDY_DIRECTOR'}]"
NCT02815228,COMPLETED,5.0,ACTUAL,2018,I,1,0,0,0,0,0,,Union,New Jersey,07083,40.6976,-74.2632,0.0,0.0,0.0,0.0,0.0,0.0,0.0,SKIP,,NA,[],[]
NCT02717351,COMPLETED,10.0,ACTUAL,2018,I,1,0,0,0,0,0,,Union,New Jersey,07083,40.6976,-74.2632,0.0,0.0,0.0,0.0,0.0,0.0,0.0,SKIP,,NA,[],"[{'name': 'Bayer Study Director', 'affiliation': 'Bayer', 'role': 'STUDY_DIRECTOR'}]"
NCT02776501,COMPLETED,10.0,ACTUAL,2018,I,1,0,0,0,0,0,,Union,New Jersey,07083,40.6976,-74.2632,0.0,0.0,0.0,0.0,0.0,0.0,0.0,SKIP,,NA,[],"[{'name': 'Bayer Study Director', 'affiliation': 'Bayer', 'role': 'STUDY_DIRECTOR'}]"
NCT02751463,COMPLETED,54.0,ACTUAL,2018,"I, II, III",1,1,1,0,0,0,,Piscataway,New Jersey,08854,40.49927,-74.39904,0.0,0.0,0.0,0.0,0.0,0.0,0.0,SKIP,,NA,[],"[{'name': 'Bayer Study Director', 'affiliation': 'Bayer', 'role': 'STUDY_DIRECTOR'}]"
NCT02695303,COMPLETED,10.0,ACTUAL,2018,I,1,0,0,0,0,0,,Union,New Jersey,07083,40.6976,-74.2632,0.0,0.0,0.0,0.0,0.0,0.0,0.0,SKIP,,NA,[],"[{'name': 'Bayer Study Director', 'affiliation': 'Bayer', 'role': 'STUDY_DIRECTOR'}]"
NCT02872220,COMPLETED,56.0,ACTUAL,2018,"I, IV",1,0,0,1,0,0,,Pinellas Park,Florida,33781,27.8428,-82.69954,0.0,0.0,0.0,0.0,0.0,0.0,0.0,SKIP,,NA,[],"[{'name': 'Bayer Study Director', 'affiliation': 'Bayer', 'role': 'STUDY_DIRECTOR'}]"
NCT02801929,COMPLETED,10.0,ACTUAL,2018,I,1,0,0,0,0,0,,Union,New Jersey,07083,40.6976,-74.2632,0.0,0.0,0.0,0.0,0.0,0.0,0.0,SKIP,,NA,[],"[{'name': 'Bayer Study Director', 'affiliation': 'Bayer', 'role': 'STUDY_DIRECTOR'}]"
NCT02891044,COMPLETED,12.0,ACTUAL,2018,I,1,0,0,0,0,0,,Union,New Jersey,07083,40.6976,-74.2632,0.0,0.0,0.0,0.0,0.0,0.0,0.0,SKIP,,NA,[],[]
NCT02803099,COMPLETED,10.0,ACTUAL,2018,I,1,0,0,0,0,0,,Union,New Jersey,07083,40.6976,-74.2632,0.0,0.0,0.0,0.0,0.0,0.0,0.0,SKIP,,NA,[],"[{'name': 'Bayer Study Director', 'affiliation': 'Bayer', 'role': 'STUDY_DIRECTOR'}]"
NCT02774252,COMPLETED,13.0,ACTUAL,2018,I,1,0,0,0,0,0,,Union,New Jersey,07083,40.6976,-74.2632,0.0,0.0,0.0,0.0,0.0,0.0,0.0,SKIP,,NA,[],"[{'name': 'Bayer Study Director', 'affiliation': 'Bayer', 'role': 'STUDY_DIRECTOR'}]"
NCT02994992,COMPLETED,12.0,ACTUAL,2018,I,1,0,0,0,0,0,,Union,New Jersey,07083,40.6976,-74.2632,0.0,0.0,0.0,0.0,0.0,0.0,0.0,SKIP,,NA,[],[]
NCT02825017,COMPLETED,10.0,ACTUAL,2018,I,1,0,0,0,0,0,,Union,New Jersey,07083,40.6976,-74.2632,0.0,0.0,0.0,0.0,0.0,0.0,0.0,SKIP,,NA,[],"[{'name': 'Bayer Study Director', 'affiliation': 'Bayer', 'role': 'STUDY_DIRECTOR'}]"
NCT02815202,COMPLETED,5.0,ACTUAL,2018,I,1,0,0,0,0,0,,Union,New Jersey,07083,40.6976,-74.2632,0.0,0.0,0.0,0.0,0.0,0.0,0.0,SKIP,,NA,[],[]
NCT02815241,COMPLETED,5.0,ACTUAL,2018,I,1,0,0,0,0,0,,Union,New Jersey,07083,40.6976,-74.2632,0.0,0.0,0.0,0.0,0.0,0.0,0.0,SKIP,,NA,[],[]
NCT02930798,COMPLETED,3.0,ACTUAL,2018,I,1,0,0,0,0,0,,Union,New Jersey,07083,40.6976,-74.2632,0.0,0.0,0.0,0.0,0.0,0.0,0.0,SKIP,,NA,[],[]
NCT02823496,COMPLETED,60.0,ACTUAL,2016,"I, II, III",1,1,1,0,0,0,,Piscataway,New Jersey,08854,40.49927,-74.39904,0.0,0.0,0.0,0.0,0.0,0.0,0.0,SKIP,,NA,[],"[{'name': 'Bayer Study Director', 'affiliation': 'Bayer', 'role': 'STUDY_DIRECTOR'}]"
NCT02936583,COMPLETED,6.0,ACTUAL,2018,I,1,0,0,0,0,0,,Union,New Jersey,07083,40.6976,-74.2632,0.0,0.0,0.0,0.0,0.0,0.0,0.0,SKIP,,NA,[],[]
NCT02803008,COMPLETED,10.0,ACTUAL,2018,I,1,0,0,0,0,0,,Union,New Jersey,07083,40.6976,-74.2632,0.0,0.0,0.0,0.0,0.0,0.0,0.0,SKIP,,NA,[],"[{'name': 'Bayer Study Director', 'affiliation': 'Bayer', 'role': 'STUDY_DIRECTOR'}]"
NCT02822274,COMPLETED,10.0,ACTUAL,2018,I,1,0,0,0,0,0,,Union,New Jersey,07083,40.6976,-74.2632,0.0,0.0,0.0,0.0,0.0,0.0,0.0,SKIP,,NA,[],"[{'name': 'Bayer Study Director', 'affiliation': 'Bayer', 'role': 'STUDY_DIRECTOR'}]"
NCT02872246,COMPLETED,11.0,ACTUAL,2018,"I, II, III",1,1,1,0,0,0,,Union,New Jersey,07083,40.6976,-74.2632,0.0,0.0,0.0,0.0,0.0,0.0,0.0,SKIP,,NA,[],"[{'name': 'Bayer Study Director', 'affiliation': 'Bayer', 'role': 'STUDY_DIRECTOR'}]"
NCT02788162,COMPLETED,10.0,ACTUAL,2018,I,1,0,0,0,0,0,,Union,New Jersey,07083,40.6976,-74.2632,0.0,0.0,0.0,0.0,0.0,0.0,0.0,SKIP,,NA,[],"[{'name': 'Bayer Study Director', 'affiliation': 'Bayer', 'role': 'STUDY_DIRECTOR'}]"
NCT02962856,COMPLETED,38.0,ACTUAL,2018,"I, II, III",1,1,1,0,0,0,,Piscataway,New Jersey,08854,40.49927,-74.39904,0.0,0.0,0.0,0.0,0.0,0.0,0.0,SKIP,,NA,[],"[{'name': 'Bayer Study Director', 'affiliation': 'Bayer', 'role': 'STUDY_DIRECTOR'}]"
NCT01973166,COMPLETED,42.0,ACTUAL,2023,I-IV,1,1,1,1,0,0,,Brisbane,California,94005,37.68077,-122.39997,0.0,1.0,0.0,0.0,24.0,2.0,15.0,SKIP,,NA,[],"[{'name': 'David Apfelberg', 'affiliation': 'Study Principal Investigator', 'role': 'PRINCIPAL_INVESTIGATOR'}]"
NCT02750488,COMPLETED,54.0,ACTUAL,2018,"I, II, III",1,1,1,0,0,0,,Piscataway,New Jersey,08854,40.49927,-74.39904,0.0,0.0,0.0,0.0,0.0,0.0,0.0,SKIP,,NA,[],"[{'name': 'Bayer Study Director', 'affiliation': 'Bayer', 'role': 'STUDY_DIRECTOR'}]"
NCT02995161,COMPLETED,10.0,ACTUAL,2018,I,1,0,0,0,0,0,,Union,New Jersey,07083,40.6976,-74.2632,0.0,0.0,0.0,0.0,0.0,0.0,0.0,SKIP,,NA,[],[]
NCT02825030,COMPLETED,10.0,ACTUAL,2018,I,1,0,0,0,0,0,,Union,New Jersey,07083,40.6976,-74.2632,0.0,0.0,0.0,0.0,0.0,0.0,0.0,SKIP,,NA,[],"[{'name': 'Bayer Study Director', 'affiliation': 'Bayer', 'role': 'STUDY_DIRECTOR'}]"
NCT02822300,COMPLETED,10.0,ACTUAL,2018,I,1,0,0,0,0,0,,Union,New Jersey,07083,40.6976,-74.2632,0.0,0.0,0.0,0.0,0.0,0.0,0.0,SKIP,,NA,[],"[{'name': 'Bayer Study Director', 'affiliation': 'Bayer', 'role': 'STUDY_DIRECTOR'}]"
NCT02823509,COMPLETED,10.0,ACTUAL,2018,I,1,0,0,0,0,0,,Union,New Jersey,07083,40.6976,-74.2632,0.0,0.0,0.0,0.0,0.0,0.0,0.0,SKIP,,NA,[],"[{'name': 'Bayer Study Director', 'affiliation': 'Bayer', 'role': 'STUDY_DIRECTOR'}]"
NCT02872233,COMPLETED,6.0,ACTUAL,2018,"I, II, III",1,1,1,0,0,0,,Union,New Jersey,07083,40.6976,-74.2632,0.0,0.0,0.0,0.0,0.0,0.0,0.0,SKIP,,NA,[],"[{'name': 'Bayer Study Director', 'affiliation': 'Bayer', 'role': 'STUDY_DIRECTOR'}]"
NCT02995148,COMPLETED,10.0,ACTUAL,2018,I,1,0,0,0,0,0,,Union,New Jersey,07083,40.6976,-74.2632,0.0,0.0,0.0,0.0,0.0,0.0,0.0,SKIP,,NA,[],[]
NCT02776852,COMPLETED,10.0,ACTUAL,2018,I,1,0,0,0,0,0,,Union,New Jersey,07083,40.6976,-74.2632,0.0,0.0,0.0,0.0,0.0,0.0,0.0,SKIP,,NA,[],"[{'name': 'Bayer Study Director', 'affiliation': 'Bayer', 'role': 'STUDY_DIRECTOR'}]"
NCT02877511,COMPLETED,102.0,ACTUAL,2018,"I, II, III, IV",1,1,1,1,0,0,,St. Petersburg,Florida,33714,27.77086,-82.67927,0.0,0.0,0.0,0.0,0.0,0.0,0.0,SKIP,,NA,[],"[{'name': 'Bayer Study Director', 'affiliation': 'Bayer', 'role': 'STUDY_DIRECTOR'}]"
NCT02995031,TERMINATED,5.0,ACTUAL,2018,I,1,0,0,0,0,0,,Union,New Jersey,07083,40.6976,-74.2632,0.0,0.0,0.0,0.0,0.0,0.0,0.0,SKIP,,NA,[],[]
NCT02750475,COMPLETED,35.0,ACTUAL,2018,"I, II, III",1,1,1,0,0,0,,Piscataway,New Jersey,08854,40.49927,-74.39904,0.0,0.0,0.0,0.0,0.0,0.0,0.0,SKIP,,NA,[],"[{'name': 'Bayer Study Director', 'affiliation': 'Bayer', 'role': 'STUDY_DIRECTOR'}]"
NCT02962869,COMPLETED,53.0,ACTUAL,2018,"I, II, III",1,1,1,0,0,0,,Piscataway,New Jersey,08854,40.49927,-74.39904,0.0,0.0,0.0,0.0,0.0,0.0,0.0,SKIP,,NA,[],"[{'name': 'Bayer Study Director', 'affiliation': 'Bayer', 'role': 'STUDY_DIRECTOR'}]"
NCT02930772,COMPLETED,11.0,ACTUAL,2018,I,1,0,0,0,0,0,,Union,New Jersey,07083,40.6976,-74.2632,0.0,0.0,0.0,0.0,0.0,0.0,0.0,SKIP,,NA,[],[]
NCT02936544,COMPLETED,11.0,ACTUAL,2018,I,1,0,0,0,0,0,,Union,New Jersey,07083,40.6976,-74.2632,0.0,0.0,0.0,0.0,0.0,0.0,0.0,SKIP,,NA,[],[]
NCT02936570,COMPLETED,5.0,ACTUAL,2018,I,1,0,0,0,0,0,,Union,New Jersey,07083,40.6976,-74.2632,0.0,0.0,0.0,0.0,0.0,0.0,0.0,SKIP,,NA,[],[]
NCT02754102,COMPLETED,35.0,ACTUAL,2017,"I, II, III",1,1,1,0,0,0,,Piscataway,New Jersey,08854,40.49927,-74.39904,0.0,0.0,0.0,0.0,0.0,0.0,0.0,SKIP,,NA,[],"[{'name': 'Bayer Study Director', 'affiliation': 'Bayer', 'role': 'STUDY_DIRECTOR'}]"
NCT02751489,COMPLETED,35.0,ACTUAL,2016,"I, II, III",1,1,1,0,0,0,,Piscataway,New Jersey,08854,40.49927,-74.39904,0.0,0.0,0.0,0.0,0.0,0.0,0.0,SKIP,,NA,[],"[{'name': 'Bayer Study Director', 'affiliation': 'Bayer', 'role': 'STUDY_DIRECTOR'}]"
NCT01113606,COMPLETED,,,2010,I-IV,1,1,1,1,0,0,,New York,New York,,40.71427,-74.00597,0.0,0.0,0.0,0.0,0.0,0.0,0.0,SKIP,,PHASE4,[],[]
NCT02857725,COMPLETED,12.0,ACTUAL,2018,"I, II, III",1,1,1,0,0,0,,Union,New Jersey,07083,40.6976,-74.2632,0.0,0.0,0.0,0.0,0.0,0.0,0.0,SKIP,,NA,[],"[{'name': 'Bayer Study Director', 'affiliation': 'Bayer', 'role': 'STUDY_DIRECTOR'}]"
NCT02995109,COMPLETED,10.0,ACTUAL,2018,I,1,0,0,0,0,0,,Union,New Jersey,07083,40.6976,-74.2632,0.0,0.0,0.0,0.0,0.0,0.0,0.0,SKIP,,NA,[],[]
NCT02779270,COMPLETED,105.0,ACTUAL,2018,"I, II, III, IV",1,1,1,1,0,0,,St. Petersburg,Florida,33714,27.77086,-82.67927,0.0,0.0,0.0,0.0,0.0,0.0,0.0,SKIP,,NA,[],"[{'name': 'Bayer Study Director', 'affiliation': 'Bayer', 'role': 'STUDY_DIRECTOR'}]"
NCT02750449,COMPLETED,54.0,ACTUAL,2018,"I, II, III",1,1,1,0,0,0,,Piscataway,New Jersey,08854,40.49927,-74.39904,0.0,0.0,0.0,0.0,0.0,0.0,0.0,SKIP,,NA,[],"[{'name': 'Bayer Study Director', 'affiliation': 'Bayer', 'role': 'STUDY_DIRECTOR'}]"
NCT02756988,COMPLETED,10.0,ACTUAL,2018,I,1,0,0,0,0,0,,Union,New Jersey,07083,40.6976,-74.2632,0.0,0.0,0.0,0.0,0.0,0.0,0.0,SKIP,,NA,[],"[{'name': 'Bayer Study Director', 'affiliation': 'Bayer', 'role': 'STUDY_DIRECTOR'}]"
NCT02822313,COMPLETED,10.0,ACTUAL,2018,I,1,0,0,0,0,0,,Union,New Jersey,07083,40.6976,-74.2632,0.0,0.0,0.0,0.0,0.0,0.0,0.0,SKIP,,NA,[],"[{'name': 'Bayer Study Director', 'affiliation': 'Bayer', 'role': 'STUDY_DIRECTOR'}]"
NCT02803021,COMPLETED,10.0,ACTUAL,2018,I,1,0,0,0,0,0,,Union,New Jersey,07083,40.6976,-74.2632,0.0,0.0,0.0,0.0,0.0,0.0,0.0,SKIP,,NA,[],"[{'name': 'Bayer Study Director', 'affiliation': 'Bayer', 'role': 'STUDY_DIRECTOR'}]"
NCT02857738,COMPLETED,12.0,ACTUAL,2018,"I, II, III",1,1,1,0,0,0,,Union,New Jersey,07083,40.6976,-74.2632,0.0,0.0,0.0,0.0,0.0,0.0,0.0,SKIP,,NA,[],"[{'name': 'Bayer Study Director', 'affiliation': 'Bayer', 'role': 'STUDY_DIRECTOR'}]"
NCT03945383,COMPLETED,120.0,ACTUAL,2022,"I, II, III, IV",1,1,1,1,0,0,My Community Research Center,Miami,Florida,33155,25.7323304,-80.3166972,0.0,0.0,0.0,0.0,0.0,0.0,0.0,"My Community Research Center, Miami, Florida 33155",My Community Research Center,NA,[],"[{'name': 'Rupal Trivedi, M.D.', 'affiliation': 'Great Lakes Clinical Trials', 'role': 'PRINCIPAL_INVESTIGATOR'}, {'name': 'David Pariser, M.D.', 'affiliation': 'Virginia Clinical Research', 'role': 'PRINCIPAL_INVESTIGATOR'}]"
NCT04738734,COMPLETED,150.0,ACTUAL,2023,"I, II, III, IV",1,1,1,1,0,0,Moy-Fincher-Chipps Dermatology,Beverly Hills,California,90210,34.06968390000001,-118.4036305,0.0,12.0,0.0,4.0,274.0,4.0,6.0,"Moy-Fincher-Chipps Dermatology, Beverly Hills, California 90210","Moy, Fincher, Chipps Facial Plastics & Dermatology - Beverly Hills",NA,[],"[{'name': 'Richard Nuccitelli, PhD', 'affiliation': 'Pulse Biosciences, Inc.', 'role': 'STUDY_CHAIR'}]"
NCT04571567,COMPLETED,20.0,ACTUAL,2022,IV-VI,0,0,0,1,1,1,Mount Sinai West Dermatolgy,New York,New York,10023,40.7801263,-73.9820716,0.0,0.0,0.0,0.0,0.0,0.0,0.0,"Mount Sinai West Dermatolgy, New York, New York 10023",Dermatology Services at Mount Sinai West,PHASE4,[],"[{'name': 'Saakshi Khattri, M.D.', 'affiliation': 'Icahn School of Medicine at Mount Sinai', 'role': 'PRINCIPAL_INVESTIGATOR'}]"
NCT03681470,COMPLETED,20.0,ACTUAL,2022,"IV, V, VI",0,0,0,1,1,1,Mount Sinai West,New York,New York,10023,40.7698391,-73.98716639999999,0.0,1.0,0.0,16.0,0.0,0.0,3.0,"Mount Sinai West, New York, New York 10023",Mount Sinai West,PHASE4,[],"[{'name': 'Saakshi Khattri, MD', 'affiliation': 'Icahn School of Medicine at Mount Sinai', 'role': 'PRINCIPAL_INVESTIGATOR'}]"
NCT03506477,COMPLETED,25.0,ACTUAL,2021,IV-VI,0,0,0,1,1,1,Mount Sinai West,New York,New York,10023,40.7698391,-73.98716639999999,0.0,6.0,2.0,26.0,0.0,0.0,16.0,"Mount Sinai West, New York, New York 10023",Mount Sinai West,PHASE4,[],"[{'name': 'Andrew Alexis, MD, MPH', 'affiliation': 'Icahn School of Medicine at Mount Sinai', 'role': 'PRINCIPAL_INVESTIGATOR'}]"
NCT00555646,TERMINATED,6.0,ACTUAL,2021,I-VI,1,1,1,1,1,1,Mount Sinai School of Medicine,New York,New York,10029,40.79001179999999,-73.95374140000001,0.0,0.0,0.0,0.0,0.0,0.0,0.0,"Mount Sinai School of Medicine, New York, New York 10029",Icahn School of Medicine at Mount Sinai,PHASE2,[],"[{'name': 'Amir Larian, MD', 'affiliation': 'Icahn School of Medicine at Mount Sinai', 'role': 'PRINCIPAL_INVESTIGATOR'}]"
NCT01247818,COMPLETED,99.0,ACTUAL,2012,I-VI,1,1,1,1,1,1,Mount Sinai School of Medicine,New York,New York,10029,40.79001179999999,-73.95374140000001,0.0,0.0,0.0,0.0,0.0,0.0,0.0,"Mount Sinai School of Medicine, New York, New York 10029",Icahn School of Medicine at Mount Sinai,PHASE2,[],"[{'name': 'Eric Wachter, Ph.D.', 'affiliation': 'Provectus Pharmaceuticals', 'role': 'STUDY_DIRECTOR'}]"
NCT00941278,COMPLETED,30.0,ESTIMATED,2010,I-VI,1,1,1,1,1,1,Mount Sinai School of Medicine,New York,New York,10029,40.79001179999999,-73.95374140000001,0.0,0.0,0.0,0.0,0.0,0.0,0.0,"Mount Sinai School of Medicine, New York, New York 10029",Icahn School of Medicine at Mount Sinai,PHASE2,[],"[{'name': 'Eric Wachter, PhD', 'affiliation': 'Provectus Pharmaceuticals', 'role': 'STUDY_DIRECTOR'}]"
NCT03409965,COMPLETED,21.0,ACTUAL,2018,I-VI,1,1,1,1,1,1,Moradi M.D.,Vista,California,92083,33.1858347,-117.2852629,0.0,0.0,0.0,0.0,0.0,0.0,0.0,"Moradi M.D., Vista, California 92083",Moradi MD Cosmetic Surgery,NA,[],"[{'name': 'Kari Larson, MBA', 'affiliation': 'Sponsor GmbH', 'role': 'STUDY_DIRECTOR'}]"
NCT04540900,ACTIVE_NOT_RECRUITING,85.0,ACTUAL,2025,I-IV,1,1,1,1,0,0,Mission Dermatology,Rancho Santa Margarita,California,92688,33.6383921,-117.6101823,0.0,0.0,0.0,0.0,0.0,0.0,0.0,"Mission Dermatology, Rancho Santa Margarita, California 92688",Mission Dermatology Center,PHASE1,[],[]
NCT06477172,RECRUITING,500.0,ESTIMATED,2025,All,1,1,1,1,1,1,Mirror Plastic Surgery,St. Petersburg,Florida,33701,27.8265129,-82.6384087,0.0,0.0,0.0,0.0,0.0,0.0,0.0,"Mirror Plastic Surgery, St. Petersburg, Florida 33701",Tampa Bay Cosmetic Surgery Center,N/A,"[{'name': 'Lisa Campbell, PhD', 'role': 'CONTACT', 'phone': '858-997-7447', 'email': 'lisa.campbell@acorn.me'}]","[{'name': 'Drew Taylor, PhD', 'affiliation': 'Acorn Biolabs', 'role': 'STUDY_CHAIR'}]"
NCT00933543,COMPLETED,107.0,ACTUAL,2013,I-VI,1,1,1,1,1,1,Minnesota Clinical Study Center,Fridley,Minnesota,55432,45.0707285,-93.1879058,0.0,0.0,0.0,0.0,0.0,0.0,0.0,"Minnesota Clinical Study Center, Fridley, Minnesota 55432",Minnesota Clinical Study Center,PHASE2,[],"[{'name': 'Lawrence F. Eichenfield, M.D', 'affiliation': ""Children's Specialists of San Diego / Rady Children's Hospital San Diego"", 'role': 'PRINCIPAL_INVESTIGATOR'}]"
NCT00933543,COMPLETED,107.0,ACTUAL,2013,I-VI,1,1,1,1,1,1,Milton S. Hershey Medical Center,Hershey,Pennsylvania,17033,40.2637903,-76.6765984,0.0,0.0,0.0,0.0,0.0,0.0,0.0,"Milton S. Hershey Medical Center, Hershey, Pennsylvania 17033",Penn State Health Milton S. Hershey Medical Center,PHASE2,[],"[{'name': 'Lawrence F. Eichenfield, M.D', 'affiliation': ""Children's Specialists of San Diego / Rady Children's Hospital San Diego"", 'role': 'PRINCIPAL_INVESTIGATOR'}]"
NCT04957446,UNKNOWN,10.0,ESTIMATED,2021,I-IV,1,1,1,1,0,0,Michelle Malanga,New York,New York,10075,40.6802382,-74.41068659999999,0.0,0.0,0.0,0.0,0.0,0.0,0.0,"Michelle Malanga, New York, New York 10075","Michelle Malanga, LCSW",NA,"[{'name': 'Michelle Malanga, MPA', 'role': 'CONTACT', 'phone': '2112-772-7242', 'email': 'mmalanga@sadickdermatology.com'}]","[{'name': 'Neil Sadick, M.D.', 'affiliation': 'Sadick Research Group', 'role': 'PRINCIPAL_INVESTIGATOR'}]"
NCT04185909,COMPLETED,55.0,ACTUAL,2022,III,0,0,1,0,0,0,"Michael Lin, MD",Sherman Oaks,California,91403,34.1548222,-118.4711939,0.0,0.0,0.0,0.0,55.0,0.0,0.0,"Michael Lin, MD, Sherman Oaks, California 91403","Michael Lin, MD",NA,[],"[{'name': 'Edward Zimmerman, MD', 'affiliation': 'Aesthetic Revolution Las Vegas', 'role': 'PRINCIPAL_INVESTIGATOR'}]"
NCT00947505,COMPLETED,49.0,ACTUAL,2012,I-IV,1,1,1,1,0,0,"Michael Jarratt, MD",Austin,Texas,78759,30.36692,-97.743385,0.0,0.0,0.0,0.0,0.0,0.0,0.0,"Michael Jarratt, MD, Austin, Texas 78759",Jarratt Michael T MD,NA,[],"[{'name': 'Michael Jarratt, M.D.', 'affiliation': 'DermaResearch, Inc.', 'role': 'PRINCIPAL_INVESTIGATOR'}, {'name': 'Abe Marcadis, M.D.', 'affiliation': 'Palm Beach Research Center', 'role': 'PRINCIPAL_INVESTIGATOR'}]"
NCT03286283,COMPLETED,55.0,ACTUAL,2022,III,0,0,1,0,0,0,Miami Plastic Surgery,Miami,Florida,33176,25.6821584,-80.3358456,0.0,0.0,0.0,0.0,0.0,0.0,0.0,"Miami Plastic Surgery, Miami, Florida 33176",Miami Plastic Surgery,NA,[],"[{'name': 'Cindy Ponce, BS(ACS)', 'affiliation': 'Apyx Medical (formerly Bovie Medical Corporation)', 'role': 'STUDY_DIRECTOR'}]"
NCT05372419,COMPLETED,90.0,ACTUAL,2025,IV-VI,0,0,0,1,1,1,Miami Dermatology and Laser Research,Miami,Florida,33173,25.696573,-80.334605,6.0,10.0,4.0,70.0,0.0,0.0,0.0,"Miami Dermatology and Laser Research, Miami, Florida 33173",Miami Dermatology And Laser Institute,PHASE3,[],"[{'name': 'Call 1-877-CTLILLY (1-877-285-4559) or 1-317-615-4559 Mon - Fri 9 AM - 5 PM Eastern time (UTC/GMT - 5 hours, EST)', 'affiliation': 'Eli Lilly and Company', 'role': 'STUDY_DIRECTOR'}]"
NCT03573271,UNKNOWN,20.0,ESTIMATED,2018,I-IV,1,1,1,1,0,0,Miami Dermatology and Laser Institute,Miami,Florida,33173,25.696573,-80.334605,0.0,0.0,0.0,0.0,0.0,0.0,0.0,"Miami Dermatology and Laser Institute, Miami, Florida 33173",Miami Dermatology And Laser Institute,NA,[],[]
NCT03583918,COMPLETED,50.0,ACTUAL,2018,"I, II, III",1,1,1,0,0,0,Miami Dermatology and Laser Institute,Miami,Florida,33173,25.696573,-80.334605,0.0,0.0,0.0,0.0,0.0,0.0,0.0,"Miami Dermatology and Laser Institute, Miami, Florida 33173",Miami Dermatology And Laser Institute,NA,[],"[{'name': 'Patricia E Krantz, MBA', 'affiliation': 'Cytrellis Biosystems, Inc.', 'role': 'STUDY_DIRECTOR'}]"
NCT05171894,RECRUITING,84.0,ESTIMATED,2024,I-VI,1,1,1,1,1,1,Miami Dermatology and Laser Institute,Miami,Florida,33173,25.696573,-80.334605,0.0,0.0,0.0,0.0,0.0,0.0,0.0,"Miami Dermatology and Laser Institute, Miami, Florida 33173",Miami Dermatology And Laser Institute,PHASE2,"[{'name': 'Xuejing Cheng', 'role': 'CONTACT', 'phone': '00-86-021-58953355', 'email': 'xjcheng@fd-zj.com'}]",[]
NCT04202419,COMPLETED,30.0,ACTUAL,2023,I-VI,1,1,1,1,1,1,Miami Dermatology and Laser Institute,Miami,Florida,33173,25.696573,-80.334605,0.0,0.0,0.0,0.0,0.0,0.0,0.0,"Miami Dermatology and Laser Institute, Miami, Florida 33173",Miami Dermatology And Laser Institute,NA,[],"[{'name': 'Jill S Waibel, M.D', 'affiliation': 'Miami Dermatology and Laser Institute', 'role': 'PRINCIPAL_INVESTIGATOR'}]"
NCT02217228,COMPLETED,394.0,ACTUAL,2017,"I, II, III",1,1,1,0,0,0,Miami Dermatology & Laser Institute,Miami,Florida,33173,25.696573,-80.334605,0.0,0.0,0.0,0.0,0.0,0.0,0.0,"Miami Dermatology & Laser Institute, Miami, Florida 33173",Miami Dermatology And Laser Institute,NA,[],[]
NCT03818555,UNKNOWN,125.0,ESTIMATED,2020,"I, II, III",1,1,1,0,0,0,Miami Dermatology & Laser Institute,Miami,Florida,33173,25.696573,-80.334605,0.0,0.0,0.0,0.0,0.0,0.0,0.0,"Miami Dermatology & Laser Institute, Miami, Florida 33173",Miami Dermatology And Laser Institute,NA,[],"[{'name': 'VP, Clinical & Regulatory Affairs', 'affiliation': 'Sebacia, Inc.', 'role': 'STUDY_DIRECTOR'}]"
NCT03782038,UNKNOWN,30.0,ESTIMATED,2018,I-VI,1,1,1,1,1,1,Miami Dermatology & Laser Institute,Miami,Florida,33173,25.696573,-80.334605,0.0,0.0,0.0,0.0,0.0,0.0,0.0,"Miami Dermatology & Laser Institute, Miami, Florida 33173",Miami Dermatology And Laser Institute,NA,[],[]
NCT03793348,UNKNOWN,35.0,ESTIMATED,2019,I-IV,1,1,1,1,0,0,Miami Dermatology & Laser Institute,Miami,Florida,33173,25.696573,-80.334605,0.0,0.0,0.0,0.0,0.0,0.0,0.0,"Miami Dermatology & Laser Institute, Miami, Florida 33173",Miami Dermatology And Laser Institute,NA,[],[]
NCT02268474,COMPLETED,22.0,ACTUAL,2023,I-III,1,1,1,0,0,0,Miami Dermatology & Laser Institute,Miami,Florida,33173,25.696573,-80.334605,0.0,0.0,0.0,0.0,0.0,0.0,0.0,"Miami Dermatology & Laser Institute, Miami, Florida 33173",Miami Dermatology And Laser Institute,NA,[],"[{'name': 'Stephen Ronan, MD', 'affiliation': 'Study Principal Investigator', 'role': 'PRINCIPAL_INVESTIGATOR'}]"
NCT05411484,ACTIVE_NOT_RECRUITING,10.0,ACTUAL,2024,All,1,1,1,1,1,1,MGH Clinical Unit for Research Trials And Outcome in Skin,Boston,Massachusetts,02114,42.3625323,-71.0645676,0.0,0.0,0.0,0.0,0.0,0.0,0.0,"MGH Clinical Unit for Research Trials And Outcome, Boston, Massachusetts 02114",Mass General Department of Dermatology,PHASE2,[],"[{'name': 'Dieter Manstein, MD, PhD', 'affiliation': 'Massachusetts General Hospital', 'role': 'PRINCIPAL_INVESTIGATOR'}]"
NCT04839692,COMPLETED,37.0,ACTUAL,2023,All,1,1,1,1,1,1,MGH Clinical Unit for Research Trials & Outcomes in Skin,Boston,Massachusetts,02114,42.3625323,-71.0645676,0.0,0.0,0.0,0.0,0.0,0.0,0.0,"MGH Clinical Unit for Research Trials & Outcomes Research, Boston, Massachusetts 02114",Mass General Department of Dermatology,PHASE4,[],"[{'name': 'Dieter Manstein, MD, PhD', 'affiliation': 'Massachusetts General Hospital', 'role': 'PRINCIPAL_INVESTIGATOR'}, {'name': 'Neera Nathan, MD, MSHS', 'affiliation': 'Massachusetts General Hospital', 'role': 'PRINCIPAL_INVESTIGATOR'}]"
NCT04466527,ACTIVE_NOT_RECRUITING,22.0,ESTIMATED,2025,All,1,1,1,1,1,1,MGH Clinical Unit for Research Trials & Outcomes in Skin,Boston,Massachusetts,02114,42.3625323,-71.0645676,0.0,0.0,0.0,0.0,0.0,0.0,0.0,"MGH Clinical Unit for Research Trials & Outcomes in Skin, Boston, Massachusetts 02114",Mass General Department of Dermatology,NA,[],"[{'name': 'Dieter Manstein, MD, PhD', 'affiliation': 'Massachusetts General Hospital', 'role': 'PRINCIPAL_INVESTIGATOR'}]"
NCT05329493,COMPLETED,6.0,ACTUAL,2025,All,1,1,1,1,1,1,MGH Clinical Unit for Research Trials & Outcomes in Skin,Boston,Massachusetts,02114,42.3625323,-71.0645676,0.0,0.0,0.0,0.0,6.0,0.0,0.0,"MGH Clinical Unit for Research Trials & Outcomes in Skin, Boston, Massachusetts 02114",Mass General Department of Dermatology,NA,[],"[{'name': 'Dieter Manstein, MD, PhD', 'affiliation': 'Massachusetts General Hospital', 'role': 'PRINCIPAL_INVESTIGATOR'}]"
NCT04567537,ACTIVE_NOT_RECRUITING,20.0,ESTIMATED,2025,All,1,1,1,1,1,1,MGH Clinical Unit for Research Trials & Outcomes in Skin,Boston,Massachusetts,02114,42.3625323,-71.0645676,0.0,0.0,0.0,0.0,0.0,0.0,0.0,"MGH Clinical Unit for Research Trials & Outcomes in Skin, Boston, Massachusetts 02114",Mass General Department of Dermatology,NA,[],"[{'name': 'Dieter Manstein, MD, PhD', 'affiliation': 'Massachusetts General Hospital', 'role': 'PRINCIPAL_INVESTIGATOR'}]"
NCT03415685,TERMINATED,39.0,ACTUAL,2023,I-VI,1,1,1,1,1,1,Metro Dermatology,Elmhurst,New York,11373,40.7469926,-73.8859409,0.0,0.0,0.0,0.0,0.0,0.0,0.0,"Metro Dermatology, Elmhurst, New York 11373",Metro Dermatology - Elmhurst,NA,[],"[{'name': 'Kari Larson, MBA', 'affiliation': 'Sponsor GmbH', 'role': 'STUDY_DIRECTOR'}]"
NCT02029716,COMPLETED,109.0,ACTUAL,2025,I-IV,1,1,1,1,0,0,Medpace Clinical Pharmacology Unit,Cincinnati,Ohio,45212,39.1574256,-84.40130649999999,0.0,0.0,0.0,0.0,0.0,0.0,0.0,"Medpace Clinical Pharmacology Unit, Cincinnati, Ohio 45212",Medpace Clinical Pharmacology LLC,PHASE1,[],[]
NCT05328388,COMPLETED,50.0,ACTUAL,2022,All,1,1,1,1,1,1,Media Lab Science,Los Angeles,California,91604,34.0198959,-118.4960217,0.0,0.0,0.0,0.0,0.0,0.0,0.0,"Media Lab Science, Los Angeles, California 91604",MediaLab.AI,NA,[],[]
NCT02528552,UNKNOWN,80.0,ESTIMATED,2016,I-IV,1,1,1,1,0,0,"MedaPhase, Inc.",Newnan,Georgia,30263,33.3785849,-84.7613804,0.0,0.0,0.0,0.0,0.0,0.0,0.0,"MedaPhase, Inc., Newnan, Georgia 30263",MedaPhase Inc,PHASE2,[],[]
NCT05097157,COMPLETED,79.0,ACTUAL,2022,I-VI,1,1,1,1,1,1,McDaniel Institute of Anti-Aging Research,Virginia Beach,Virginia,23462,36.85293,-75.97799,0.0,0.0,0.0,0.0,0.0,0.0,0.0,"McDaniel Institute of Anti-Aging Research, Virginia Beach, Virginia 23462",NO_RESULTS_FOUND,NA,[],"[{'name': 'Jennifer Civiok', 'affiliation': 'Cynosure, Inc.', 'role': 'STUDY_DIRECTOR'}, {'name': 'Sean Doherty', 'affiliation': 'Cynosure, Inc.', 'role': 'PRINCIPAL_INVESTIGATOR'}, {'name': 'Robert Weiss', 'affiliation': 'Maryland Dermatology Laser, Skin, & Vein Institute, LLC', 'role': 'PRINCIPAL_INVESTIGATOR'}, {'name': 'Emil Tanghetti', 'affiliation': 'Center for Dermatology and Laser Surgery', 'role': 'PRINCIPAL_INVESTIGATOR'}, {'name': 'David McDaniel', 'affiliation': 'McDaniel Institute of Anti-Aging Research', 'role': 'PRINCIPAL_INVESTIGATOR'}]"
NCT01787461,COMPLETED,194.0,ACTUAL,2015,I-IV,1,1,1,1,0,0,McDaniel Institute of Anti-Aging Research,Virginia Beach,Virginia,23462,36.85293,-75.97799,0.0,0.0,0.0,0.0,0.0,0.0,0.0,"McDaniel Institute of Anti-Aging Research, Virginia Beach, Virginia 23462",NO_RESULTS_FOUND,PHASE4,[],"[{'name': 'Pfizer CT.gov Call Center', 'affiliation': 'Pfizer', 'role': 'STUDY_DIRECTOR'}]"
NCT03594721,COMPLETED,12.0,ACTUAL,2018,All,1,1,1,1,1,1,McDaniel Institute of Anti Aging Research,Virginia Beach,Virginia,23462,36.85293,-75.97799,0.0,0.0,0.0,0.0,0.0,0.0,0.0,"McDaniel Institute of Anti Aging Research, Virginia Beach, Virginia 23462",NO_RESULTS_FOUND,NA,[],"[{'name': 'Elizabeth Makino', 'affiliation': 'Allergan', 'role': 'STUDY_DIRECTOR'}]"
NCT04829227,COMPLETED,45.0,ACTUAL,2022,I-VI,1,1,1,1,1,1,McDaniel Institute of Aging Research,Virginia Beach,Virginia,23462,36.85293,-75.97799,0.0,0.0,0.0,0.0,0.0,0.0,0.0,"McDaniel Institute of Aging Research, Virginia Beach, Virginia 23462",NO_RESULTS_FOUND,PHASE3,[],"[{'name': 'Ruthie Amir, MD', 'affiliation': 'Sofwave', 'role': 'STUDY_DIRECTOR'}]"
NCT04523961,COMPLETED,22.0,ACTUAL,2025,I-IV,1,1,1,1,0,0,Mayo Clinic in Arizona,Scottsdale,Arizona,85259,33.5852073,-111.7927669,0.0,0.0,0.0,0.0,0.0,0.0,0.0,"Mayo Clinic in Arizona, Scottsdale, Arizona 85259",Mayo Clinic,"PHASE2, PHASE3",[],"[{'name': 'Elika Hoss', 'affiliation': 'Mayo Clinic', 'role': 'PRINCIPAL_INVESTIGATOR'}]"
NCT03775031,UNKNOWN,20.0,ESTIMATED,2020,I-II,1,1,0,0,0,0,Massachusetts General Hospital Clinical Unit for Research Trials and Outcomes in Skin,Boston,Massachusetts,02114,42.3625323,-71.0645676,0.0,0.0,0.0,0.0,0.0,0.0,0.0,"Massachusetts General Hospital Clinical Unit for Research Trials and Outcomes in Skin, Boston, Massachusetts 02114",Mass General Department of Dermatology,NA,"[{'name': 'Molly Wanner, MD', 'role': 'CONTACT', 'phone': '617-726-5066', 'email': 'mwanner@mgh.harvard.edu'}]",[]
NCT04178161,UNKNOWN,15.0,ESTIMATED,2019,All,1,1,1,1,1,1,Massachusetts General Hospital - Wellman Center for Photomedicine,Boston,Massachusetts,02114,42.3625651,-71.068394,0.0,0.0,0.0,0.0,0.0,0.0,0.0,"Massachusetts General Hospital - Wellman Center for Photomedicine, Boston, Massachusetts 02114",Massachusetts General Hospital,NA,"[{'name': 'Yakir Levin, MD, PhD', 'role': 'CONTACT', 'phone': '617-726-3827', 'email': 'ylevin2@partners.org'}]","[{'name': 'R Rox Anderson, MD', 'affiliation': 'Massachusetts General Hospital', 'role': 'PRINCIPAL_INVESTIGATOR'}]"
NCT03901417,UNKNOWN,10.0,ESTIMATED,2020,I-III,1,1,1,0,0,0,Massachusetts General Hospital,Boston,Massachusetts,02114,42.3625651,-71.068394,0.0,0.0,0.0,0.0,0.0,0.0,0.0,"Massachusetts General Hospital, Boston, Massachusetts 02114",Massachusetts General Hospital,NA,[],"[{'name': 'Mathew Avram, MD', 'affiliation': 'Massachusetts General Hospital', 'role': 'PRINCIPAL_INVESTIGATOR'}]"
NCT03311191,TERMINATED,11.0,ACTUAL,2019,"I, II, III, IV",1,1,1,1,0,0,Massachusetts General Hospital,Boston,Massachusetts,02114,42.3625651,-71.068394,0.0,0.0,0.0,0.0,0.0,0.0,0.0,"Massachusetts General Hospital, Boston, Massachusetts 02114",Massachusetts General Hospital,N/A,[],"[{'name': 'Conor L Evans, PhD', 'affiliation': 'Massachusetts General Hospital', 'role': 'PRINCIPAL_INVESTIGATOR'}]"
NCT03380845,COMPLETED,4.0,ACTUAL,2019,III-VI,0,0,1,1,1,1,Massachusetts General Hospital,Boston,Massachusetts,02114,42.3625651,-71.068394,0.0,0.0,0.0,0.0,0.0,0.0,0.0,"Massachusetts General Hospital, Boston, Massachusetts 02114",Massachusetts General Hospital,NA,[],"[{'name': 'Mathew Avram, MD', 'affiliation': 'MGH', 'role': 'PRINCIPAL_INVESTIGATOR'}]"
NCT01686841,COMPLETED,11.0,ACTUAL,2025,I-III,1,1,1,0,0,0,Massachusetts General Hospital,Boston,Massachusetts,02114,42.3625651,-71.068394,0.0,0.0,0.0,0.0,0.0,0.0,0.0,"Massachusetts General Hospital, Boston, Massachusetts 02114",Massachusetts General Hospital,NA,[],"[{'name': 'Rox Anderson, MD', 'affiliation': 'MGH', 'role': 'PRINCIPAL_INVESTIGATOR'}]"
NCT02458976,UNKNOWN,20.0,ESTIMATED,2017,All,1,1,1,1,1,1,Massachusetts General Hospital,Boston,Massachusetts,02114,42.3625651,-71.068394,0.0,0.0,0.0,0.0,0.0,0.0,0.0,"Massachusetts General Hospital, Boston, Massachusetts 02114",Massachusetts General Hospital,NA,"[{'name': 'Kachiu Lee, MD', 'role': 'CONTACT', 'phone': '617-371-4711', 'email': 'klee52@mgh.harvard.edu'}, {'name': 'Beverly Dammin', 'role': 'CONTACT', 'phone': '617-726-3308', 'email': 'bdammin@mgh.harvard.edu'}]","[{'name': 'R R Anderson, MD', 'affiliation': 'MGH', 'role': 'PRINCIPAL_INVESTIGATOR'}]"
NCT04103164,SUSPENDED,10.0,ESTIMATED,2019,I-VI,1,1,1,1,1,1,Massachusetts General Hospital,Boston,Massachusetts,02114,42.3625651,-71.068394,0.0,0.0,0.0,0.0,0.0,0.0,0.0,"Massachusetts General Hospital, Boston, Massachusetts 02114",Massachusetts General Hospital,NA,[],"[{'name': 'Rox Anderson, MD', 'affiliation': 'MGH', 'role': 'PRINCIPAL_INVESTIGATOR'}]"
NCT01662713,COMPLETED,10.0,ACTUAL,2023,I-VI,1,1,1,1,1,1,Massachusetts General Hospital,Boston,Massachusetts,02114,42.3625651,-71.068394,0.0,0.0,0.0,0.0,0.0,0.0,0.0,"Massachusetts General Hospital, Boston, Massachusetts 02114",Massachusetts General Hospital,NA,[],"[{'name': 'Benjamin Vakoc, PhD', 'affiliation': 'Massachusetts General Hospital', 'role': 'PRINCIPAL_INVESTIGATOR'}]"
NCT03115944,UNKNOWN,21.0,ESTIMATED,2017,I-VI,1,1,1,1,1,1,Maryland Plastic Surgery,Glen Burnie,Maryland,21061,39.0732241,-76.6343615,0.0,0.0,0.0,0.0,0.0,0.0,0.0,"Maryland Plastic Surgery, Glen Burnie, Maryland 21061",Maryland Plastic Surgery,NA,[],[]
NCT02465775,UNKNOWN,60.0,ESTIMATED,2016,I-VI,1,1,1,1,1,1,"Maryland Laser, Skin, & Vein Institute, LLC",Hunt Valley,Maryland,21030,39.472291,-76.6368194,0.0,0.0,0.0,0.0,0.0,0.0,0.0,"Maryland Laser, Skin, & Vein Institute, LLC, Hunt Valley, Maryland 21030","Maryland Dermatology, Laser, Skin & Vein Institute",NA,"[{'name': 'Robert Weiss, MD', 'role': 'CONTACT', 'phone': '410-666-3960', 'email': ''}]","[{'name': 'Robert Weiss, MD', 'affiliation': '54 Scot Adams Road, Hunt Valley Baltimore USA', 'role': 'PRINCIPAL_INVESTIGATOR'}, {'name': 'William P. Colem, MD', 'affiliation': 'Coleman Center for Cosmetic Dermatologic Surgery', 'role': 'PRINCIPAL_INVESTIGATOR'}]"
NCT02488083,UNKNOWN,60.0,ESTIMATED,2016,I-VI,1,1,1,1,1,1,"Maryland Laser, Skin, & Vein Institute",Baltimore,Maryland,21030,39.472291,-76.6368194,0.0,0.0,0.0,0.0,0.0,0.0,0.0,"Maryland Laser, Skin, & Vein Institute, Baltimore, Maryland 21030","Maryland Dermatology, Laser, Skin & Vein Institute",NA,"[{'name': 'Robert Weiss, MD', 'role': 'CONTACT', 'phone': '410-666-3960', 'email': ''}]","[{'name': 'Robert Weiss, MD', 'affiliation': 'Maryland Laser Skin and Vein Institute', 'role': 'PRINCIPAL_INVESTIGATOR'}]"
NCT02217228,COMPLETED,394.0,ACTUAL,2017,"I, II, III",1,1,1,0,0,0,"Maryland Laser, Skin & Vein Institute",Hunt Valley,Maryland,21030,39.472291,-76.6368194,0.0,0.0,0.0,0.0,0.0,0.0,0.0,"Maryland Laser, Skin & Vein Institute, Hunt Valley, Maryland 21030","Maryland Dermatology, Laser, Skin & Vein Institute",NA,[],[]
NCT05171894,RECRUITING,84.0,ESTIMATED,2024,I-VI,1,1,1,1,1,1,"Maryland Dermatology, Laser, Skin & Vein Institute",Hunt Valley,Maryland,21030,39.472291,-76.6368194,0.0,0.0,0.0,0.0,0.0,0.0,0.0,"Maryland Dermatology, Laser, Skin & Vein Institute, Hunt Valley, Maryland 21030","Maryland Dermatology, Laser, Skin & Vein Institute",PHASE2,"[{'name': 'Xuejing Cheng', 'role': 'CONTACT', 'phone': '00-86-021-58953355', 'email': 'xjcheng@fd-zj.com'}]",[]
NCT05097157,COMPLETED,79.0,ACTUAL,2022,I-VI,1,1,1,1,1,1,"Maryland Dermatology Laser, Skin, & Vein Institute, LLC.",Hunt Valley,Maryland,21030,39.472291,-76.6368194,0.0,0.0,0.0,0.0,0.0,0.0,0.0,"Maryland Dermatology Laser, Skin, & Vein Institute, LLC., Hunt Valley, Maryland 21030","Maryland Dermatology, Laser, Skin & Vein Institute",NA,[],"[{'name': 'Jennifer Civiok', 'affiliation': 'Cynosure, Inc.', 'role': 'STUDY_DIRECTOR'}, {'name': 'Sean Doherty', 'affiliation': 'Cynosure, Inc.', 'role': 'PRINCIPAL_INVESTIGATOR'}, {'name': 'Robert Weiss', 'affiliation': 'Maryland Dermatology Laser, Skin, & Vein Institute, LLC', 'role': 'PRINCIPAL_INVESTIGATOR'}, {'name': 'Emil Tanghetti', 'affiliation': 'Center for Dermatology and Laser Surgery', 'role': 'PRINCIPAL_INVESTIGATOR'}, {'name': 'David McDaniel', 'affiliation': 'McDaniel Institute of Anti-Aging Research', 'role': 'PRINCIPAL_INVESTIGATOR'}]"
NCT03361176,COMPLETED,30.0,ACTUAL,2019,I-VI,1,1,1,1,1,1,"Maryland Dermatology Laser, Skin and Vein Institute",Hunt Valley,Maryland,21030,39.472291,-76.6368194,0.0,2.0,0.0,0.0,58.0,0.0,0.0,"Maryland Dermatology Laser, Skin and Vein Institute, Hunt Valley, Maryland 21030","Maryland Dermatology, Laser, Skin & Vein Institute",PHASE4,[],[]
NCT03409952,COMPLETED,20.0,ACTUAL,2019,I-VI,1,1,1,1,1,1,"Maryland Dermatology Laser, Skin & Vein Institute",Hunt Valley,Maryland,21030,39.472291,-76.6368194,0.0,0.0,0.0,0.0,0.0,0.0,0.0,"Maryland Dermatology Laser, Skin & Vein Institute, Hunt Valley, Maryland 21030","Maryland Dermatology, Laser, Skin & Vein Institute",NA,[],"[{'name': 'Kari Larson, MBA', 'affiliation': 'Sponsor GmbH', 'role': 'STUDY_DIRECTOR'}]"
NCT02793739,COMPLETED,20.0,ACTUAL,2021,All,1,1,1,1,1,1,Marmur Medical,New York,New York,10128,40.7816632,-73.9590497,0.0,0.0,0.0,0.0,0.0,0.0,0.0,"Marmur Medical, New York, New York 10128",Marmur Medical,NA,[],"[{'name': 'Ellen Marmur, MD', 'affiliation': 'Marmur Medical', 'role': 'PRINCIPAL_INVESTIGATOR'}]"
NCT05590585,COMPLETED,124.0,ACTUAL,2024,IV,0,0,0,1,0,0,Markowitz Medical,New York,New York,10128,40.7879752,-73.9554837,0.0,0.0,0.0,0.0,0.0,0.0,0.0,"Markowitz Medical, New York, New York 10128",Markowitz Medical OptiSkin Medical,PHASE4,[],"[{'name': 'Clinical Trial Management', 'affiliation': 'Regeneron Pharmaceuticals', 'role': 'STUDY_DIRECTOR'}]"
NCT06477172,RECRUITING,500.0,ESTIMATED,2025,All,1,1,1,1,1,1,Marina Plastic Surgery,Marina del Rey,California,90292,33.9826915,-118.4416813,0.0,0.0,0.0,0.0,0.0,0.0,0.0,"Marina Plastic Surgery, Marina del Rey, California 90292",Marina Plastic Surgery,N/A,"[{'name': 'Lisa Campbell, PhD', 'role': 'CONTACT', 'phone': '858-997-7447', 'email': 'lisa.campbell@acorn.me'}]","[{'name': 'Drew Taylor, PhD', 'affiliation': 'Acorn Biolabs', 'role': 'STUDY_CHAIR'}]"
NCT04510727,WITHDRAWN,0.0,ACTUAL,2024,All,1,1,1,1,1,1,Maria V Muniz,Miami,Florida,33125,25.77427,-80.19366,0.0,0.0,0.0,0.0,0.0,0.0,0.0,"Maria V Muniz, Miami, Florida 33125",NO_RESULTS_FOUND,NA,[],"[{'name': 'Keyvan Nouri, MD', 'affiliation': 'University of Miami', 'role': 'PRINCIPAL_INVESTIGATOR'}]"
NCT06477172,RECRUITING,500.0,ESTIMATED,2025,All,1,1,1,1,1,1,Marcus Medical,Redondo Beach,California,90277,33.8170566,-118.386699,0.0,0.0,0.0,0.0,0.0,0.0,0.0,"Marcus Medical, Redondo Beach, California 90277",Marcus Medical,N/A,"[{'name': 'Lisa Campbell, PhD', 'role': 'CONTACT', 'phone': '858-997-7447', 'email': 'lisa.campbell@acorn.me'}]","[{'name': 'Drew Taylor, PhD', 'affiliation': 'Acorn Biolabs', 'role': 'STUDY_CHAIR'}]"
NCT06999408,NOT_YET_RECRUITING,15.0,ESTIMATED,2025,All,1,1,1,1,1,1,Marc Avram MD,New York,New York,10021,40.7720112,-73.9671053,0.0,0.0,0.0,0.0,0.0,0.0,0.0,"Marc Avram MD, New York, New York 10021","Marc Avram, MD",NA,"[{'name': 'Michele Clinical Research Coordinator', 'role': 'CONTACT', 'phone': '212-734-4007', 'email': 'Michele@dravram.com'}, {'name': 'Jen Clinical Program Director', 'role': 'CONTACT', 'phone': '310-913-8860', 'email': 'jhoscheid@coolhealth.com'}]","[{'name': 'Marc Avram, MD', 'affiliation': '', 'role': 'PRINCIPAL_INVESTIGATOR'}, {'name': 'Dawn Queen, MD', 'affiliation': '', 'role': 'PRINCIPAL_INVESTIGATOR'}]"
NCT05487547,COMPLETED,33.0,ACTUAL,2023,I-IV,1,1,1,1,0,0,Manhattan Face and Eye clinic,New York,New York,10019,40.7656344,-73.9784152,0.0,0.0,0.0,0.0,0.0,0.0,0.0,"Manhattan Face and Eye clinic, New York, New York 10019",Manhattan Face and Eye,NA,[],"[{'name': 'James Chelnis, MD', 'affiliation': 'Manhattan Face and Eye', 'role': 'PRINCIPAL_INVESTIGATOR'}, {'name': 'Chantel Garcia, OD', 'affiliation': 'Carolina Eye Doctors', 'role': 'PRINCIPAL_INVESTIGATOR'}]"
NCT01362192,COMPLETED,20.0,ACTUAL,2015,I-III,1,1,1,0,0,0,Main Line Center for Laser Surgery,Ardmore,Pennsylvania,19003,40.0087844,-75.2891183,0.0,0.0,0.0,0.0,0.0,0.0,0.0,"Main Line Center for Laser Surgery, Ardmore, Pennsylvania 19003",Main Line Center for Laser Surgery,PHASE4,[],[]
NCT02146807,COMPLETED,60.0,ESTIMATED,2015,I-IV,1,1,1,1,0,0,Main Line Center for Laser Surgery,Ardmore,Pennsylvania,19003,40.0087844,-75.2891183,0.0,0.0,0.0,0.0,0.0,0.0,0.0,"Main Line Center for Laser Surgery, Ardmore, Pennsylvania 19003",Main Line Center for Laser Surgery,NA,[],"[{'name': 'Shlomit Mann', 'affiliation': 'Syneron Medical Ltd.', 'role': 'STUDY_DIRECTOR'}]"
NCT02700932,UNKNOWN,15.0,ACTUAL,2017,I-VI,1,1,1,1,1,1,Main Line Center for Laser Surgery,Ardmore,Pennsylvania,19003,40.0087844,-75.2891183,0.0,0.0,0.0,0.0,0.0,0.0,0.0,"Main Line Center for Laser Surgery, Ardmore, Pennsylvania 19003",Main Line Center for Laser Surgery,NA,[],"[{'name': 'Eric F Bernstein, MD', 'affiliation': 'Main Line Center for Laser Surgery', 'role': 'PRINCIPAL_INVESTIGATOR'}]"
NCT00933543,COMPLETED,107.0,ACTUAL,2013,I-VI,1,1,1,1,1,1,"Madison Skin & Research, Inc",Madison,Wisconsin,53719,43.0600428,-89.4931696,0.0,0.0,0.0,0.0,0.0,0.0,0.0,"Madison Skin & Research, Inc, Madison, Wisconsin 53719",Madison Skin & Research Inc,PHASE2,[],"[{'name': 'Lawrence F. Eichenfield, M.D', 'affiliation': ""Children's Specialists of San Diego / Rady Children's Hospital San Diego"", 'role': 'PRINCIPAL_INVESTIGATOR'}]"
NCT03078647,COMPLETED,31.0,ACTUAL,2019,I-VI,1,1,1,1,1,1,Macrene Alexiades,New York,New York,10028,40.7772381,-73.95891999999999,0.0,0.0,0.0,0.0,62.0,0.0,0.0,"Macrene Alexiades, New York, New York 10028",Dr. Macrene Alexiades,NA,[],"[{'name': 'Girish Munavalli, MD', 'affiliation': 'Laser & Vein Specialists of the Carolinas', 'role': 'PRINCIPAL_INVESTIGATOR'}]"
NCT06477172,RECRUITING,500.0,ESTIMATED,2025,All,1,1,1,1,1,1,Luxurgery,New York,New York,10021,40.770654,-73.9679658,0.0,0.0,0.0,0.0,0.0,0.0,0.0,"Luxurgery, New York, New York 10021","Sachin M. Shridharani, MD, FACS: LUXURGERY©",N/A,"[{'name': 'Lisa Campbell, PhD', 'role': 'CONTACT', 'phone': '858-997-7447', 'email': 'lisa.campbell@acorn.me'}]","[{'name': 'Drew Taylor, PhD', 'affiliation': 'Acorn Biolabs', 'role': 'STUDY_CHAIR'}]"
NCT03224715,WITHDRAWN,0.0,ACTUAL,2018,"I, II, III, IV",1,1,1,1,0,0,Loyola Dermatology,La Grange Park,Illinois,60526,41.7956435,-87.88675719999999,0.0,0.0,0.0,0.0,0.0,0.0,0.0,"Loyola Dermatology, La Grange Park, Illinois 60526",Dermatology Associates of LaGrange,NA,[],[]
NCT06351358,ACTIVE_NOT_RECRUITING,40.0,ESTIMATED,2024,All,1,1,1,1,1,1,Lorenc Aesthetic Plastic Surgery Center,New York,New York,10028,40.778089,-73.95795799999999,0.0,0.0,0.0,0.0,0.0,0.0,0.0,"Lorenc Aesthetic Plastic Surgery Center, New York, New York 10028","Z. Paul Lorenc, M.D, F.A.C.S",NA,[],"[{'name': 'Michael Somenek, MD', 'affiliation': 'Somenek + Pittman MD: Advanced Plastic Surgery', 'role': 'PRINCIPAL_INVESTIGATOR'}, {'name': 'Paul Z Lorenc, MD', 'affiliation': 'Z. Paul Lorenc Aesthetic Plastic Surgery', 'role': 'PRINCIPAL_INVESTIGATOR'}]"
NCT00702507,COMPLETED,200.0,ACTUAL,2012,I-VI,1,1,1,1,1,1,"Lewis Purnell, MD",San Antonio,Texas,78229,29.5087357,-98.5879347,0.0,0.0,0.0,0.0,0.0,0.0,0.0,"Lewis Purnell, MD, San Antonio, Texas 78229","Lewis M. Purnell, M.D., F.A.A.P.",PHASE4,[],"[{'name': 'GSK Clinical Trials', 'affiliation': 'GlaxoSmithKline', 'role': 'STUDY_DIRECTOR'}]"
NCT06477172,RECRUITING,500.0,ESTIMATED,2025,All,1,1,1,1,1,1,Lewis Dermatology and Associates,New York,New York,10021,40.772711,-73.9619538,0.0,0.0,0.0,0.0,0.0,0.0,0.0,"Lewis Dermatology and Associates, New York, New York 10021",Lewis Dermatology and Associates,N/A,"[{'name': 'Lisa Campbell, PhD', 'role': 'CONTACT', 'phone': '858-997-7447', 'email': 'lisa.campbell@acorn.me'}]","[{'name': 'Drew Taylor, PhD', 'affiliation': 'Acorn Biolabs', 'role': 'STUDY_CHAIR'}]"
NCT04910945,RECRUITING,70.0,ESTIMATED,2024,All,1,1,1,1,1,1,Le's Aesthetics,San Jose,California,95112,37.4139861,-121.884989,0.0,0.0,0.0,0.0,0.0,0.0,0.0,"Le's Aesthetics, San Jose, California 95112",Le Aesthetic,NA,"[{'name': 'Matthew Gronski, PhD', 'role': 'CONTACT', 'phone': '888-907-0115', 'email': 'mgronski@venusconcept.com'}]","[{'name': 'Matthew Gronski, PhD', 'affiliation': 'Venus Concept', 'role': 'STUDY_DIRECTOR'}]"
NCT00702507,COMPLETED,200.0,ACTUAL,2012,I-VI,1,1,1,1,1,1,"Lawrence Schachner, MD",Miami,Florida,33136,25.7877859,-80.2159365,0.0,0.0,0.0,0.0,0.0,0.0,0.0,"Lawrence Schachner, MD, Miami, Florida 33136","Lawrence A Schachner, MD",PHASE4,[],"[{'name': 'GSK Clinical Trials', 'affiliation': 'GlaxoSmithKline', 'role': 'STUDY_DIRECTOR'}]"
NCT02748928,COMPLETED,62.0,ACTUAL,2019,I-VI,1,1,1,1,1,1,Laser Skin Surgery Center of Northern California,Sacramento,California,95816,38.5706609,-121.4556892,3.0,3.0,1.0,3.0,52.0,0.0,0.0,"Laser Skin Surgery Center of Northern California, Sacramento, California 95816",Laser & Skin Surgery Center of Northern California,NA,[],"[{'name': 'Ruthie Amir, MD', 'affiliation': 'Syneron Medical', 'role': 'STUDY_DIRECTOR'}]"
NCT02912507,COMPLETED,11.0,ACTUAL,2023,I-VI,1,1,1,1,1,1,Laser Skin Solutions Jacksonville,Jacksonville Beach,Florida,32250,30.2598893,-81.3896594,0.0,0.0,0.0,0.0,20.0,0.0,0.0,"Laser Skin Solutions Jacksonville, Jacksonville Beach, Florida 32250",Laser Skin Solutions Jacksonville,NA,[],"[{'name': 'Jill Lezaic, DO', 'affiliation': 'Laser Skin Solutions Jacksonville', 'role': 'PRINCIPAL_INVESTIGATOR'}]"
NCT03793348,UNKNOWN,35.0,ESTIMATED,2019,I-IV,1,1,1,1,0,0,Laser and Skin Surgery of New York,New York,New York,10016,40.7446877,-73.974925,0.0,0.0,0.0,0.0,0.0,0.0,0.0,"Laser and Skin Surgery of New York, New York, New York 10016",Laser & Skin Surgery Center of New York,NA,[],[]
NCT03573271,UNKNOWN,20.0,ESTIMATED,2018,I-IV,1,1,1,1,0,0,Laser and Skin Surgery Center of Northern California,Sacramento,California,95816,38.5706609,-121.4556892,0.0,0.0,0.0,0.0,0.0,0.0,0.0,"Laser and Skin Surgery Center of Northern California, Sacramento, California 95816",Laser & Skin Surgery Center of Northern California,NA,[],[]
NCT03583918,COMPLETED,50.0,ACTUAL,2018,"I, II, III",1,1,1,0,0,0,Laser and Skin Surgery Center of Northern California,Sacramento,California,95816,38.5706609,-121.4556892,0.0,0.0,0.0,0.0,0.0,0.0,0.0,"Laser and Skin Surgery Center of Northern California, Sacramento, California 95816",Laser & Skin Surgery Center of Northern California,NA,[],"[{'name': 'Patricia E Krantz, MBA', 'affiliation': 'Cytrellis Biosystems, Inc.', 'role': 'STUDY_DIRECTOR'}]"
NCT03793348,UNKNOWN,35.0,ESTIMATED,2019,I-IV,1,1,1,1,0,0,Laser and Skin Surgery Center of Northern California,Sacramento,California,95816,38.5706609,-121.4556892,0.0,0.0,0.0,0.0,0.0,0.0,0.0,"Laser and Skin Surgery Center of Northern California, Sacramento, California 95816",Laser & Skin Surgery Center of Northern California,NA,[],[]
NCT04695691,COMPLETED,104.0,ACTUAL,2023,I-VI,1,1,1,1,1,1,Laser and Skin Surgery Center of Northern CA,Sacramento,California,95816,38.5706609,-121.4556892,0.0,0.0,0.0,0.0,0.0,0.0,0.0,"Laser and Skin Surgery Center of Northern CA, Sacramento, California 95816",Laser & Skin Surgery Center of Northern California,NA,[],[]
NCT03534609,COMPLETED,18.0,ACTUAL,2020,I-VI,1,1,1,1,1,1,Laser and Skin Surgery Center of New York,New York,New York,10016,40.7446877,-73.974925,0.0,0.0,0.0,0.0,0.0,0.0,0.0,"Laser and Skin Surgery Center of New York, New York, New York 10016",Laser & Skin Surgery Center of New York,NA,[],"[{'name': 'Kari Larson, MBA', 'affiliation': 'Sponsor GmbH', 'role': 'STUDY_DIRECTOR'}]"
NCT03573271,UNKNOWN,20.0,ESTIMATED,2018,I-IV,1,1,1,1,0,0,Laser and Skin Surgery Center of New York,New York,New York,10016,40.7446877,-73.974925,0.0,0.0,0.0,0.0,0.0,0.0,0.0,"Laser and Skin Surgery Center of New York, New York, New York 10016",Laser & Skin Surgery Center of New York,NA,[],[]
NCT03456674,ACTIVE_NOT_RECRUITING,10.0,ESTIMATED,2019,I-IV,1,1,1,1,0,0,Laser and Skin Surgery Center of New York,New York,New York,10016,40.7446877,-73.974925,0.0,0.0,0.0,0.0,0.0,0.0,0.0,"Laser and Skin Surgery Center of New York, New York, New York 10016",Laser & Skin Surgery Center of New York,NA,[],"[{'name': 'Kari Larson, MBA', 'affiliation': 'Sponsor GmbH', 'role': 'STUDY_DIRECTOR'}]"
NCT03583918,COMPLETED,50.0,ACTUAL,2018,"I, II, III",1,1,1,0,0,0,Laser and Skin Surgery Center of New York,New York,New York,10016,40.7446877,-73.974925,0.0,0.0,0.0,0.0,0.0,0.0,0.0,"Laser and Skin Surgery Center of New York, New York, New York 10016",Laser & Skin Surgery Center of New York,NA,[],"[{'name': 'Patricia E Krantz, MBA', 'affiliation': 'Cytrellis Biosystems, Inc.', 'role': 'STUDY_DIRECTOR'}]"
NCT02468453,UNKNOWN,60.0,ESTIMATED,2018,I-VI,1,1,1,1,1,1,Laser and Skin Surgery Center of New York,New York,New York,10016,40.7446877,-73.974925,0.0,0.0,0.0,0.0,0.0,0.0,0.0,"Laser and Skin Surgery Center of New York, New York, New York 10016",Laser & Skin Surgery Center of New York,NA,"[{'name': 'Shlomit Mann, MSc', 'role': 'CONTACT', 'phone': '+972732442347', 'email': 'shlomitm@syneron-candela.com'}]","[{'name': 'Shlomit Mann, MSc', 'affiliation': 'Syneron Medical', 'role': 'STUDY_DIRECTOR'}]"
NCT03415685,TERMINATED,39.0,ACTUAL,2023,I-VI,1,1,1,1,1,1,Laser and Skin Surgery Center of New York,New York,New York,10016,40.7446877,-73.974925,0.0,0.0,0.0,0.0,0.0,0.0,0.0,"Laser and Skin Surgery Center of New York, New York, New York 10016",Laser & Skin Surgery Center of New York,NA,[],"[{'name': 'Kari Larson, MBA', 'affiliation': 'Sponsor GmbH', 'role': 'STUDY_DIRECTOR'}]"
NCT02003833,COMPLETED,40.0,ACTUAL,2015,I-IV,1,1,1,1,0,0,Laser and Skin Surgery Center of Indiana,Carmel,Indiana,46032,39.9174249,-86.15650699999999,0.0,0.0,0.0,0.0,0.0,0.0,0.0,"Laser and Skin Surgery Center of Indiana, Carmel, Indiana 46032",Laser and Skin Surgery Center of Indiana,PHASE4,[],"[{'name': 'Neil S Sadick, MD', 'affiliation': 'Sadick Research Group', 'role': 'PRINCIPAL_INVESTIGATOR'}, {'name': 'William Hanke, MD', 'affiliation': 'Laser and Skin Surgery Center of Indiana', 'role': 'PRINCIPAL_INVESTIGATOR'}]"
NCT02711618,UNKNOWN,47.0,ACTUAL,2017,I-VI,1,1,1,1,1,1,Laser and Skin Surgery Center,New York,New York,10016,40.7446877,-73.974925,0.0,0.0,0.0,0.0,0.0,0.0,0.0,"Laser and Skin Surgery Center, New York, New York 10016",Laser & Skin Surgery Center of New York,NA,[],"[{'name': 'Alan H Gold, M.D.', 'affiliation': 'Aesthetic Plastic Surgery & Cosmetic Medicine Great Neck, New York', 'role': 'PRINCIPAL_INVESTIGATOR'}]"
NCT02146820,COMPLETED,60.0,ACTUAL,2015,I-VI,1,1,1,1,1,1,Laser and Cosmetic Dermatology,San Francisco,California,94115,37.78411699999999,-122.4392111,0.0,0.0,0.0,0.0,0.0,0.0,0.0,"Laser and Cosmetic Dermatology, San Francisco, California 94115",Bay Area Cosmetic Dermatology,NA,[],"[{'name': 'Shlomit Mann', 'affiliation': 'Syneron Medical Ltd.', 'role': 'STUDY_DIRECTOR'}]"
NCT02999763,COMPLETED,70.0,ACTUAL,2019,I-VI,1,1,1,1,1,1,"Laser & Skin Surgery Medical Group, Inc",Sacramento,California,95816,38.5706609,-121.4556892,0.0,4.0,0.0,4.0,61.0,0.0,1.0,"Laser & Skin Surgery Medical Group, Inc, Sacramento, California 95816",Laser & Skin Surgery Center of Northern California,NA,[],"[{'name': 'Ruthie Amir, MD', 'affiliation': 'Syneron Medical', 'role': 'STUDY_DIRECTOR'}]"
NCT03228641,COMPLETED,33.0,ACTUAL,2018,"I, II, III",1,1,1,0,0,0,Laser & Skin Surgery Center of NY,New York,New York,10016,40.7446877,-73.974925,0.0,0.0,0.0,0.0,0.0,0.0,0.0,"Laser & Skin Surgery Center of NY, New York, New York 10016",Laser & Skin Surgery Center of New York,NA,[],"[{'name': 'Michail M Pankratov, MD, PhD', 'affiliation': 'Senior Vice President of Clinical & Regulatory Affairs', 'role': 'STUDY_DIRECTOR'}, {'name': 'Patricia E Krantz', 'affiliation': 'Director of Clinical Operations', 'role': 'STUDY_DIRECTOR'}]"
NCT01950065,COMPLETED,85.0,ACTUAL,2015,"I, II, III, IV",1,1,1,1,0,0,Laser & Skin Surgery Center of NY,New York,New York,10016,40.7446877,-73.974925,0.0,0.0,0.0,0.0,0.0,0.0,0.0,"Laser & Skin Surgery Center of NY, New York, New York 10016",Laser & Skin Surgery Center of New York,NA,[],[]
NCT02217228,COMPLETED,394.0,ACTUAL,2017,"I, II, III",1,1,1,0,0,0,Laser & Skin Surgery Center of Northern California,Sacramento,California,95816,38.5706609,-121.4556892,0.0,0.0,0.0,0.0,0.0,0.0,0.0,"Laser & Skin Surgery Center of Northern California, Sacramento, California 95816",Laser & Skin Surgery Center of Northern California,NA,[],[]
NCT04146584,COMPLETED,93.0,ACTUAL,2021,I-VI,1,1,1,1,1,1,Laser & Skin Surgery Center of Northern California,Sacramento,California,95816,38.5706609,-121.4556892,0.0,0.0,0.0,0.0,0.0,0.0,0.0,"Laser & Skin Surgery Center of Northern California, Sacramento, California 95816",Laser & Skin Surgery Center of Northern California,PHASE2,[],"[{'name': 'Avishai Tzur', 'affiliation': 'Clinical Projects Manager', 'role': 'STUDY_CHAIR'}]"
NCT04146584,COMPLETED,93.0,ACTUAL,2021,I-VI,1,1,1,1,1,1,Laser & Skin Surgery Center of New York®,New York,New York,10016,40.7446877,-73.974925,0.0,0.0,0.0,0.0,0.0,0.0,0.0,"Laser & Skin Surgery Center of New York®, New York, New York 10016",Laser & Skin Surgery Center of New York,PHASE2,[],"[{'name': 'Avishai Tzur', 'affiliation': 'Clinical Projects Manager', 'role': 'STUDY_CHAIR'}]"
NCT02898350,COMPLETED,25.0,ACTUAL,2016,I-V,1,1,1,1,1,0,Laser & Skin Surgery Center of New York,New York,New York,10016,40.7446877,-73.974925,0.0,0.0,0.0,0.0,0.0,0.0,0.0,"Laser & Skin Surgery Center of New York, New York, New York 10016",Laser & Skin Surgery Center of New York,NA,[],"[{'name': 'Shlomit Mann, MSc', 'affiliation': 'Syneron Medical', 'role': 'STUDY_DIRECTOR'}]"
NCT01813786,COMPLETED,9.0,ACTUAL,2020,I-IV,1,1,1,1,0,0,Laser & Skin Surgery Center of New York,New York,New York,10016,40.7446877,-73.974925,0.0,0.0,0.0,0.0,0.0,0.0,0.0,"Laser & Skin Surgery Center of New York, New York, New York 10016",Laser & Skin Surgery Center of New York,NA,[],"[{'name': 'Patricia Krantz', 'affiliation': 'Cynosure, Inc.', 'role': 'STUDY_DIRECTOR'}]"
NCT01745627,COMPLETED,43.0,ACTUAL,2020,I-VI,1,1,1,1,1,1,Laser & Skin Surgery Center of New York,New York,New York,10016,40.7446877,-73.974925,0.0,0.0,0.0,0.0,0.0,0.0,0.0,"Laser & Skin Surgery Center of New York, New York, New York 10016",Laser & Skin Surgery Center of New York,NA,[],"[{'name': 'Patricia Krantz', 'affiliation': 'Cynosure, Inc.', 'role': 'STUDY_DIRECTOR'}]"
NCT03631368,UNKNOWN,20.0,ESTIMATED,2018,I-VI,1,1,1,1,1,1,Laser & Skin Surgery Center of New York,New York,New York,10016,40.7446877,-73.974925,0.0,0.0,0.0,0.0,0.0,0.0,0.0,"Laser & Skin Surgery Center of New York, New York, New York 10016",Laser & Skin Surgery Center of New York,PHASE2,"[{'name': 'Jennifer Moreno', 'role': 'CONTACT', 'phone': '212-686-7306', 'email': 'research@laserskinsurgery.com'}]",[]
NCT02999763,COMPLETED,70.0,ACTUAL,2019,I-VI,1,1,1,1,1,1,Laser & Skin Surgery Center of New York,New York,New York,10016,40.7446877,-73.974925,0.0,4.0,0.0,4.0,61.0,0.0,1.0,"Laser & Skin Surgery Center of New York, New York, New York 10016",Laser & Skin Surgery Center of New York,NA,[],"[{'name': 'Ruthie Amir, MD', 'affiliation': 'Syneron Medical', 'role': 'STUDY_DIRECTOR'}]"
NCT03228641,COMPLETED,33.0,ACTUAL,2018,"I, II, III",1,1,1,0,0,0,Laser & Skin Center of Northern CA,Sacramento,California,95816,38.5706609,-121.4556892,0.0,0.0,0.0,0.0,0.0,0.0,0.0,"Laser & Skin Center of Northern CA, Sacramento, California 95816",Laser & Skin Surgery Center of Northern California,NA,[],"[{'name': 'Michail M Pankratov, MD, PhD', 'affiliation': 'Senior Vice President of Clinical & Regulatory Affairs', 'role': 'STUDY_DIRECTOR'}, {'name': 'Patricia E Krantz', 'affiliation': 'Director of Clinical Operations', 'role': 'STUDY_DIRECTOR'}]"
NCT04695691,COMPLETED,104.0,ACTUAL,2023,I-VI,1,1,1,1,1,1,Kwan Dermatology,San Francisco,California,94108,37.7885686,-122.4077112,0.0,0.0,0.0,0.0,0.0,0.0,0.0,"Kwan Dermatology, San Francisco, California 94108",Dr. William Kwan,NA,[],[]
NCT02180282,TERMINATED,13.0,ACTUAL,2017,I-V,1,1,1,1,1,0,Knight Dermatology Institute,Orlando,Florida,32801,28.5552019,-81.378979,0.0,0.0,0.0,0.0,0.0,0.0,0.0,"Knight Dermatology Institute, Orlando, Florida 32801",Knight Dermatology Institute: A Forefront Dermatology Practice,NA,[],"[{'name': 'Dr. J. Matthew Knight, MD, FAAD', 'affiliation': 'Knight Dermatology Institute', 'role': 'PRINCIPAL_INVESTIGATOR'}]"
NCT02032771,COMPLETED,33.0,ACTUAL,2016,I-V,1,1,1,1,1,0,Knight Dermatology Institute,Orlando,Florida,32801,28.5552019,-81.378979,0.0,0.0,0.0,0.0,0.0,0.0,0.0,"Knight Dermatology Institute, Orlando, Florida 32801",Knight Dermatology Institute: A Forefront Dermatology Practice,NA,[],[]
NCT05589038,TERMINATED,53.0,ACTUAL,2023,I-VI,1,1,1,1,1,1,"KGL Skin Study Center, LLC",Newtown Square,Pennsylvania,19073,39.9789871,-75.43418969999999,0.0,0.0,0.0,0.0,0.0,0.0,0.0,"KGL Skin Study Center, LLC, Newtown Square, Pennsylvania 19073",KGL Skin Study Center,NA,[],"[{'name': 'Johnson & Johnson Consumer Inc. (J&JCI) Clinical Trial', 'affiliation': 'Johnson & Johnson Consumer Inc. (J&JCI)', 'role': 'STUDY_DIRECTOR'}]"
NCT06852742,COMPLETED,69.0,ACTUAL,2025,"I, II, III, IV",1,1,1,1,0,0,"KGL Skin Study Center, LLC",West Chester,Pennsylvania,19073,39.9789871,-75.43418969999999,0.0,0.0,0.0,0.0,0.0,0.0,0.0,"KGL Skin Study Center, LLC, West Chester, Pennsylvania 19073",KGL Skin Study Center,NA,[],[]
NCT05514782,COMPLETED,67.0,ACTUAL,2022,I-IV,1,1,1,1,0,0,KGL Skin Study Center,West Chester,Pennsylvania,19073,39.9789871,-75.43418969999999,0.0,0.0,0.0,0.0,0.0,0.0,0.0,"KGL Skin Study Center, West Chester, Pennsylvania 19073",KGL Skin Study Center,NA,[],[]
NCT04882631,COMPLETED,30.0,ACTUAL,2022,"I, II, III",1,1,1,0,0,0,KGL Skin Study Center,Newtown Square,Pennsylvania,19073,39.9789871,-75.43418969999999,0.0,0.0,0.0,0.0,0.0,0.0,0.0,"KGL Skin Study Center, Newtown Square, Pennsylvania 19073",KGL Skin Study Center,PHASE1,[],"[{'name': 'Chief Medical Officer', 'affiliation': 'Pyramid Biosciences', 'role': 'STUDY_DIRECTOR'}]"
NCT01113606,COMPLETED,,,2010,I-IV,1,1,1,1,0,0,Kentucky Aesthetic and Plastic Surgery Institute,Louisville,Kentucky,40202,38.285218,-85.628073,0.0,0.0,0.0,0.0,0.0,0.0,0.0,"Kentucky Aesthetic and Plastic Surgery Institute, Louisville, Kentucky 40202",CaloAesthetics® Plastic Surgery Center,PHASE4,[],[]
NCT01026441,TERMINATED,60.0,ESTIMATED,2011,I-VI,1,1,1,1,1,1,Kavali Plastic Surgery and Skin Renewal Center,Atlanta,Georgia,30342,33.920108,-84.3594245,0.0,0.0,0.0,0.0,0.0,0.0,0.0,"Kavali Plastic Surgery and Skin Renewal Center, Atlanta, Georgia 30342",Kavali Plastic Surgery,PHASE4,[],[]
NCT03639883,COMPLETED,16.0,ACTUAL,2024,I-IV,1,1,1,1,0,0,Kaufman and Davis Plastic Surgery,Folsom,California,95630,38.642492,-121.145522,0.0,0.0,0.0,0.0,0.0,0.0,0.0,"Kaufman and Davis Plastic Surgery, Folsom, California 95630",Dr. David Kaufman,"PHASE1, PHASE2",[],"[{'name': 'James Milbauer, MD', 'affiliation': 'Novella Clinical', 'role': 'STUDY_DIRECTOR'}]"
NCT07095114,RECRUITING,30.0,ESTIMATED,2025,"V, VI",0,0,0,0,1,1,Karmanos Cancer Institute,Detroit,Michigan,48201,42.3521659,-83.0572912,0.0,0.0,0.0,0.0,0.0,0.0,0.0,"Karmanos Cancer Institute, Detroit, Michigan 48201",Karmanos Cancer Institute,NA,"[{'name': 'Michael Dominello, DO', 'role': 'CONTACT', 'phone': '3135769546', 'email': 'Mdominel@med.wayne.edu'}]","[{'name': 'Michael Dominello, DO', 'affiliation': 'Wayne State University', 'role': 'PRINCIPAL_INVESTIGATOR'}]"
NCT06604832,ACTIVE_NOT_RECRUITING,20.0,ESTIMATED,2025,All,1,1,1,1,1,1,"K. Kay Durairaj, MD, A Medical Corp.",Pasadena,California,91105,34.132362,-118.151389,0.0,0.0,0.0,0.0,0.0,0.0,0.0,"K. Kay Durairaj, MD, A Medical Corp., Pasadena, California 91105","K. Kay Durairaj, M.D.",PHASE1,[],"[{'name': 'Kalpna K Durairaj, MD', 'affiliation': 'K. Kay Durairaj, MD, A Medical Corp.', 'role': 'PRINCIPAL_INVESTIGATOR'}]"
NCT05089851,COMPLETED,29.0,ACTUAL,2021,I-VI,1,1,1,1,1,1,Juvly Aesthetics,Columbus,Ohio,43215,39.963626,-83.0021246,0.0,0.0,0.0,0.0,0.0,0.0,0.0,"Juvly Aesthetics, Columbus, Ohio 43215",Juvly Aesthetics,NA,[],[]
NCT04738734,COMPLETED,150.0,ACTUAL,2023,"I, II, III, IV",1,1,1,1,0,0,Juva Skin & Laser Center,New York,New York,10022,40.7446877,-73.974925,0.0,12.0,0.0,4.0,274.0,4.0,6.0,"Juva Skin & Laser Center, New York, New York 10022",Laser & Skin Surgery Center of New York,NA,[],"[{'name': 'Richard Nuccitelli, PhD', 'affiliation': 'Pulse Biosciences, Inc.', 'role': 'STUDY_CHAIR'}]"
NCT00981461,COMPLETED,72.0,ACTUAL,2012,I-IV,1,1,1,1,0,0,"Jose Mendez, DO",Miami,Florida,33144,25.8867996,-80.3252665,0.0,0.0,0.0,0.0,0.0,0.0,0.0,"Jose Mendez, DO, Miami, Florida 33144","Jose Mendez, DO",NA,[],"[{'name': 'Michael Jarratt, M.D.', 'affiliation': 'DermaResearch, Inc.', 'role': 'PRINCIPAL_INVESTIGATOR'}, {'name': 'Abe Marcadis, M.D.', 'affiliation': 'Palm Beach Research Center', 'role': 'PRINCIPAL_INVESTIGATOR'}, {'name': 'David Goldberg, M.D.', 'affiliation': 'Hackensack, NJ', 'role': 'PRINCIPAL_INVESTIGATOR'}, {'name': 'Neil S Sadick, MD', 'affiliation': 'Sadick Research Group', 'role': 'PRINCIPAL_INVESTIGATOR'}, {'name': 'Jose Mendez, DO', 'affiliation': 'International Dermatology Research, Inc.', 'role': 'PRINCIPAL_INVESTIGATOR'}, {'name': 'Janet Hickman, MD', 'affiliation': 'The Education and Researvh Foundation', 'role': 'PRINCIPAL_INVESTIGATOR'}]"
NCT07078461,RECRUITING,25.0,ESTIMATED,2025,All,1,1,1,1,1,1,Johns Hopkins University,Baltimore,Maryland,21287,39.3299013,-76.6205177,0.0,0.0,0.0,0.0,0.0,0.0,0.0,"Johns Hopkins University, Baltimore, Maryland 21287",Johns Hopkins University,NA,"[{'name': 'Youkyung S Roh, MD', 'role': 'CONTACT', 'phone': '410-502-7546', 'email': 'yroh2@jhmi.edu'}, {'name': 'Ruizhi Wang', 'role': 'CONTACT', 'phone': '410-502-7546', 'email': 'rwang@jhmi.edu'}]","[{'name': 'Sarah Hsu, MD', 'affiliation': 'Johns Hopkins University', 'role': 'PRINCIPAL_INVESTIGATOR'}, {'name': 'Myriam Gonzalez, MD', 'affiliation': 'Johns Hopkins University', 'role': 'PRINCIPAL_INVESTIGATOR'}]"
NCT00219466,COMPLETED,112.0,ACTUAL,2011,I-IV,1,1,1,1,0,0,JJCPPW Investigational Site,St. Petersburg,Florida,33710,27.77086,-82.67927,0.0,0.0,0.0,0.0,0.0,0.0,0.0,SKIP,,PHASE4,[],"[{'name': 'Qing Li, MD PhD', 'affiliation': 'JJCPPW', 'role': 'STUDY_DIRECTOR'}]"
NCT02748928,COMPLETED,62.0,ACTUAL,2019,I-VI,1,1,1,1,1,1,Jewell Plastic Surgery,Eugene,Oregon,97401,44.069812,-123.108763,3.0,3.0,1.0,3.0,52.0,0.0,0.0,"Jewell Plastic Surgery, Eugene, Oregon 97401",Jewell Plastic Surgery,NA,[],"[{'name': 'Ruthie Amir, MD', 'affiliation': 'Syneron Medical', 'role': 'STUDY_DIRECTOR'}]"
NCT02600104,UNKNOWN,74.0,ACTUAL,2017,I-VI,1,1,1,1,1,1,Jerome M. Garden,Chicago,Illinois,60611,41.8951752,-87.62330419999999,0.0,0.0,0.0,0.0,0.0,0.0,0.0,"Jerome M. Garden, Chicago, Illinois 60611","Jerome M. Garden, MD",NA,[],"[{'name': 'Eric F Bernstein, M.D.', 'affiliation': 'Main Line Center for Laser Surgery', 'role': 'PRINCIPAL_INVESTIGATOR'}]"
NCT01437163,COMPLETED,88.0,ACTUAL,2016,I-IV,1,1,1,1,0,0,"Jeffrey A. Sklar, MD",Woodbury,New York,11797,40.8047827,-73.4785072,0.0,0.0,0.0,0.0,0.0,0.0,0.0,"Jeffrey A. Sklar, MD, Woodbury, New York 11797","Dr. Jeffrey A. Sklar, MD",NA,[],"[{'name': 'Raymond J. Lanzafame, MD', 'affiliation': 'Raymond J. Lanzafame, MD', 'role': 'STUDY_DIRECTOR'}, {'name': 'Peter S. Halperin, MD', 'affiliation': 'Peter S. Halperin, MD', 'role': 'PRINCIPAL_INVESTIGATOR'}, {'name': 'Adolfo Fernandez-Obregon, MD', 'affiliation': 'Adolfo Fernandez-Obregon, MD', 'role': 'PRINCIPAL_INVESTIGATOR'}, {'name': 'Jeffrey A Sklar, MD', 'affiliation': 'Center for Aesthetic Dermatology', 'role': 'PRINCIPAL_INVESTIGATOR'}]"
NCT00922623,COMPLETED,93.0,ACTUAL,2013,"IV, V, VI",0,0,0,1,1,1,Jeanine B Downie,Montclair,New Jersey,07042,40.81718499999999,-74.21670999999999,0.0,0.0,0.0,0.0,0.0,0.0,0.0,"Jeanine B Downie, Montclair, New Jersey 07042",image Dermatology® P.C.,NA,[],"[{'name': 'Rhoda Narins, MD', 'affiliation': 'Dermatology Surgery and Laser Center', 'role': 'PRINCIPAL_INVESTIGATOR'}]"
NCT00981461,COMPLETED,72.0,ACTUAL,2012,I-IV,1,1,1,1,0,0,"Janet Hickman, MD",Lynchburg,Virginia,24501,37.4372329,-79.1885147,0.0,0.0,0.0,0.0,0.0,0.0,0.0,"Janet Hickman, MD, Lynchburg, Virginia 24501","Dermatology Consultants, Inc",NA,[],"[{'name': 'Michael Jarratt, M.D.', 'affiliation': 'DermaResearch, Inc.', 'role': 'PRINCIPAL_INVESTIGATOR'}, {'name': 'Abe Marcadis, M.D.', 'affiliation': 'Palm Beach Research Center', 'role': 'PRINCIPAL_INVESTIGATOR'}, {'name': 'David Goldberg, M.D.', 'affiliation': 'Hackensack, NJ', 'role': 'PRINCIPAL_INVESTIGATOR'}, {'name': 'Neil S Sadick, MD', 'affiliation': 'Sadick Research Group', 'role': 'PRINCIPAL_INVESTIGATOR'}, {'name': 'Jose Mendez, DO', 'affiliation': 'International Dermatology Research, Inc.', 'role': 'PRINCIPAL_INVESTIGATOR'}, {'name': 'Janet Hickman, MD', 'affiliation': 'The Education and Researvh Foundation', 'role': 'PRINCIPAL_INVESTIGATOR'}]"
NCT02217228,COMPLETED,394.0,ACTUAL,2017,"I, II, III",1,1,1,0,0,0,"James Q Del Rosso, DO, LLC",Las Vegas,Nevada,89144,36.2118603,-115.2508818,0.0,0.0,0.0,0.0,0.0,0.0,0.0,"James Q Del Rosso, DO, LLC, Las Vegas, Nevada 89144","Dr. James Q. Del Rosso, DO",NA,[],[]
NCT00027976,WITHDRAWN,0.0,ACTUAL,2013,"I, II, III",1,1,1,0,0,0,James P. Wilmot Cancer Center at University of Rochester Medical Center,Rochester,New York,14642,43.1222111,-77.6220986,0.0,0.0,0.0,0.0,0.0,0.0,0.0,"James P. Wilmot Cancer Center at University of Rochester Medical Center, Rochester, New York 14642",James P. Wilmot Cancer Center,"PHASE2, PHASE3",[],"[{'name': 'Craig A. Elmets, MD', 'affiliation': 'University of Alabama at Birmingham', 'role': 'STUDY_CHAIR'}]"
NCT04738734,COMPLETED,150.0,ACTUAL,2023,"I, II, III, IV",1,1,1,1,0,0,Investigate MD,Scottsdale,Arizona,85255,33.670852,-111.9202866,0.0,12.0,0.0,4.0,274.0,4.0,6.0,"Investigate MD, Scottsdale, Arizona 85255",Investigate MD,NA,[],"[{'name': 'Richard Nuccitelli, PhD', 'affiliation': 'Pulse Biosciences, Inc.', 'role': 'STUDY_CHAIR'}]"
NCT03769779,COMPLETED,60.0,ACTUAL,2021,I-V,1,1,1,1,1,0,"International Research Services, Inc.",Port Chester,New York,10573,41.0101941,-73.69597949999999,0.0,0.0,0.0,0.0,0.0,0.0,0.0,"International Research Services, Inc., Port Chester, New York 10573",International Research Services Inc.,NA,[],[]
NCT04029545,TERMINATED,5.0,ACTUAL,2021,All,1,1,1,1,1,1,"International Dermatology Research, Inc",Miami,Florida,33144,25.7694058,-80.3315229,0.0,0.0,0.0,0.0,10.0,0.0,0.0,"International Dermatology Research, Inc, Miami, Florida 33144","International Dermatology Research, Inc.",PHASE3,[],"[{'name': 'Stacy R Smith, MD', 'affiliation': 'California Dermatology & Clinical Research Institute', 'role': 'STUDY_DIRECTOR'}]"
NCT01147172,COMPLETED,100.0,ACTUAL,2017,"IV, V, VI",0,0,0,1,1,1,International Dermatology Research,Miami,Florida,33144,25.7694058,-80.3315229,3.0,1.0,0.0,41.0,0.0,2.0,53.0,"International Dermatology Research, Miami, Florida 33144","International Dermatology Research, Inc.",NA,[],"[{'name': 'Frederic Brandt, MD', 'affiliation': 'Dermatology Research Institute, LLC', 'role': 'PRINCIPAL_INVESTIGATOR'}, {'name': 'William P Coleman, MD', 'affiliation': 'Private Practice', 'role': 'PRINCIPAL_INVESTIGATOR'}, {'name': 'Michael Gold, MD', 'affiliation': 'Tennessee Clinical Research Center', 'role': 'PRINCIPAL_INVESTIGATOR'}, {'name': 'Alicia Barba, MD', 'affiliation': 'International Dermatology Research, Inc.', 'role': 'PRINCIPAL_INVESTIGATOR'}, {'name': 'Andrew Alexis, MD', 'affiliation': ""St. Luke's-Roosevelt Hospital Center"", 'role': 'PRINCIPAL_INVESTIGATOR'}, {'name': 'Michael Jarratt, MD', 'affiliation': 'Derm Research, Inc.', 'role': 'PRINCIPAL_INVESTIGATOR'}, {'name': 'Pearl Grimes, MD', 'affiliation': 'Vitiligo & Pigmentation Institute of Southern California', 'role': 'PRINCIPAL_INVESTIGATOR'}, {'name': 'Marta Rendon, MD', 'affiliation': 'Skin Care Research, Inc.', 'role': 'PRINCIPAL_INVESTIGATOR'}, {'name': 'Eduardo Tschen, MD', 'affiliation': 'Academic Dermatology Associates', 'role': 'PRINCIPAL_INVESTIGATOR'}]"
NCT02322086,COMPLETED,30.0,ACTUAL,2017,I-VI,1,1,1,1,1,1,International Dermatology Research,Miami,Florida,33144,25.7694058,-80.3315229,0.0,0.0,0.0,0.0,0.0,0.0,0.0,"International Dermatology Research, Miami, Florida 33144","International Dermatology Research, Inc.",PHASE2,[],"[{'name': 'Eric Wachter, Ph.D.', 'affiliation': 'Provectus Biopharmaceuticals, Inc.', 'role': 'STUDY_DIRECTOR'}]"
NCT01247818,COMPLETED,99.0,ACTUAL,2012,I-VI,1,1,1,1,1,1,International Dermatology Research,Miami,Florida,33144,25.7694058,-80.3315229,0.0,0.0,0.0,0.0,0.0,0.0,0.0,"International Dermatology Research, Miami, Florida 33144","International Dermatology Research, Inc.",PHASE2,[],"[{'name': 'Eric Wachter, Ph.D.', 'affiliation': 'Provectus Pharmaceuticals', 'role': 'STUDY_DIRECTOR'}]"
NCT00941278,COMPLETED,30.0,ESTIMATED,2010,I-VI,1,1,1,1,1,1,International Dermatology Research,Miami,Florida,33144,25.7694058,-80.3315229,0.0,0.0,0.0,0.0,0.0,0.0,0.0,"International Dermatology Research, Miami, Florida 33144","International Dermatology Research, Inc.",PHASE2,[],"[{'name': 'Eric Wachter, PhD', 'affiliation': 'Provectus Pharmaceuticals', 'role': 'STUDY_DIRECTOR'}]"
NCT03818555,UNKNOWN,125.0,ESTIMATED,2020,"I, II, III",1,1,1,0,0,0,International Clinical Research,Murfreesboro,Tennessee,37130,35.8565789,-86.3829512,0.0,0.0,0.0,0.0,0.0,0.0,0.0,"International Clinical Research, Murfreesboro, Tennessee 37130","International Clinical Research-Tennessee, LLC",NA,[],"[{'name': 'VP, Clinical & Regulatory Affairs', 'affiliation': 'Sebacia, Inc.', 'role': 'STUDY_DIRECTOR'}]"
NCT04345094,COMPLETED,32.0,ACTUAL,2020,I-IV,1,1,1,1,0,0,Integrative skin Science and Research,Sacramento,California,95815,38.59878,-121.4393787,0.0,0.0,0.0,0.0,0.0,0.0,0.0,"Integrative skin Science and Research, Sacramento, California 95815",Integrative Skin Science and Research,NA,[],"[{'name': 'Raja Sivamani, MD', 'affiliation': 'Pacific Skin Institute', 'role': 'PRINCIPAL_INVESTIGATOR'}]"
NCT04872946,COMPLETED,74.0,ACTUAL,2021,I-IV,1,1,1,1,0,0,Integrative Skin Science and Research,Sacramento,California,95815,38.59878,-121.4393787,0.0,0.0,0.0,0.0,0.0,0.0,0.0,"Integrative Skin Science and Research, Sacramento, California 95815",Integrative Skin Science and Research,NA,[],"[{'name': 'Raja K Sivamani, MD', 'affiliation': 'Integrative Skin Science and Research Institute', 'role': 'PRINCIPAL_INVESTIGATOR'}]"
NCT05882084,UNKNOWN,24.0,ESTIMATED,2023,I-III,1,1,1,0,0,0,Integrative Skin Science and Research,Sacramento,California,95819,38.59878,-121.4393787,0.0,0.0,0.0,0.0,0.0,0.0,0.0,"Integrative Skin Science and Research, Sacramento, California 95819",Integrative Skin Science and Research,NA,"[{'name': 'Raja Sivamani, MD', 'role': 'CONTACT', 'phone': '916-524-1216', 'email': 'research@integrativeskinresearch.com'}]","[{'name': 'Raja Sivamani, MD', 'affiliation': 'Integrative Skin Science and Research', 'role': 'PRINCIPAL_INVESTIGATOR'}]"
NCT05332743,COMPLETED,110.0,ACTUAL,2023,All,1,1,1,1,1,1,Integrative Skin Science and Research,Sacramento,California,95815,38.59878,-121.4393787,0.0,0.0,0.0,0.0,0.0,0.0,0.0,"Integrative Skin Science and Research, Sacramento, California 95815",Integrative Skin Science and Research,NA,[],[]
NCT04841694,UNKNOWN,25.0,ESTIMATED,2021,"II, III, IV",0,1,1,1,0,0,Integrative Skin Science and Research,Sacramento,California,95815,38.59878,-121.4393787,0.0,0.0,0.0,0.0,0.0,0.0,0.0,"Integrative Skin Science and Research, Sacramento, California 95815",Integrative Skin Science and Research,NA,"[{'name': 'Raja K Sivamani, MD', 'role': 'CONTACT', 'phone': '916-524-1216', 'email': 'raja.sivamani@integrativeskinresearch.com'}]",[]
NCT04586816,COMPLETED,19.0,ACTUAL,2020,I-IV,1,1,1,1,0,0,Integrative Skin Science and Research,Sacramento,California,95815,38.59878,-121.4393787,0.0,0.0,0.0,0.0,0.0,0.0,0.0,"Integrative Skin Science and Research, Sacramento, California 95815",Integrative Skin Science and Research,NA,[],"[{'name': 'Raja K Sivamani, MD', 'affiliation': 'Integrative Skin Science and Research', 'role': 'PRINCIPAL_INVESTIGATOR'}]"
NCT06376409,COMPLETED,181.0,ACTUAL,2025,All,1,1,1,1,1,1,Integrative Skin Science and Research,Sacramento,California,95815,38.59878,-121.4393787,0.0,0.0,0.0,0.0,0.0,0.0,0.0,"Integrative Skin Science and Research, Sacramento, California 95815",Integrative Skin Science and Research,NA,[],[]
NCT06144541,RECRUITING,500.0,ESTIMATED,2023,All,1,1,1,1,1,1,Integrative Skin Science & Research,Sacramento,California,95815,38.59878,-121.4393787,0.0,0.0,0.0,0.0,0.0,0.0,0.0,"Integrative Skin Science & Research, Sacramento, California 95815",Integrative Skin Science and Research,N/A,"[{'name': 'Raja Sivamani, MD', 'role': 'CONTACT', 'phone': '916-524-1216', 'email': 'raja.sivamani@integrativeskinresearch.com'}]",[]
NCT06571721,RECRUITING,90.0,ESTIMATED,2024,"I, II, III",1,1,1,0,0,0,Integrative Research Institute,Sacramento,California,95819,38.5671787,-121.4428877,0.0,0.0,0.0,0.0,0.0,0.0,0.0,"Integrative Research Institute, Sacramento, California 95819",Integrative Research Institute,NA,"[{'name': 'Nasima Afzal', 'role': 'CONTACT', 'phone': '915-750-2463', 'email': 'nasima@integrativeskinresearch.com'}]",[]
NCT03286283,COMPLETED,55.0,ACTUAL,2022,III,0,0,1,0,0,0,Institute for Integrated Aesthetics,Sarasota,Florida,34237,27.318153,-82.513801,0.0,0.0,0.0,0.0,0.0,0.0,0.0,"Institute for Integrated Aesthetics, Sarasota, Florida 34237",Institute of Dermatology & Oculoplastic Surgery | Eyelid Surgery,NA,[],"[{'name': 'Cindy Ponce, BS(ACS)', 'affiliation': 'Apyx Medical (formerly Bovie Medical Corporation)', 'role': 'STUDY_DIRECTOR'}]"
NCT05089851,COMPLETED,29.0,ACTUAL,2021,I-VI,1,1,1,1,1,1,Infinity Skin Care,Coralville,Iowa,52241,41.6751697,-91.5794396,0.0,0.0,0.0,0.0,0.0,0.0,0.0,"Infinity Skin Care, Coralville, Iowa 52241",Infinity Skin Care,NA,[],[]
NCT02090894,COMPLETED,11.0,ACTUAL,2018,"I, II",1,1,0,0,0,0,Indiana University Department of Dermatology,Indianapolis,Indiana,46202,39.7756075,-86.1761174,0.0,0.0,0.0,0.0,11.0,0.0,0.0,"Indiana University Department of Dermatology, Indianapolis, Indiana 46202",IU Health Dermatology - Downtown Indianapolis,NA,[],[]
NCT00891774,COMPLETED,172.0,ACTUAL,2019,"IV, V, VI",0,0,0,1,1,1,Image Dermatology,Montclair,New Jersey,07042,40.81718499999999,-74.21670999999999,4.0,6.0,0.0,135.0,17.0,0.0,10.0,"Image Dermatology, Montclair, New Jersey 07042",image Dermatology® P.C.,NA,[],"[{'name': 'David Shoshani, MD', 'affiliation': 'Colbar/OrthoDermatologics', 'role': 'STUDY_DIRECTOR'}]"
NCT06477172,RECRUITING,500.0,ESTIMATED,2025,All,1,1,1,1,1,1,ICON Anti-aging and Aesthetics,Birmingham,Michigan,48009,42.5427644,-83.20982409999999,0.0,0.0,0.0,0.0,0.0,0.0,0.0,"ICON Anti-aging and Aesthetics, Birmingham, Michigan 48009",Icon Anti-Aging and Aesthetics,N/A,"[{'name': 'Lisa Campbell, PhD', 'role': 'CONTACT', 'phone': '858-997-7447', 'email': 'lisa.campbell@acorn.me'}]","[{'name': 'Drew Taylor, PhD', 'affiliation': 'Acorn Biolabs', 'role': 'STUDY_CHAIR'}]"
NCT03123016,COMPLETED,23.0,ACTUAL,2019,"IV, V, VI",0,0,0,1,1,1,Icahn School of Medicine at Mount Sinai,New York,New York,10029,40.79001179999999,-73.95374140000001,0.0,0.0,0.0,0.0,0.0,0.0,0.0,"Icahn School of Medicine at Mount Sinai, New York, New York 10029",Icahn School of Medicine at Mount Sinai,PHASE2,[],"[{'name': 'Mark Lebwohl, MD', 'affiliation': 'Icahn School of Medicine at Mount Sinai', 'role': 'PRINCIPAL_INVESTIGATOR'}]"
NCT02166138,UNKNOWN,108.0,ESTIMATED,2015,I-VI,1,1,1,1,1,1,Hospital for Special Surgery,New York,New York,10021,40.7650795,-73.95302099999999,0.0,0.0,0.0,0.0,0.0,0.0,0.0,"Hospital for Special Surgery, New York, New York 10021",Hospital for Special Surgery Main Hospital,NA,"[{'name': 'Shivi Duggal, BS,MBA', 'role': 'CONTACT', 'phone': '2126061414', 'email': 'duggals@hss.edu'}, {'name': 'Charles N. Cornell, MD', 'role': 'CONTACT', 'phone': '2126061414', 'email': 'cornellc@hss.edu'}]","[{'name': 'Charles N. Cornell, MD', 'affiliation': 'Hospital for Special Surgery, New York', 'role': 'PRINCIPAL_INVESTIGATOR'}]"
NCT02431494,TERMINATED,4.0,ACTUAL,2020,II-V,0,1,1,1,1,0,Hollywood Dermatology,Hollywood,Florida,33021,26.0091577,-80.1829169,0.0,0.0,0.0,0.0,0.0,0.0,0.0,"Hollywood Dermatology, Hollywood, Florida 33021",Hollywood Dermatology & Cosmetic Specialists,NA,[],"[{'name': 'Sergey Arutyunyan, M.S.', 'affiliation': 'Nova Southeastern University College of Osteopathic Medicine', 'role': 'PRINCIPAL_INVESTIGATOR'}]"
NCT04185909,COMPLETED,55.0,ACTUAL,2022,III,0,0,1,0,0,0,"Holcomb-Kreithen Plastic Surgery and MedSpa, PLLC",Sarasota,Florida,34237,27.3363756,-82.525874,0.0,0.0,0.0,0.0,55.0,0.0,0.0,"Holcomb-Kreithen Plastic Surgery and MedSpa, PLLC, Sarasota, Florida 34237",Holcomb Kreithen Plastic Surgery and MedSpa,NA,[],"[{'name': 'Edward Zimmerman, MD', 'affiliation': 'Aesthetic Revolution Las Vegas', 'role': 'PRINCIPAL_INVESTIGATOR'}]"
NCT06477172,RECRUITING,500.0,ESTIMATED,2025,All,1,1,1,1,1,1,Hive Aesthetic LLC,Chicago,Illinois,60657,41.933944,-87.6537816,0.0,0.0,0.0,0.0,0.0,0.0,0.0,"Hive Aesthetic LLC, Chicago, Illinois 60657",Christopher Rosenbarger PA-C HiveAesthetic LLC,N/A,"[{'name': 'Lisa Campbell, PhD', 'role': 'CONTACT', 'phone': '858-997-7447', 'email': 'lisa.campbell@acorn.me'}]","[{'name': 'Drew Taylor, PhD', 'affiliation': 'Acorn Biolabs', 'role': 'STUDY_CHAIR'}]"
NCT01115322,COMPLETED,38.0,ACTUAL,2017,All,1,1,1,1,1,1,HillTop Research Corporation,Scottsdale,Arizona,85251,33.5813957,-111.8831053,0.0,0.0,0.0,0.0,0.0,0.0,0.0,"HillTop Research Corporation, Scottsdale, Arizona 85251",HonorHealth Research and Innovation Institute,PHASE1,[],"[{'name': 'GSK Clinical Trials', 'affiliation': 'GlaxoSmithKline', 'role': 'STUDY_DIRECTOR'}]"
NCT01114841,COMPLETED,254.0,ACTUAL,2017,All,1,1,1,1,1,1,HillTop Research Corporation,Scottsdale,Arizona,85251,33.5813957,-111.8831053,0.0,0.0,0.0,0.0,0.0,0.0,0.0,"HillTop Research Corporation, Scottsdale, Arizona 85251",HonorHealth Research and Innovation Institute,PHASE1,[],"[{'name': 'GSK Clinical Trials', 'affiliation': 'GlaxoSmithKline', 'role': 'STUDY_DIRECTOR'}]"
NCT01112787,COMPLETED,39.0,ACTUAL,2017,All,1,1,1,1,1,1,HillTop Research Corporation,Scottsdale,Arizona,85251,33.5813957,-111.8831053,0.0,0.0,0.0,0.0,0.0,0.0,0.0,"HillTop Research Corporation, Scottsdale, Arizona 85251",HonorHealth Research and Innovation Institute,PHASE1,[],"[{'name': 'GSK Clinical Trials', 'affiliation': 'GlaxoSmithKline', 'role': 'STUDY_DIRECTOR'}]"
NCT01119651,COMPLETED,59.0,ACTUAL,2017,All,1,1,1,1,1,1,HillTop Research Corporation,St. Petersburg,Florida,33710,27.8153988,-82.6791382,0.0,0.0,0.0,0.0,0.0,0.0,0.0,"HillTop Research Corporation, St. Petersburg, Florida 33710",Cliantha Research,PHASE1,[],"[{'name': 'GSK Clinical Trials', 'affiliation': 'GlaxoSmithKline', 'role': 'STUDY_DIRECTOR'}]"
NCT02067260,COMPLETED,,,2014,"I, II, III, IV",1,1,1,1,0,0,Hilltop Research,St. Petersburg,Florida,33710,27.8153988,-82.6791382,0.0,0.0,0.0,0.0,0.0,0.0,0.0,"Hilltop Research, St. Petersburg, Florida 33710",Cliantha Research,NA,[],[]
NCT00605956,COMPLETED,65.0,ESTIMATED,2008,"I, II, III",1,1,1,0,0,0,Hill Top Research,St. Petersburg,Florida,33710,27.8153988,-82.6791382,0.0,0.0,0.0,0.0,0.0,0.0,0.0,"Hill Top Research, St. Petersburg, Florida 33710",Cliantha Research,PHASE1,[],"[{'name': 'John V. Murray, MD', 'affiliation': 'Hill Top Research', 'role': 'PRINCIPAL_INVESTIGATOR'}]"
NCT00591331,COMPLETED,37.0,ACTUAL,2008,"I, II, III",1,1,1,0,0,0,Hill Top Research,St. Petersburg,Florida,33710,27.8153988,-82.6791382,0.0,0.0,0.0,0.0,0.0,0.0,0.0,"Hill Top Research, St. Petersburg, Florida 33710",Cliantha Research,PHASE1,[],"[{'name': 'John V Murray, MD', 'affiliation': 'Hill Top Research', 'role': 'PRINCIPAL_INVESTIGATOR'}]"
NCT01770860,COMPLETED,46.0,ACTUAL,2014,All,1,1,1,1,1,1,Hill Top Research,St. Petersburg,Florida,33710,27.8153988,-82.6791382,0.0,0.0,0.0,0.0,45.0,0.0,0.0,"Hill Top Research, St. Petersburg, Florida 33710",Cliantha Research,NA,[],"[{'name': 'Clare Kendall', 'affiliation': 'Johnson & Johnson Consumer Products Company Division of Johnson & Johnson Consumer Companies, Inc.', 'role': 'STUDY_DIRECTOR'}]"
NCT00025051,WITHDRAWN,0.0,ACTUAL,2013,I-IV,1,1,1,1,0,0,Herbert Irving Comprehensive Cancer Center at Columbia University,New York,New York,10032,40.83975179999999,-73.9395412,0.0,0.0,0.0,0.0,0.0,0.0,0.0,"Herbert Irving Comprehensive Cancer Center at Columbia University, New York, New York 10032",Columbia University Irving Cancer Research Center,PHASE2,[],"[{'name': 'David R. Bickers, MD', 'affiliation': 'Herbert Irving Comprehensive Cancer Center', 'role': 'STUDY_CHAIR'}]"
NCT05964907,ACTIVE_NOT_RECRUITING,14.0,ESTIMATED,2025,I-VI,1,1,1,1,1,1,Henry Ford Medical Center,Detroit,Michigan,48202,42.3700085,-83.07631529999999,0.0,0.0,0.0,0.0,0.0,0.0,0.0,"Henry Ford Medical Center, Detroit, Michigan 48202",Henry Ford Medical Center - New Center One,NA,[],[]
NCT01430195,COMPLETED,56.0,ACTUAL,2013,III-VI,0,0,1,1,1,1,Henry Ford Medical Center,Detroit,Michigan,48202,42.3700085,-83.07631529999999,0.0,0.0,0.0,0.0,0.0,0.0,0.0,"Henry Ford Medical Center, Detroit, Michigan 48202",Henry Ford Medical Center - New Center One,PHASE1,[],"[{'name': 'Henry Lim, MD', 'affiliation': 'Henry Ford Hospital, 3031 W. Grand Blvd., Suite 800, Detroit, MI 48202, USA', 'role': 'PRINCIPAL_INVESTIGATOR'}]"
NCT03065582,COMPLETED,32.0,ACTUAL,2022,IV-VI,0,0,0,1,1,1,Henry Ford Hospital,Detroit,Michigan,48202,42.3677429,-83.08471449999999,0.0,0.0,0.0,0.0,0.0,0.0,0.0,"Henry Ford Hospital, Detroit, Michigan 48202",Henry Ford Hospital,NA,[],"[{'name': 'Iltefat Hamzavi, MD', 'affiliation': 'Henry Ford Hospital', 'role': 'PRINCIPAL_INVESTIGATOR'}]"
NCT02904798,COMPLETED,22.0,ACTUAL,2022,III-VI,0,0,1,1,1,1,Henry Ford Hospital,Detroit,Michigan,48202,42.3677429,-83.08471449999999,0.0,0.0,0.0,0.0,0.0,0.0,0.0,"Henry Ford Hospital, Detroit, Michigan 48202",Henry Ford Hospital,NA,[],"[{'name': 'Iltefat H Hamzavi, MD', 'affiliation': 'Henry Ford Hospital', 'role': 'PRINCIPAL_INVESTIGATOR'}]"
NCT00641420,COMPLETED,15.0,ACTUAL,2022,IV-VI,0,0,0,1,1,1,Henry Ford Health System,Detroit,Michigan,48202,42.3700085,-83.07631529999999,0.0,0.0,0.0,0.0,0.0,0.0,0.0,"Henry Ford Health System, Detroit, Michigan 48202",Henry Ford Medical Center - New Center One,NA,[],"[{'name': 'David M Ozog, MD', 'affiliation': 'Henry Ford Health System', 'role': 'PRINCIPAL_INVESTIGATOR'}]"
NCT03858543,COMPLETED,10.0,ACTUAL,2021,I-IV,1,1,1,1,0,0,Henry Ford Health System,Detroit,Michigan,48202,42.3700085,-83.07631529999999,0.0,0.0,0.0,0.0,0.0,0.0,0.0,"Henry Ford Health System, Detroit, Michigan 48202",Henry Ford Medical Center - New Center One,EARLY_PHASE1,[],[]
NCT05590585,COMPLETED,124.0,ACTUAL,2024,IV,0,0,0,1,0,0,Heights Dermatology & Aesthetic Center - Heights Location,Houston,Texas,77008,29.8057193,-95.4034144,0.0,0.0,0.0,0.0,0.0,0.0,0.0,"Heights Dermatology & Aesthetic Center - Heights Location, Houston, Texas 77008",Heights Dermatology & Aesthetic Center,PHASE4,[],"[{'name': 'Clinical Trial Management', 'affiliation': 'Regeneron Pharmaceuticals', 'role': 'STUDY_DIRECTOR'}]"
NCT01368965,COMPLETED,54.0,ACTUAL,2017,III-VI,0,0,1,1,1,1,"Harris Aesthetics, LLC",Chevy Chase,Maryland,20815,39.00287,-77.07115,0.0,0.0,0.0,0.0,0.0,0.0,0.0,"Harris Aesthetics, LLC, Chevy Chase, Maryland 20815",NO_RESULTS_FOUND,NA,[],"[{'name': 'Hema Sundaram, M.D.', 'affiliation': 'Dermatology, Cosmetic & Laser Surgery', 'role': 'PRINCIPAL_INVESTIGATOR'}, {'name': 'Monte O Harris, M.D.', 'affiliation': 'Harris Aesthetics, LLC', 'role': 'PRINCIPAL_INVESTIGATOR'}]"
NCT06477172,RECRUITING,500.0,ESTIMATED,2025,All,1,1,1,1,1,1,"Haideh Hirmand MD, Aesthetic Plastic Surgery",New York,New York,10028,40.7805707,-73.9574651,0.0,0.0,0.0,0.0,0.0,0.0,0.0,"Haideh Hirmand MD, Aesthetic Plastic Surgery, New York, New York 10028",Dr. Haideh Hirmand,N/A,"[{'name': 'Lisa Campbell, PhD', 'role': 'CONTACT', 'phone': '858-997-7447', 'email': 'lisa.campbell@acorn.me'}]","[{'name': 'Drew Taylor, PhD', 'affiliation': 'Acorn Biolabs', 'role': 'STUDY_CHAIR'}]"
NCT03565341,COMPLETED,20.0,ACTUAL,2019,II-V,0,1,1,1,1,0,Hackensack University Medical Center - Skin Laser & Surgery Specialists Of NY & NJ,Hackensack,New Jersey,07601,40.8838005,-74.05749949999999,0.0,0.0,0.0,0.0,0.0,0.0,0.0,"Hackensack University Medical Center - Skin Laser & Surgery Specialists Of NY & NJ, Hackensack, New Jersey 07601",Schweiger Dermatology Group - Hackensack,NA,[],"[{'name': 'David J Goldberg, MD', 'affiliation': 'Hackensack University Medical Center - Skin Laser & Surgery Specialists Of NY & NJ', 'role': 'PRINCIPAL_INVESTIGATOR'}]"
NCT02217228,COMPLETED,394.0,ACTUAL,2017,"I, II, III",1,1,1,0,0,0,"Gwinnett Dermatology, PC",Snellville,Georgia,30078,33.8545923,-84.0183275,0.0,0.0,0.0,0.0,0.0,0.0,0.0,"Gwinnett Dermatology, PC, Snellville, Georgia 30078",Georgia Dermatology Partners - Snellville,NA,[],[]
NCT02052752,COMPLETED,90.0,ACTUAL,2015,I-V,1,1,1,1,1,0,GSK Investigational Site,High Point,North Carolina,27262,35.95569,-80.00532,0.0,0.0,0.0,0.0,0.0,0.0,0.0,SKIP,,PHASE4,[],"[{'name': 'GSK Clinical Trials', 'affiliation': 'GlaxoSmithKline', 'role': 'STUDY_DIRECTOR'}]"
NCT05109104,COMPLETED,13.0,ACTUAL,2024,"I, II, III",1,1,1,0,0,0,GSK Investigational Site,Winston-Salem,North Carolina,27101,36.09986,-80.24422,0.0,0.0,0.0,0.0,0.0,0.0,0.0,SKIP,,NA,[],[]
NCT03478644,COMPLETED,152.0,ACTUAL,2018,I-IV,1,1,1,1,0,0,GSK Investigational Site,Fort Wayne,Indiana,46825,41.1306,-85.12886,0.0,2.0,2.0,36.0,262.0,2.0,0.0,SKIP,,NA,[],"[{'name': 'GSK Clinical Trials', 'affiliation': 'GlaxoSmithKline', 'role': 'STUDY_DIRECTOR'}]"
NCT05124899,COMPLETED,15.0,ACTUAL,2024,"I, II, III",1,1,1,0,0,0,GSK Investigational Site,Winston-Salem,North Carolina,27101,36.09986,-80.24422,0.0,0.0,0.0,0.0,0.0,0.0,0.0,SKIP,,NA,[],[]
NCT02411162,COMPLETED,15.0,ACTUAL,2017,All,1,1,1,1,1,1,GSK Investigational Site,Urbana,Illinois,61801,40.11059,-88.20727,0.0,0.0,0.0,0.0,0.0,0.0,0.0,SKIP,,PHASE1,[],"[{'name': 'GSK Clinical Trials', 'affiliation': 'GlaxoSmithKline', 'role': 'STUDY_DIRECTOR'}]"
NCT01984775,COMPLETED,52.0,ACTUAL,2017,All,1,1,1,1,1,1,GSK Investigational Site,Baltimore,Maryland,21225,39.29038,-76.61219,0.0,0.0,0.0,0.0,0.0,0.0,0.0,SKIP,,PHASE1,[],"[{'name': 'GSK Clinical Trials', 'affiliation': 'GlaxoSmithKline', 'role': 'STUDY_DIRECTOR'}]"
NCT05085327,COMPLETED,11.0,ACTUAL,2024,"I, II, III",1,1,1,0,0,0,GSK Investigational Site,Winston-Salem,North Carolina,27101,36.09986,-80.24422,0.0,0.0,0.0,0.0,0.0,0.0,0.0,SKIP,,NA,[],[]
NCT04749459,COMPLETED,14.0,ACTUAL,2022,"I, II, III",1,1,1,0,0,0,GSK Investigational Site,Fairfield,New Jersey,07004,40.88371,-74.30598,0.0,0.0,0.0,0.0,0.0,0.0,0.0,SKIP,,NA,[],[]
NCT03945383,COMPLETED,120.0,ACTUAL,2022,"I, II, III, IV",1,1,1,1,0,0,Great Lakes Clinical Trials,Chicago,Illinois,60640,41.9758175,-87.66926629999999,0.0,0.0,0.0,0.0,0.0,0.0,0.0,"Great Lakes Clinical Trials, Chicago, Illinois 60640",Flourish Research - Chicago (Andersonville),NA,[],"[{'name': 'Rupal Trivedi, M.D.', 'affiliation': 'Great Lakes Clinical Trials', 'role': 'PRINCIPAL_INVESTIGATOR'}, {'name': 'David Pariser, M.D.', 'affiliation': 'Virginia Clinical Research', 'role': 'PRINCIPAL_INVESTIGATOR'}]"
NCT02465775,UNKNOWN,60.0,ESTIMATED,2016,I-VI,1,1,1,1,1,1,Gold Skincare,Nashville,Tennessee,37215,36.104769,-86.80933,0.0,0.0,0.0,0.0,0.0,0.0,0.0,"Gold Skincare, Nashville, Tennessee 37215",Gold Skin Care Center,NA,"[{'name': 'Robert Weiss, MD', 'role': 'CONTACT', 'phone': '410-666-3960', 'email': ''}]","[{'name': 'Robert Weiss, MD', 'affiliation': '54 Scot Adams Road, Hunt Valley Baltimore USA', 'role': 'PRINCIPAL_INVESTIGATOR'}, {'name': 'William P. Colem, MD', 'affiliation': 'Coleman Center for Cosmetic Dermatologic Surgery', 'role': 'PRINCIPAL_INVESTIGATOR'}]"
NCT03078647,COMPLETED,31.0,ACTUAL,2019,I-VI,1,1,1,1,1,1,Girish Munavalli,Charlotte,North Carolina,28270,35.209579,-80.82499,0.0,0.0,0.0,0.0,62.0,0.0,0.0,"Girish Munavalli, Charlotte, North Carolina 28270","Gilly Munavalli,MD,MHS",NA,[],"[{'name': 'Girish Munavalli, MD', 'affiliation': 'Laser & Vein Specialists of the Carolinas', 'role': 'PRINCIPAL_INVESTIGATOR'}]"
NCT06157567,ACTIVE_NOT_RECRUITING,500.0,ESTIMATED,2025,I-VI,1,1,1,1,1,1,Gerrish MedEsthetics,Vienna,Virginia,22180,38.8982704,-77.268992,0.0,0.0,0.0,0.0,0.0,0.0,0.0,"Gerrish MedEsthetics, Vienna, Virginia 22180",Gerrish MedEsthetics,NA,[],"[{'name': 'Konika Schallen, MD', 'affiliation': 'Candela Institue for Exellence', 'role': 'PRINCIPAL_INVESTIGATOR'}]"
NCT02621593,COMPLETED,44.0,ACTUAL,2017,I-IV,1,1,1,1,0,0,Gaster Eye Center,Beverly Hills,California,90211,34.067333,-118.3879292,0.0,0.0,0.0,0.0,0.0,0.0,0.0,"Gaster Eye Center, Beverly Hills, California 90211",Gaster Eye Center,NA,[],"[{'name': 'Steven Dell, MD', 'affiliation': 'Medical Director, Dell LAser Consultants', 'role': 'PRINCIPAL_INVESTIGATOR'}]"
NCT05089708,COMPLETED,123.0,ACTUAL,2023,All,1,1,1,1,1,1,Galderma Investigational Site #9956,New York,New York,10025,40.71427,-74.00597,2.0,34.0,4.0,90.0,112.0,0.0,4.0,SKIP,,PHASE4,[],[]
NCT05089708,COMPLETED,123.0,ACTUAL,2023,All,1,1,1,1,1,1,Galderma Investigational Site #9955,San Diego,California,92123,32.71571,-117.16472,2.0,34.0,4.0,90.0,112.0,0.0,4.0,SKIP,,PHASE4,[],[]
NCT05089708,COMPLETED,123.0,ACTUAL,2023,All,1,1,1,1,1,1,Galderma Investigational Site #9953,Tulsa,Oklahoma,74133,36.15398,-95.99277,2.0,34.0,4.0,90.0,112.0,0.0,4.0,SKIP,,PHASE4,[],[]
NCT05089708,COMPLETED,123.0,ACTUAL,2023,All,1,1,1,1,1,1,Galderma Investigational Site #9952,Baton Rouge,Louisiana,70808,30.44332,-91.18747,2.0,34.0,4.0,90.0,112.0,0.0,4.0,SKIP,,PHASE4,[],[]
NCT05089708,COMPLETED,123.0,ACTUAL,2023,All,1,1,1,1,1,1,Galderma Investigational Site #9950,Evansville,Indiana,47714,37.97476,-87.55585,2.0,34.0,4.0,90.0,112.0,0.0,4.0,SKIP,,PHASE4,[],[]
NCT05089708,COMPLETED,123.0,ACTUAL,2023,All,1,1,1,1,1,1,Galderma Investigational Site #9949,New York,New York,10155,40.71427,-74.00597,2.0,34.0,4.0,90.0,112.0,0.0,4.0,SKIP,,PHASE4,[],[]
NCT05089708,COMPLETED,123.0,ACTUAL,2023,All,1,1,1,1,1,1,Galderma Investigational Site #9948,Hyattsville,Maryland,20782,38.95594,-76.94553,2.0,34.0,4.0,90.0,112.0,0.0,4.0,SKIP,,PHASE4,[],[]
NCT05089708,COMPLETED,123.0,ACTUAL,2023,All,1,1,1,1,1,1,Galderma Investigational Site #9920,Arlington,Texas,76011,32.73569,-97.10807,2.0,34.0,4.0,90.0,112.0,0.0,4.0,SKIP,,PHASE4,[],[]
NCT05089708,COMPLETED,123.0,ACTUAL,2023,All,1,1,1,1,1,1,Galderma Investigational Site #8764,Tampa,Florida,33613,27.94752,-82.45843,2.0,34.0,4.0,90.0,112.0,0.0,4.0,SKIP,,PHASE4,[],[]
NCT05089708,COMPLETED,123.0,ACTUAL,2023,All,1,1,1,1,1,1,Galderma Investigational Site #8636,Fountain Valley,California,92708,33.70918,-117.95367,2.0,34.0,4.0,90.0,112.0,0.0,4.0,SKIP,,PHASE4,[],[]
NCT05089708,COMPLETED,123.0,ACTUAL,2023,All,1,1,1,1,1,1,Galderma Investigational Site #8620,New York,New York,10025,40.71427,-74.00597,2.0,34.0,4.0,90.0,112.0,0.0,4.0,SKIP,,PHASE4,[],[]
NCT05089708,COMPLETED,123.0,ACTUAL,2023,All,1,1,1,1,1,1,Galderma Investigational Site #8606,New Orleans,Louisiana,70115,29.95465,-90.07507,2.0,34.0,4.0,90.0,112.0,0.0,4.0,SKIP,,PHASE4,[],[]
NCT05089708,COMPLETED,123.0,ACTUAL,2023,All,1,1,1,1,1,1,Galderma Investigational Site #8554,Detroit,Michigan,48202,42.33143,-83.04575,2.0,34.0,4.0,90.0,112.0,0.0,4.0,SKIP,,PHASE4,[],[]
NCT05089708,COMPLETED,123.0,ACTUAL,2023,All,1,1,1,1,1,1,Galderma Investigational Site #8433,San Antonio,Texas,78229,29.42412,-98.49363,2.0,34.0,4.0,90.0,112.0,0.0,4.0,SKIP,,PHASE4,[],[]
NCT05089708,COMPLETED,123.0,ACTUAL,2023,All,1,1,1,1,1,1,Galderma Investigational Site #8358,San Diego,California,92108,32.71571,-117.16472,2.0,34.0,4.0,90.0,112.0,0.0,4.0,SKIP,,PHASE4,[],[]
NCT05089708,COMPLETED,123.0,ACTUAL,2023,All,1,1,1,1,1,1,Galderma Investigational Site #8329,San Antonio,Texas,78229,29.42412,-98.49363,2.0,34.0,4.0,90.0,112.0,0.0,4.0,SKIP,,PHASE4,[],[]
NCT05089708,COMPLETED,123.0,ACTUAL,2023,All,1,1,1,1,1,1,Galderma Investigational Site #8224,Fremont,California,94538,37.54827,-121.98857,2.0,34.0,4.0,90.0,112.0,0.0,4.0,SKIP,,PHASE4,[],[]
NCT05089708,COMPLETED,123.0,ACTUAL,2023,All,1,1,1,1,1,1,Galderma Investigational Site #8207,Nashville,Tennessee,37215,36.16589,-86.78444,2.0,34.0,4.0,90.0,112.0,0.0,4.0,SKIP,,PHASE4,[],[]
NCT05089708,COMPLETED,123.0,ACTUAL,2023,All,1,1,1,1,1,1,Galderma Investigational Site #8184,Maitland,Florida,32751,28.62778,-81.36312,2.0,34.0,4.0,90.0,112.0,0.0,4.0,SKIP,,PHASE4,[],[]
NCT05089708,COMPLETED,123.0,ACTUAL,2023,All,1,1,1,1,1,1,Galderma Investigational Site #8108,Las Vegas,Nevada,89148,36.17497,-115.13722,2.0,34.0,4.0,90.0,112.0,0.0,4.0,SKIP,,PHASE4,[],[]
NCT05089708,COMPLETED,123.0,ACTUAL,2023,All,1,1,1,1,1,1,Galderma Investigational Site #8012,Glenn Dale,Maryland,20769,38.98761,-76.82053,2.0,34.0,4.0,90.0,112.0,0.0,4.0,SKIP,,PHASE4,[],[]
NCT05089708,COMPLETED,123.0,ACTUAL,2023,All,1,1,1,1,1,1,Galderma Investigational Site #7012,Lutz,Florida,33549,28.15112,-82.46148,2.0,34.0,4.0,90.0,112.0,0.0,4.0,SKIP,,PHASE4,[],[]
NCT00865878,TERMINATED,6.0,ACTUAL,2011,I-IV,1,1,1,1,0,0,Fox Chase Cancer Center,Philadelphia,Pennsylvania,19111,40.0716762,-75.0911897,0.0,0.0,0.0,0.0,0.0,0.0,0.0,"Fox Chase Cancer Center, Philadelphia, Pennsylvania 19111",Fox Chase Cancer Center,PHASE2,[],"[{'name': 'Stuart L Marcus, MD, PhD', 'affiliation': 'Sponsor GmbH', 'role': 'STUDY_DIRECTOR'}]"
NCT04861623,RECRUITING,20.0,ESTIMATED,2025,"II, III",0,1,1,0,0,0,Food Science and Human Nutrition Department at University of Florida,Gainesville,Florida,32611,29.6468909,-82.3443662,0.0,0.0,0.0,0.0,0.0,0.0,0.0,"Food Science and Human Nutrition Department at University of Florida, Gainesville, Florida 32611",Food Science and Human Nutrition,NA,"[{'name': 'Yavuz Yagiz, PhD', 'role': 'CONTACT', 'phone': '(352) 294-3988', 'email': 'yavuzy@ufl.edu'}, {'name': 'Liwei Gu, PhD', 'role': 'CONTACT', 'phone': '(352) 294-3730', 'email': 'lgu@ufl.edu'}]",[]
NCT04614753,COMPLETED,20.0,ACTUAL,2025,"II, III",0,1,1,0,0,0,Food Science and Human Nutrition Department at University of Florida,Gainesville,Florida,32611,29.6468909,-82.3443662,0.0,0.0,0.0,0.0,0.0,0.0,0.0,"Food Science and Human Nutrition Department at University of Florida, Gainesville, Florida 32611",Food Science and Human Nutrition,NA,[],"[{'name': 'Liwei Gu, PhD', 'affiliation': 'University of Florida', 'role': 'PRINCIPAL_INVESTIGATOR'}]"
NCT06538415,RECRUITING,50.0,ESTIMATED,2025,"II, III",0,1,1,0,0,0,Food Science and Human Nutrition,Gainesville,Florida,32608,29.6468909,-82.3443662,0.0,0.0,0.0,0.0,0.0,0.0,0.0,"Food Science and Human Nutrition, Gainesville, Florida 32608",Food Science and Human Nutrition,NA,"[{'name': 'Liwei Gu, PhD', 'role': 'CONTACT', 'phone': '(352)2943730', 'email': 'lgu@ufl.edu'}, {'name': 'Ahmad Moussa, MS', 'role': 'CONTACT', 'phone': '(352) 392-0584', 'email': 'moussaahmad@ufl.edu'}]",[]
NCT05372419,COMPLETED,90.0,ACTUAL,2025,IV-VI,0,0,0,1,1,1,First OC Dermatology,Fountain Valley,California,92708,33.7123881,-117.9551133,6.0,10.0,4.0,70.0,0.0,0.0,0.0,"First OC Dermatology, Fountain Valley, California 92708",First OC Dermatology,PHASE3,[],"[{'name': 'Call 1-877-CTLILLY (1-877-285-4559) or 1-317-615-4559 Mon - Fri 9 AM - 5 PM Eastern time (UTC/GMT - 5 hours, EST)', 'affiliation': 'Eli Lilly and Company', 'role': 'STUDY_DIRECTOR'}]"
NCT05202834,COMPLETED,3.0,ACTUAL,2022,I-VI,1,1,1,1,1,1,FA Corporation,Lincoln,Rhode Island,02865,41.9357341,-71.48259019999999,0.0,0.0,0.0,0.0,0.0,0.0,0.0,"FA Corporation, Lincoln, Rhode Island 02865",FA International,N/A,[],"[{'name': 'Shlomo Assa', 'affiliation': 'FA Corporation', 'role': 'STUDY_DIRECTOR'}]"
NCT06349356,COMPLETED,101.0,ACTUAL,2024,I-IV,1,1,1,1,0,0,Eye Centers of Racine & Kenosha,Kenosha,Wisconsin,53142,42.5675648,-87.92961389999999,0.0,0.0,0.0,0.0,0.0,0.0,0.0,"Eye Centers of Racine & Kenosha, Kenosha, Wisconsin 53142",The Eye Centers of Racine & Kenosha- Kenosha location,NA,[],[]
NCT05254912,COMPLETED,50.0,ACTUAL,2022,All,1,1,1,1,1,1,"Eurofins | CRL, Inc.",Piscataway,New Jersey,08854,40.5463976,-74.4741373,0.0,0.0,0.0,0.0,0.0,0.0,0.0,"Eurofins | CRL, Inc., Piscataway, New Jersey 08854",Eurofins CRL,PHASE2,[],"[{'name': 'Rolf Schutz, PhD', 'affiliation': 'DSM Nutritional Products, Inc.', 'role': 'STUDY_DIRECTOR'}, {'name': 'Gladys Osis, MT', 'affiliation': 'Eurofins CRL Inc.', 'role': 'PRINCIPAL_INVESTIGATOR'}]"
NCT05254925,COMPLETED,34.0,ACTUAL,2022,All,1,1,1,1,1,1,"Eurofins | CRL, Inc.",Piscataway,New Jersey,08854,40.5463976,-74.4741373,0.0,0.0,0.0,0.0,0.0,0.0,0.0,"Eurofins | CRL, Inc., Piscataway, New Jersey 08854",Eurofins CRL,PHASE2,[],"[{'name': 'Rolf Schutz, PhD', 'affiliation': 'DSM Nutritional Products, Inc.', 'role': 'STUDY_DIRECTOR'}, {'name': 'Gladys Osis, MT', 'affiliation': 'Eurofins CRL Inc.', 'role': 'PRINCIPAL_INVESTIGATOR'}]"
NCT05537350,COMPLETED,66.0,ACTUAL,2022,"II, III, IV",0,1,1,1,0,0,"Eurofins | CRL, Inc.",Piscataway,New Jersey,08854,40.5463976,-74.4741373,0.0,0.0,0.0,0.0,0.0,0.0,0.0,"Eurofins | CRL, Inc., Piscataway, New Jersey 08854",Eurofins CRL,NA,[],[]
NCT07054710,COMPLETED,115.0,ACTUAL,2025,All,1,1,1,1,1,1,"Eurofins CRL Cosmetics, Inc",Piscataway,New Jersey,08854,40.5463976,-74.4741373,0.0,0.0,0.0,0.0,0.0,0.0,0.0,"Eurofins CRL Cosmetics, Inc, Piscataway, New Jersey 08854",Eurofins CRL,NA,[],[]
NCT01771679,UNKNOWN,29.0,ESTIMATED,2022,I-III,1,1,1,0,0,0,eStudy Site,La Mesa,California,91942,32.76783,-117.02308,0.0,0.0,0.0,0.0,0.0,0.0,0.0,SKIP,,"PHASE1, PHASE2",[],"[{'name': 'Lev Verkh, PhD', 'affiliation': 'Stemedica Cell Technologies, Inc.', 'role': 'STUDY_DIRECTOR'}]"
NCT02600104,UNKNOWN,74.0,ACTUAL,2017,I-VI,1,1,1,1,1,1,Eric F. Bernstein,Ardmore,Pennsylvania,19003,40.0087844,-75.2891183,0.0,0.0,0.0,0.0,0.0,0.0,0.0,"Eric F. Bernstein, Ardmore, Pennsylvania 19003","Eric F Bernstein, MD, MSE",NA,[],"[{'name': 'Eric F Bernstein, M.D.', 'affiliation': 'Main Line Center for Laser Surgery', 'role': 'PRINCIPAL_INVESTIGATOR'}]"
NCT05419505,COMPLETED,91.0,ACTUAL,2025,I-IV,1,1,1,1,0,0,Endo Clinical Trial Site #9,Encinitas,California,92024,33.03699,-117.29198,0.0,0.0,0.0,0.0,0.0,0.0,0.0,SKIP,,PHASE2,[],"[{'name': 'David Hernandez', 'affiliation': 'Endo Pharmaceuticals', 'role': 'STUDY_DIRECTOR'}]"
NCT05419505,COMPLETED,91.0,ACTUAL,2025,I-IV,1,1,1,1,0,0,Endo Clinical Trial Site #8,Coral Gables,Florida,33146,25.72149,-80.26838,0.0,0.0,0.0,0.0,0.0,0.0,0.0,SKIP,,PHASE2,[],"[{'name': 'David Hernandez', 'affiliation': 'Endo Pharmaceuticals', 'role': 'STUDY_DIRECTOR'}]"
NCT05419505,COMPLETED,91.0,ACTUAL,2025,I-IV,1,1,1,1,0,0,Endo Clinical Trial Site #7,Solana Beach,California,92075,32.99115,-117.27115,0.0,0.0,0.0,0.0,0.0,0.0,0.0,SKIP,,PHASE2,[],"[{'name': 'David Hernandez', 'affiliation': 'Endo Pharmaceuticals', 'role': 'STUDY_DIRECTOR'}]"
NCT05419505,COMPLETED,91.0,ACTUAL,2025,I-IV,1,1,1,1,0,0,Endo Clinical Trial Site #6,Scottsdale,Arizona,85255,33.50921,-111.89903,0.0,0.0,0.0,0.0,0.0,0.0,0.0,SKIP,,PHASE2,[],"[{'name': 'David Hernandez', 'affiliation': 'Endo Pharmaceuticals', 'role': 'STUDY_DIRECTOR'}]"
NCT05419505,COMPLETED,91.0,ACTUAL,2025,I-IV,1,1,1,1,0,0,Endo Clinical Trial Site #5,Pflugerville,Texas,78660,30.43937,-97.62,0.0,0.0,0.0,0.0,0.0,0.0,0.0,SKIP,,PHASE2,[],"[{'name': 'David Hernandez', 'affiliation': 'Endo Pharmaceuticals', 'role': 'STUDY_DIRECTOR'}]"
NCT05419505,COMPLETED,91.0,ACTUAL,2025,I-IV,1,1,1,1,0,0,Endo Clinical Trial Site #4,Beverly Hills,California,90210,34.07362,-118.40036,0.0,0.0,0.0,0.0,0.0,0.0,0.0,SKIP,,PHASE2,[],"[{'name': 'David Hernandez', 'affiliation': 'Endo Pharmaceuticals', 'role': 'STUDY_DIRECTOR'}]"
NCT05419505,COMPLETED,91.0,ACTUAL,2025,I-IV,1,1,1,1,0,0,Endo Clinical Trial Site #3,Chicago,Illinois,60611,41.85003,-87.65005,0.0,0.0,0.0,0.0,0.0,0.0,0.0,SKIP,,PHASE2,[],"[{'name': 'David Hernandez', 'affiliation': 'Endo Pharmaceuticals', 'role': 'STUDY_DIRECTOR'}]"
NCT05419505,COMPLETED,91.0,ACTUAL,2025,I-IV,1,1,1,1,0,0,Endo Clinical Trial Site #2,Metairie,Louisiana,700006,29.98409,-90.15285,0.0,0.0,0.0,0.0,0.0,0.0,0.0,SKIP,,PHASE2,[],"[{'name': 'David Hernandez', 'affiliation': 'Endo Pharmaceuticals', 'role': 'STUDY_DIRECTOR'}]"
NCT05419505,COMPLETED,91.0,ACTUAL,2025,I-IV,1,1,1,1,0,0,Endo Clinical Trial Site #13,Miami,Florida,33137,25.77427,-80.19366,0.0,0.0,0.0,0.0,0.0,0.0,0.0,SKIP,,PHASE2,[],"[{'name': 'David Hernandez', 'affiliation': 'Endo Pharmaceuticals', 'role': 'STUDY_DIRECTOR'}]"
NCT05419505,COMPLETED,91.0,ACTUAL,2025,I-IV,1,1,1,1,0,0,Endo Clinical Trial Site #12,Greenwood Village,Colorado,80111,39.61721,-104.95081,0.0,0.0,0.0,0.0,0.0,0.0,0.0,SKIP,,PHASE2,[],"[{'name': 'David Hernandez', 'affiliation': 'Endo Pharmaceuticals', 'role': 'STUDY_DIRECTOR'}]"
NCT05419505,COMPLETED,91.0,ACTUAL,2025,I-IV,1,1,1,1,0,0,Endo Clinical Trial Site #11,New York,New York,10021,40.71427,-74.00597,0.0,0.0,0.0,0.0,0.0,0.0,0.0,SKIP,,PHASE2,[],"[{'name': 'David Hernandez', 'affiliation': 'Endo Pharmaceuticals', 'role': 'STUDY_DIRECTOR'}]"
NCT05419505,COMPLETED,91.0,ACTUAL,2025,I-IV,1,1,1,1,0,0,Endo Clinical Trial Site #10,San Diego,California,92121,32.71571,-117.16472,0.0,0.0,0.0,0.0,0.0,0.0,0.0,SKIP,,PHASE2,[],"[{'name': 'David Hernandez', 'affiliation': 'Endo Pharmaceuticals', 'role': 'STUDY_DIRECTOR'}]"
NCT05419505,COMPLETED,91.0,ACTUAL,2025,I-IV,1,1,1,1,0,0,Endo Clinical Trial Site #1,Nashville,Tennessee,37215,36.16589,-86.78444,0.0,0.0,0.0,0.0,0.0,0.0,0.0,SKIP,,PHASE2,[],"[{'name': 'David Hernandez', 'affiliation': 'Endo Pharmaceuticals', 'role': 'STUDY_DIRECTOR'}]"
NCT05372419,COMPLETED,90.0,ACTUAL,2025,IV-VI,0,0,0,1,1,1,Encore Medical Research of Boynton Beach,Boynton Beach,Florida,33436,26.5132974,-80.1171604,6.0,10.0,4.0,70.0,0.0,0.0,0.0,"Encore Medical Research of Boynton Beach, Boynton Beach, Florida 33436",Encore Medical Research of Boynton Beach LLC.,PHASE3,[],"[{'name': 'Call 1-877-CTLILLY (1-877-285-4559) or 1-317-615-4559 Mon - Fri 9 AM - 5 PM Eastern time (UTC/GMT - 5 hours, EST)', 'affiliation': 'Eli Lilly and Company', 'role': 'STUDY_DIRECTOR'}]"
NCT00891774,COMPLETED,172.0,ACTUAL,2019,"IV, V, VI",0,0,0,1,1,1,DuPage Medical Group Clinical Research,Naperville,Illinois,60563,41.75912590000001,-88.18611349999999,4.0,6.0,0.0,135.0,17.0,0.0,10.0,"DuPage Medical Group Clinical Research, Naperville, Illinois 60563",Duly Health and Care,NA,[],"[{'name': 'David Shoshani, MD', 'affiliation': 'Colbar/OrthoDermatologics', 'role': 'STUDY_DIRECTOR'}]"
NCT02755467,COMPLETED,22.0,ACTUAL,2023,I-IV,1,1,1,1,0,0,DuPage Medical Group,Naperville,Illinois,60563,41.7907459,-88.129915,0.0,0.0,0.0,0.0,0.0,0.0,0.0,"DuPage Medical Group, Naperville, Illinois 60563",Duly Health and Care,NA,[],"[{'name': 'Kelly Stankiewicz, MD FAAD', 'affiliation': 'DuPage Medical Group', 'role': 'PRINCIPAL_INVESTIGATOR'}]"
NCT00594425,COMPLETED,150.0,ACTUAL,2013,I-IV,1,1,1,1,0,0,DuPage Medical Group,Naperville,Illinois,60563,41.7907459,-88.129915,0.0,0.0,0.0,0.0,0.0,0.0,0.0,"DuPage Medical Group, Naperville, Illinois 60563",Duly Health and Care,PHASE2,[],"[{'name': 'David Pariser, MD', 'affiliation': 'AAD', 'role': 'PRINCIPAL_INVESTIGATOR'}]"
NCT02763072,COMPLETED,24.0,ACTUAL,2023,I-III,1,1,1,0,0,0,DuPage Medical Group,Naperville,Illinois,60563,41.7907459,-88.129915,0.0,0.0,0.0,0.0,0.0,0.0,0.0,"DuPage Medical Group, Naperville, Illinois 60563",Duly Health and Care,NA,[],"[{'name': 'Kelly Stankiewicz, MD FAAD', 'affiliation': 'DuPage Medical Group', 'role': 'PRINCIPAL_INVESTIGATOR'}]"
NCT02754479,COMPLETED,4.0,ACTUAL,2023,I-III,1,1,1,0,0,0,DuPage Medical Group,Naperville,Illinois,60563,41.7907459,-88.129915,0.0,0.0,0.0,0.0,0.0,0.0,0.0,"DuPage Medical Group, Naperville, Illinois 60563",Duly Health and Care,NA,[],"[{'name': 'Kelly Stankiewicz, MD FAAD', 'affiliation': 'DuPage Medical Group', 'role': 'PRINCIPAL_INVESTIGATOR'}]"
NCT00673933,COMPLETED,20.0,ACTUAL,2013,"V, VI",0,0,0,0,1,1,DuPage Medical Group,Naperville,Illinois,60563,41.7907459,-88.129915,0.0,0.0,0.0,0.0,0.0,0.0,0.0,"DuPage Medical Group, Naperville, Illinois 60563",Duly Health and Care,PHASE2,[],"[{'name': 'Ashish C Bhatia, MD', 'affiliation': 'Dermatology Institute of DuPage Medical Group', 'role': 'PRINCIPAL_INVESTIGATOR'}]"
NCT02748928,COMPLETED,62.0,ACTUAL,2019,I-VI,1,1,1,1,1,1,DuPage Medical Group,Naperville,Illinois,60563,41.7907459,-88.129915,3.0,3.0,1.0,3.0,52.0,0.0,0.0,"DuPage Medical Group, Naperville, Illinois 60563",Duly Health and Care,NA,[],"[{'name': 'Ruthie Amir, MD', 'affiliation': 'Syneron Medical', 'role': 'STUDY_DIRECTOR'}]"
NCT05590585,COMPLETED,124.0,ACTUAL,2024,IV,0,0,0,1,0,0,Duke University Medical Center,Durham,North Carolina,27710,36.0038131,-78.9387241,0.0,0.0,0.0,0.0,0.0,0.0,0.0,"Duke University Medical Center, Durham, North Carolina 27710","Durham, NC 27710",PHASE4,[],"[{'name': 'Clinical Trial Management', 'affiliation': 'Regeneron Pharmaceuticals', 'role': 'STUDY_DIRECTOR'}]"
NCT02592993,UNKNOWN,53.0,ACTUAL,2017,I-VI,1,1,1,1,1,1,Dr. Jerome M. Garden,Chicago,Illinois,60611,41.8951752,-87.62330419999999,0.0,0.0,0.0,0.0,0.0,0.0,0.0,"Dr. Jerome M. Garden, Chicago, Illinois 60611","Jerome M. Garden, MD",NA,[],[]
NCT02592993,UNKNOWN,53.0,ACTUAL,2017,I-VI,1,1,1,1,1,1,Dr. Eric F. Bernstein,Ardmore,Pennsylvania,19003,40.0087844,-75.2891183,0.0,0.0,0.0,0.0,0.0,0.0,0.0,"Dr. Eric F. Bernstein, Ardmore, Pennsylvania 19003","Eric F Bernstein, MD, MSE",NA,[],[]
NCT06477172,RECRUITING,500.0,ESTIMATED,2025,All,1,1,1,1,1,1,Dr. Christie,West Hollywood,California,90069,34.0908879,-118.3926186,0.0,0.0,0.0,0.0,0.0,0.0,0.0,"Dr. Christie, West Hollywood, California 90069",Dr. Christie,N/A,"[{'name': 'Lisa Campbell, PhD', 'role': 'CONTACT', 'phone': '858-997-7447', 'email': 'lisa.campbell@acorn.me'}]","[{'name': 'Drew Taylor, PhD', 'affiliation': 'Acorn Biolabs', 'role': 'STUDY_CHAIR'}]"
NCT03115944,UNKNOWN,21.0,ESTIMATED,2017,I-VI,1,1,1,1,1,1,Dr. Brian S. Biesman,Nashville,Tennessee,37203,36.1550413,-86.8097162,0.0,0.0,0.0,0.0,0.0,0.0,0.0,"Dr. Brian S. Biesman, Nashville, Tennessee 37203","Brian S. Biesman, M.D.",NA,[],[]
NCT04616898,COMPLETED,12.0,ACTUAL,2024,All,1,1,1,1,1,1,Dr. Brian Kinney Plastic Surgeon,Beverly Hills,California,90212,34.0662883,-118.4085184,0.0,0.0,0.0,0.0,0.0,0.0,0.0,"Dr. Brian Kinney Plastic Surgeon, Beverly Hills, California 90212","Brian M. Kinney, MD",NA,[],"[{'name': 'Jeffrey Kenkel, MD', 'affiliation': 'University of Texas', 'role': 'PRINCIPAL_INVESTIGATOR'}]"
NCT03573271,UNKNOWN,20.0,ESTIMATED,2018,I-IV,1,1,1,1,0,0,Dr A Jay Burns Cosmetic Surgery,Dallas,Texas,75231,32.8633225,-96.8082309,0.0,0.0,0.0,0.0,0.0,0.0,0.0,"Dr A Jay Burns Cosmetic Surgery, Dallas, Texas 75231",Dr. Jay Burns - Resurrect Skin MD,NA,[],[]
NCT03583918,COMPLETED,50.0,ACTUAL,2018,"I, II, III",1,1,1,0,0,0,Dr A Jay Burns Cosmetic Surgery,Dallas,Texas,75231,32.8633225,-96.8082309,0.0,0.0,0.0,0.0,0.0,0.0,0.0,"Dr A Jay Burns Cosmetic Surgery, Dallas, Texas 75231",Dr. Jay Burns - Resurrect Skin MD,NA,[],"[{'name': 'Patricia E Krantz, MBA', 'affiliation': 'Cytrellis Biosystems, Inc.', 'role': 'STUDY_DIRECTOR'}]"
NCT03228641,COMPLETED,33.0,ACTUAL,2018,"I, II, III",1,1,1,0,0,0,Dr A Jay Burns Cosmetic Surgery,Dallas,Texas,75231,32.8633225,-96.8082309,0.0,0.0,0.0,0.0,0.0,0.0,0.0,"Dr A Jay Burns Cosmetic Surgery, Dallas, Texas 75231",Dr. Jay Burns - Resurrect Skin MD,NA,[],"[{'name': 'Michail M Pankratov, MD, PhD', 'affiliation': 'Senior Vice President of Clinical & Regulatory Affairs', 'role': 'STUDY_DIRECTOR'}, {'name': 'Patricia E Krantz', 'affiliation': 'Director of Clinical Operations', 'role': 'STUDY_DIRECTOR'}]"
NCT05356754,COMPLETED,343.0,ACTUAL,2022,"V, VI",0,0,0,0,1,1,Diablo Clinical Research,Walnut Creek,California,94398,37.9221331,-122.0299076,0.0,0.0,0.0,0.0,0.0,0.0,0.0,"Diablo Clinical Research, Walnut Creek, California 94398",Diablo Clinical Research Inc,NA,[],[]
NCT00891774,COMPLETED,172.0,ACTUAL,2019,"IV, V, VI",0,0,0,1,1,1,Desert Dermatology Medical Associates,Rancho Mirage,California,92270,33.7568503,-116.4023137,4.0,6.0,0.0,135.0,17.0,0.0,10.0,"Desert Dermatology Medical Associates, Rancho Mirage, California 92270","Desert Dermatology Medical Associates, Inc",NA,[],"[{'name': 'David Shoshani, MD', 'affiliation': 'Colbar/OrthoDermatologics', 'role': 'STUDY_DIRECTOR'}]"
NCT03402893,COMPLETED,21.0,ACTUAL,2019,"V, VI",0,0,0,0,1,1,"DermResearch, PLLC",Louisville,Kentucky,40217,38.30354490000001,-85.5611766,0.0,0.0,0.0,20.0,0.0,0.0,0.0,"DermResearch, PLLC, Louisville, Kentucky 40217",DS Research of Kentucky,PHASE4,[],[]
NCT01038869,COMPLETED,20.0,ACTUAL,2012,IV-VI,0,0,0,1,1,1,"DermResearch, PLLC",Louisville,Kentucky,40217,38.30354490000001,-85.5611766,0.0,0.0,0.0,0.0,0.0,0.0,0.0,"DermResearch, PLLC, Louisville, Kentucky 40217",DS Research of Kentucky,PHASE4,[],"[{'name': 'Leon H. Kircik, M.D.', 'affiliation': 'DermResearch, PLLC', 'role': 'PRINCIPAL_INVESTIGATOR'}]"
NCT01160848,COMPLETED,20.0,ACTUAL,2014,II-III,0,1,1,0,0,0,"DermResearch, Inc.",Austin,Texas,78759,30.3673867,-97.7439284,0.0,0.0,0.0,0.0,0.0,0.0,0.0,"DermResearch, Inc., Austin, Texas 78759",DermResearch,PHASE2,[],"[{'name': 'Michael T. Jarratt, M.D.', 'affiliation': 'Derm Research, PLLC', 'role': 'PRINCIPAL_INVESTIGATOR'}]"
NCT02322086,COMPLETED,30.0,ACTUAL,2017,I-VI,1,1,1,1,1,1,DermResearch Inc.,Austin,Texas,78759,30.3673867,-97.7439284,0.0,0.0,0.0,0.0,0.0,0.0,0.0,"DermResearch Inc., Austin, Texas 78759",DermResearch,PHASE2,[],"[{'name': 'Eric Wachter, Ph.D.', 'affiliation': 'Provectus Biopharmaceuticals, Inc.', 'role': 'STUDY_DIRECTOR'}]"
NCT01347879,COMPLETED,153.0,ACTUAL,2014,I-VI,1,1,1,1,1,1,DermResearch Inc,Austin,Texas,78759,30.3673867,-97.7439284,0.0,0.0,0.0,0.0,0.0,0.0,0.0,"DermResearch Inc, Austin, Texas 78759",DermResearch,PHASE2,[],"[{'name': 'David Pariser, MD', 'affiliation': 'Virginia Clinical Research, Inc.', 'role': 'PRINCIPAL_INVESTIGATOR'}]"
NCT02932267,COMPLETED,50.0,ACTUAL,2021,IV-VI,0,0,0,1,1,1,Dermresearch,Austin,Texas,78759,30.3673867,-97.7439284,0.0,0.0,0.0,0.0,0.0,0.0,0.0,"Dermresearch, Austin, Texas 78759",DermResearch,PHASE3,[],[]
NCT02260180,COMPLETED,119.0,ACTUAL,2020,I-IV,1,1,1,1,0,0,"DermReseach, Inc.",Austin,Texas,78759,30.3673867,-97.7439284,0.0,2.0,0.0,0.0,236.0,0.0,0.0,"DermReseach, Inc., Austin, Texas 78759",DermResearch,PHASE2,[],"[{'name': 'Brian Beger, BS', 'affiliation': 'Aclaris Therapeutics, Inc.', 'role': 'STUDY_DIRECTOR'}]"
NCT04296201,COMPLETED,15.0,ACTUAL,2021,I-VI,1,1,1,1,1,1,"Dermatology, Laser, and Vein Specialists of the Carolinas, PLLC",Charlotte,North Carolina,28207,35.209579,-80.82499,0.0,0.0,0.0,0.0,0.0,0.0,0.0,"Dermatology, Laser, and Vein Specialists of the Carolinas, PLLC, Charlotte, North Carolina 28207","Dermatology, Laser, & Vein Specialists of the Carolinas",NA,[],[]
NCT01504061,COMPLETED,20.0,ACTUAL,2013,I-VI,1,1,1,1,1,1,"Dermatology, Laser, and Vein Specialists of the Carolinas, PLLC",Charlotte,North Carolina,28207,35.209579,-80.82499,0.0,0.0,0.0,0.0,0.0,0.0,0.0,"Dermatology, Laser, and Vein Specialists of the Carolinas, PLLC, Charlotte, North Carolina 28207","Dermatology, Laser, & Vein Specialists of the Carolinas",NA,[],"[{'name': 'Girish Munavalli, MD, MHS', 'affiliation': 'Dermatology, Laser, and Vein Specialists of Carolinas, PLLC', 'role': 'PRINCIPAL_INVESTIGATOR'}]"
NCT01940445,COMPLETED,17.0,ACTUAL,2017,II-V,0,1,1,1,1,0,"Dermatology, Laser, and Vein Specialists of the Carolinas, PLLC",Charlotte,North Carolina,28207,35.209579,-80.82499,0.0,0.0,0.0,0.0,0.0,0.0,0.0,"Dermatology, Laser, and Vein Specialists of the Carolinas, PLLC, Charlotte, North Carolina 28207","Dermatology, Laser, & Vein Specialists of the Carolinas",NA,[],"[{'name': 'Girish (Gilly) Munavalli, MD', 'affiliation': 'Dermatology, Laser, and Vein Specialists of the Carolinas, PLLC', 'role': 'PRINCIPAL_INVESTIGATOR'}]"
NCT03415685,TERMINATED,39.0,ACTUAL,2023,I-VI,1,1,1,1,1,1,"Dermatology, Laser, and Vein Specialists of the Carolinas",Charlotte,North Carolina,28207,35.209579,-80.82499,0.0,0.0,0.0,0.0,0.0,0.0,0.0,"Dermatology, Laser, and Vein Specialists of the Carolinas, Charlotte, North Carolina 28207","Dermatology, Laser, & Vein Specialists of the Carolinas",NA,[],"[{'name': 'Kari Larson, MBA', 'affiliation': 'Sponsor GmbH', 'role': 'STUDY_DIRECTOR'}]"
NCT03409952,COMPLETED,20.0,ACTUAL,2019,I-VI,1,1,1,1,1,1,"Dermatology, Laser, and Vein Specialists of the Carolinas",Charlotte,North Carolina,28207,35.209579,-80.82499,0.0,0.0,0.0,0.0,0.0,0.0,0.0,"Dermatology, Laser, and Vein Specialists of the Carolinas, Charlotte, North Carolina 28207","Dermatology, Laser, & Vein Specialists of the Carolinas",NA,[],"[{'name': 'Kari Larson, MBA', 'affiliation': 'Sponsor GmbH', 'role': 'STUDY_DIRECTOR'}]"
NCT05091788,RECRUITING,70.0,ESTIMATED,2024,I-IV,1,1,1,1,0,0,"Dermatology, Laser & Vein Specialists of the Carolinas, PLLC",Charlotte,North Carolina,28207,35.209579,-80.82499,0.0,0.0,0.0,0.0,0.0,0.0,0.0,"Dermatology, Laser & Vein Specialists of the Carolinas, PLLC, Charlotte, North Carolina 28207","Dermatology, Laser, & Vein Specialists of the Carolinas",NA,"[{'name': 'Matthew Gronski, PhD', 'role': 'CONTACT', 'phone': '888-907-0115', 'email': 'mgronski@venusconcept.com'}]","[{'name': 'Matthew Gronski, PhD', 'affiliation': 'Venus Concept', 'role': 'STUDY_DIRECTOR'}]"
NCT06415435,RECRUITING,90.0,ESTIMATED,2024,I-VI,1,1,1,1,1,1,"Dermatology, Laser & Vein Specialists of the Carolinas, PLLC",Charlotte,North Carolina,28207,35.209579,-80.82499,0.0,0.0,0.0,0.0,0.0,0.0,0.0,"Dermatology, Laser & Vein Specialists of the Carolinas, PLLC, Charlotte, North Carolina 28207","Dermatology, Laser, & Vein Specialists of the Carolinas",NA,"[{'name': 'Jamie Solorsa', 'role': 'CONTACT', 'phone': '9494572222', 'email': 'jamie@benev.com'}]",[]
NCT02217228,COMPLETED,394.0,ACTUAL,2017,"I, II, III",1,1,1,0,0,0,"Dermatology, Laser & Vein Specialists of the Carolinas",Charlotte,North Carolina,28207,35.209579,-80.82499,0.0,0.0,0.0,0.0,0.0,0.0,0.0,"Dermatology, Laser & Vein Specialists of the Carolinas, Charlotte, North Carolina 28207","Dermatology, Laser, & Vein Specialists of the Carolinas",NA,[],[]
NCT02622594,COMPLETED,10.0,ACTUAL,2017,I-IV,1,1,1,1,0,0,"Dermatology, Laser & Vein Specialists of the Carolinas",Charlotte,North Carolina,28207,35.209579,-80.82499,0.0,0.0,0.0,0.0,0.0,0.0,0.0,"Dermatology, Laser & Vein Specialists of the Carolinas, Charlotte, North Carolina 28207","Dermatology, Laser, & Vein Specialists of the Carolinas",PHASE4,[],[]
NCT04738734,COMPLETED,150.0,ACTUAL,2023,"I, II, III, IV",1,1,1,1,0,0,"Dermatology, Laser & Vein Specialists of the Carolinas",Charlotte,North Carolina,28207,35.209579,-80.82499,0.0,12.0,0.0,4.0,274.0,4.0,6.0,"Dermatology, Laser & Vein Specialists of the Carolinas, Charlotte, North Carolina 28207","Dermatology, Laser, & Vein Specialists of the Carolinas",NA,[],"[{'name': 'Richard Nuccitelli, PhD', 'affiliation': 'Pulse Biosciences, Inc.', 'role': 'STUDY_CHAIR'}]"
NCT01810484,COMPLETED,14.0,ACTUAL,2018,I-V,1,1,1,1,1,0,"Dermatology, Laser & Vein Specialists of the Carolinas",Charlotte,North Carolina,98207,35.209579,-80.82499,0.0,0.0,0.0,0.0,0.0,0.0,0.0,"Dermatology, Laser & Vein Specialists of the Carolinas, Charlotte, North Carolina 98207","Dermatology, Laser, & Vein Specialists of the Carolinas",NA,[],"[{'name': 'Luis Zapiach, MD', 'affiliation': 'Art Plastic Surgery', 'role': 'PRINCIPAL_INVESTIGATOR'}]"
NCT04146584,COMPLETED,93.0,ACTUAL,2021,I-VI,1,1,1,1,1,1,"Dermatology, Laser & Vein Specialists of the Carolinas",Charlotte,North Carolina,28207,35.209579,-80.82499,0.0,0.0,0.0,0.0,0.0,0.0,0.0,"Dermatology, Laser & Vein Specialists of the Carolinas, Charlotte, North Carolina 28207","Dermatology, Laser, & Vein Specialists of the Carolinas",PHASE2,[],"[{'name': 'Avishai Tzur', 'affiliation': 'Clinical Projects Manager', 'role': 'STUDY_CHAIR'}]"
NCT04153188,COMPLETED,34.0,ACTUAL,2022,I-VI,1,1,1,1,1,1,"Dermatology, Laser & Vein Specialists of the Carolinas",Charlotte,North Carolina,28207,35.209579,-80.82499,0.0,2.0,0.0,0.0,58.0,0.0,0.0,"Dermatology, Laser & Vein Specialists of the Carolinas, Charlotte, North Carolina 28207","Dermatology, Laser, & Vein Specialists of the Carolinas",PHASE4,[],"[{'name': 'Konika P Schallen, MD', 'affiliation': 'Candela Corporation', 'role': 'STUDY_DIRECTOR'}]"
NCT03383705,UNKNOWN,20.0,ESTIMATED,2017,II,0,1,0,0,0,0,"Dermatology, Laser & Vein Specialists of the Carolinas",Charlotte,North Carolina,28207,35.209579,-80.82499,0.0,0.0,0.0,0.0,0.0,0.0,0.0,"Dermatology, Laser & Vein Specialists of the Carolinas, Charlotte, North Carolina 28207","Dermatology, Laser, & Vein Specialists of the Carolinas",NA,"[{'name': 'Gilly Munavalli, MD', 'role': 'CONTACT', 'phone': '(704) 375-6766', 'email': 'info@carolinaskin.com'}, {'name': 'Cindy Tucker, RN-C', 'role': 'CONTACT', 'phone': '(704) 375-6766', 'email': 'info@carolinaskin.com'}]",[]
NCT01368965,COMPLETED,54.0,ACTUAL,2017,III-VI,0,0,1,1,1,1,"Dermatology, Cosmetic & Laser Surgery",Rockville,Maryland,20852,39.1049643,-77.18747429999999,0.0,0.0,0.0,0.0,0.0,0.0,0.0,"Dermatology, Cosmetic & Laser Surgery, Rockville, Maryland 20852",Advanced Dermatology and Cosmetic Surgery - Rockville,NA,[],"[{'name': 'Hema Sundaram, M.D.', 'affiliation': 'Dermatology, Cosmetic & Laser Surgery', 'role': 'PRINCIPAL_INVESTIGATOR'}, {'name': 'Monte O Harris, M.D.', 'affiliation': 'Harris Aesthetics, LLC', 'role': 'PRINCIPAL_INVESTIGATOR'}]"
NCT00594425,COMPLETED,150.0,ACTUAL,2013,I-IV,1,1,1,1,0,0,Dermatology Treatment & Research,Dallas,Texas,75230,32.9211269,-96.8171805,0.0,0.0,0.0,0.0,0.0,0.0,0.0,"Dermatology Treatment & Research, Dallas, Texas 75230",Dermatology Treatment and Research Center,PHASE2,[],"[{'name': 'David Pariser, MD', 'affiliation': 'AAD', 'role': 'PRINCIPAL_INVESTIGATOR'}]"
NCT01247818,COMPLETED,99.0,ACTUAL,2012,I-VI,1,1,1,1,1,1,"Dermatology Specialists, Inc.",Oceanside,California,92056,33.1810995,-117.3094233,0.0,0.0,0.0,0.0,0.0,0.0,0.0,"Dermatology Specialists, Inc., Oceanside, California 92056","Dermatology Specialists, Inc.",PHASE2,[],"[{'name': 'Eric Wachter, Ph.D.', 'affiliation': 'Provectus Pharmaceuticals', 'role': 'STUDY_DIRECTOR'}]"
NCT01347879,COMPLETED,153.0,ACTUAL,2014,I-VI,1,1,1,1,1,1,Dermatology Specialists Inc,Oceanside,California,92056,33.1810995,-117.3094233,0.0,0.0,0.0,0.0,0.0,0.0,0.0,"Dermatology Specialists Inc, Oceanside, California 92056","Dermatology Specialists, Inc.",PHASE2,[],"[{'name': 'David Pariser, MD', 'affiliation': 'Virginia Clinical Research, Inc.', 'role': 'PRINCIPAL_INVESTIGATOR'}]"
NCT01147172,COMPLETED,100.0,ACTUAL,2017,"IV, V, VI",0,0,0,1,1,1,"Dermatology Research Institute, LLC",Coral Gables,Florida,33146,25.7312214,-80.2577452,3.0,1.0,0.0,41.0,0.0,2.0,53.0,"Dermatology Research Institute, LLC, Coral Gables, Florida 33146",Skin Research Institute,NA,[],"[{'name': 'Frederic Brandt, MD', 'affiliation': 'Dermatology Research Institute, LLC', 'role': 'PRINCIPAL_INVESTIGATOR'}, {'name': 'William P Coleman, MD', 'affiliation': 'Private Practice', 'role': 'PRINCIPAL_INVESTIGATOR'}, {'name': 'Michael Gold, MD', 'affiliation': 'Tennessee Clinical Research Center', 'role': 'PRINCIPAL_INVESTIGATOR'}, {'name': 'Alicia Barba, MD', 'affiliation': 'International Dermatology Research, Inc.', 'role': 'PRINCIPAL_INVESTIGATOR'}, {'name': 'Andrew Alexis, MD', 'affiliation': ""St. Luke's-Roosevelt Hospital Center"", 'role': 'PRINCIPAL_INVESTIGATOR'}, {'name': 'Michael Jarratt, MD', 'affiliation': 'Derm Research, Inc.', 'role': 'PRINCIPAL_INVESTIGATOR'}, {'name': 'Pearl Grimes, MD', 'affiliation': 'Vitiligo & Pigmentation Institute of Southern California', 'role': 'PRINCIPAL_INVESTIGATOR'}, {'name': 'Marta Rendon, MD', 'affiliation': 'Skin Care Research, Inc.', 'role': 'PRINCIPAL_INVESTIGATOR'}, {'name': 'Eduardo Tschen, MD', 'affiliation': 'Academic Dermatology Associates', 'role': 'PRINCIPAL_INVESTIGATOR'}]"
NCT00594425,COMPLETED,150.0,ACTUAL,2013,I-IV,1,1,1,1,0,0,"Dermatology Research Center, Inc.",Salt Lake City,Utah,84124,40.7624403,-111.8839203,0.0,0.0,0.0,0.0,0.0,0.0,0.0,"Dermatology Research Center, Inc., Salt Lake City, Utah 84124",Salt Lake Dermatology and Aesthetics,PHASE2,[],"[{'name': 'David Pariser, MD', 'affiliation': 'AAD', 'role': 'PRINCIPAL_INVESTIGATOR'}]"
NCT05372419,COMPLETED,90.0,ACTUAL,2025,IV-VI,0,0,0,1,1,1,Dermatology Research Associates,Los Angeles,California,90045,33.9551511,-118.3957564,6.0,10.0,4.0,70.0,0.0,0.0,0.0,"Dermatology Research Associates, Los Angeles, California 90045",Dermatology Research Associates: Howard Sofen MD,PHASE3,[],"[{'name': 'Call 1-877-CTLILLY (1-877-285-4559) or 1-317-615-4559 Mon - Fri 9 AM - 5 PM Eastern time (UTC/GMT - 5 hours, EST)', 'affiliation': 'Eli Lilly and Company', 'role': 'STUDY_DIRECTOR'}]"
NCT06469398,ACTIVE_NOT_RECRUITING,50.0,ACTUAL,2025,I-VI,1,1,1,1,1,1,Dermatology of Boca,Boca Raton,Florida,33431,26.3909934,-80.0769767,0.0,0.0,0.0,0.0,0.0,0.0,0.0,"Dermatology of Boca, Boca Raton, Florida 33431","Dermatology of Boca: Jeffrey Fromowitz, MD, FAAD",NA,[],[]
NCT01347879,COMPLETED,153.0,ACTUAL,2014,I-VI,1,1,1,1,1,1,"Dermatology Institute, DuPage Medical Group",Naperville,Illinois,60563,41.8084986,-88.20120779999999,0.0,0.0,0.0,0.0,0.0,0.0,0.0,"Dermatology Institute, DuPage Medical Group, Naperville, Illinois 60563",Duly Health and Care,PHASE2,[],"[{'name': 'David Pariser, MD', 'affiliation': 'Virginia Clinical Research, Inc.', 'role': 'PRINCIPAL_INVESTIGATOR'}]"
NCT00933543,COMPLETED,107.0,ACTUAL,2013,I-VI,1,1,1,1,1,1,Dermatology Institute of DuPage Medical Group,Naperville,Illinois,60563,41.8084986,-88.20120779999999,0.0,0.0,0.0,0.0,0.0,0.0,0.0,"Dermatology Institute of DuPage Medical Group, Naperville, Illinois 60563",Duly Health and Care,PHASE2,[],"[{'name': 'Lawrence F. Eichenfield, M.D', 'affiliation': ""Children's Specialists of San Diego / Rady Children's Hospital San Diego"", 'role': 'PRINCIPAL_INVESTIGATOR'}]"
NCT03818555,UNKNOWN,125.0,ESTIMATED,2020,"I, II, III",1,1,1,0,0,0,Dermatology Institute of Boston,Boston,Massachusetts,02116,42.3486443,-71.07593779999999,0.0,0.0,0.0,0.0,0.0,0.0,0.0,"Dermatology Institute of Boston, Boston, Massachusetts 02116",The Dermatology Institute of Boston,NA,[],"[{'name': 'VP, Clinical & Regulatory Affairs', 'affiliation': 'Sebacia, Inc.', 'role': 'STUDY_DIRECTOR'}]"
NCT01995604,WITHDRAWN,0.0,ACTUAL,2014,"I, II, III",1,1,1,0,0,0,"Dermatology Cosmetic Laser Medical Associates of LaJolla, Inc.",San Diego,California,92121,32.875663,-117.2133647,0.0,0.0,0.0,0.0,0.0,0.0,0.0,"Dermatology Cosmetic Laser Medical Associates of LaJolla, Inc., San Diego, California 92121",Cosmetic Laser Dermatology,NA,[],"[{'name': 'Mitchel P Goldman, MD', 'affiliation': 'Dermatology Cosmetic Laser Medical Associates of La Jolla, Inc.', 'role': 'PRINCIPAL_INVESTIGATOR'}]"
NCT03241563,COMPLETED,20.0,ACTUAL,2017,I-VI,1,1,1,1,1,1,"Dermatology Cosmetic Laser Medical Associates of La Jolla, Inc.",San Diego,California,92121,32.875663,-117.2133647,0.0,0.0,0.0,0.0,0.0,0.0,0.0,"Dermatology Cosmetic Laser Medical Associates of La Jolla, Inc., San Diego, California 92121",Cosmetic Laser Dermatology,PHASE4,[],"[{'name': 'Mitchel P Goldman, MD', 'affiliation': 'DCLA', 'role': 'PRINCIPAL_INVESTIGATOR'}]"
NCT02095756,COMPLETED,20.0,ACTUAL,2015,I-IV,1,1,1,1,0,0,"Dermatology Cosmetic Laser Medical Associates of La Jolla, Inc.",San Diego,California,92121,32.875663,-117.2133647,0.0,0.0,0.0,0.0,0.0,0.0,0.0,"Dermatology Cosmetic Laser Medical Associates of La Jolla, Inc., San Diego, California 92121",Cosmetic Laser Dermatology,NA,[],[]
NCT05171894,RECRUITING,84.0,ESTIMATED,2024,I-VI,1,1,1,1,1,1,"Dermatology Cosmetic Associates of La Jolla, Inc. d/b/a West Dermatology Research Center",San Diego,California,92121,32.8761136,-117.213181,0.0,0.0,0.0,0.0,0.0,0.0,0.0,"Dermatology Cosmetic Associates of La Jolla, Inc. d/b/a West Dermatology Research Center, San Diego, California 92121",West Dermatology - La Jolla/UTC,PHASE2,"[{'name': 'Xuejing Cheng', 'role': 'CONTACT', 'phone': '00-86-021-58953355', 'email': 'xjcheng@fd-zj.com'}]",[]
NCT06415292,COMPLETED,50.0,ACTUAL,2025,I-VI,1,1,1,1,1,1,"Dermatology Consulting Services, PLLC",High Point,North Carolina,27262,35.9889884,-80.02543330000002,0.0,0.0,0.0,0.0,0.0,0.0,0.0,"Dermatology Consulting Services, PLLC, High Point, North Carolina 27262",Draelos Zoe Diana MD,PHASE4,[],[]
NCT05226143,COMPLETED,37.0,ACTUAL,2022,"I, II, III, IV, V, VI",1,1,1,1,1,1,"Dermatology Consulting Services, PLLC",High Point,North Carolina,27262,35.9889884,-80.02543330000002,0.0,0.0,0.0,0.0,0.0,0.0,0.0,"Dermatology Consulting Services, PLLC, High Point, North Carolina 27262",Draelos Zoe Diana MD,NA,[],"[{'name': 'Zoe Diana Draelos, M.D.', 'affiliation': 'Dermatology Consulting Services, High Point NC', 'role': 'PRINCIPAL_INVESTIGATOR'}]"
NCT04740892,COMPLETED,31.0,ACTUAL,2024,I-VI,1,1,1,1,1,1,"Dermatology Consulting Services, PLLC",High Point,North Carolina,27262,35.9889884,-80.02543330000002,0.0,0.0,0.0,0.0,0.0,0.0,0.0,"Dermatology Consulting Services, PLLC, High Point, North Carolina 27262",Draelos Zoe Diana MD,NA,[],"[{'name': 'Zoe Diana Draelos, MD', 'affiliation': 'Dermatology Consulting Services, PLLC', 'role': 'PRINCIPAL_INVESTIGATOR'}, {'name': 'Laura M Brooks, M.D.', 'affiliation': 'The Education & Research Foundation, Inc.', 'role': 'PRINCIPAL_INVESTIGATOR'}]"
NCT05094700,COMPLETED,85.0,ACTUAL,2022,I-VI,1,1,1,1,1,1,"Dermatology Consulting Services, PLLC",High Point,North Carolina,27262,35.9889884,-80.02543330000002,0.0,0.0,0.0,0.0,0.0,0.0,0.0,"Dermatology Consulting Services, PLLC, High Point, North Carolina 27262",Draelos Zoe Diana MD,NA,[],"[{'name': 'Zoe Diana Draelos, MD', 'affiliation': 'Dermatology Consulting Services, PLLC', 'role': 'PRINCIPAL_INVESTIGATOR'}]"
NCT06415279,COMPLETED,40.0,ACTUAL,2025,All,1,1,1,1,1,1,"Dermatology Consulting Services, PLLC",High Point,North Carolina,27262,35.9889884,-80.02543330000002,0.0,0.0,0.0,0.0,0.0,0.0,0.0,"Dermatology Consulting Services, PLLC, High Point, North Carolina 27262",Draelos Zoe Diana MD,PHASE4,[],[]
NCT06425900,ACTIVE_NOT_RECRUITING,10.0,ACTUAL,2025,All,1,1,1,1,1,1,"Dermatology Consulting Services, PLLC",High Point,North Carolina,27262,35.9889884,-80.02543330000002,0.0,0.0,0.0,0.0,0.0,0.0,0.0,"Dermatology Consulting Services, PLLC, High Point, North Carolina 27262",Draelos Zoe Diana MD,PHASE4,[],[]
NCT06362941,COMPLETED,250.0,ACTUAL,2025,I-VI,1,1,1,1,1,1,Dermatology Consulting Services,High Point,North Carolina,27262,35.9889884,-80.02543330000002,0.0,0.0,0.0,0.0,0.0,0.0,0.0,"Dermatology Consulting Services, High Point, North Carolina 27262",Draelos Zoe Diana MD,NA,[],[]
NCT06097871,COMPLETED,102.0,ACTUAL,2024,All,1,1,1,1,1,1,Dermatology Consulting Services,High Point,North Carolina,27262,35.9889884,-80.02543330000002,0.0,0.0,0.0,0.0,0.0,0.0,0.0,"Dermatology Consulting Services, High Point, North Carolina 27262",Draelos Zoe Diana MD,NA,[],[]
NCT06357221,COMPLETED,46.0,ACTUAL,2024,All,1,1,1,1,1,1,Dermatology Consulting Services,High Point,North Carolina,27262,35.9889884,-80.02543330000002,0.0,0.0,0.0,0.0,0.0,0.0,0.0,"Dermatology Consulting Services, High Point, North Carolina 27262",Draelos Zoe Diana MD,PHASE4,[],"[{'name': 'Zoe D Draelos, MD', 'affiliation': 'Dermatology Consulting Services, High Point NC', 'role': 'PRINCIPAL_INVESTIGATOR'}, {'name': 'George F Hougeir, MD', 'affiliation': 'Southeast Dermatology Specialist, LLC', 'role': 'PRINCIPAL_INVESTIGATOR'}]"
NCT00991198,COMPLETED,49.0,ACTUAL,2011,"I, II, III, IV, V",1,1,1,1,1,0,Dermatology Consultants Inc,High Point,North Carolina,27262,36.0432724,-79.9600703,0.0,0.0,0.0,0.0,0.0,0.0,0.0,"Dermatology Consultants Inc, High Point, North Carolina 27262",Central Carolina Dermatology Clinic INC,PHASE2,[],"[{'name': 'Zoe D Draelos, MD', 'affiliation': 'Dermatology Consultants Inc.', 'role': 'PRINCIPAL_INVESTIGATOR'}]"
NCT05372419,COMPLETED,90.0,ACTUAL,2025,IV-VI,0,0,0,1,1,1,Dermatology Clinical Research Center of San Antonio,San Antonio,Texas,78229,29.5095265,-98.5679855,6.0,10.0,4.0,70.0,0.0,0.0,0.0,"Dermatology Clinical Research Center of San Antonio, San Antonio, Texas 78229",Dermatology Clinical Research Center,PHASE3,[],"[{'name': 'Call 1-877-CTLILLY (1-877-285-4559) or 1-317-615-4559 Mon - Fri 9 AM - 5 PM Eastern time (UTC/GMT - 5 hours, EST)', 'affiliation': 'Eli Lilly and Company', 'role': 'STUDY_DIRECTOR'}]"
NCT00594425,COMPLETED,150.0,ACTUAL,2013,I-IV,1,1,1,1,0,0,Dermatology Associates of Rochester,Rochester,New York,14623,43.1054389,-77.61933429999999,0.0,0.0,0.0,0.0,0.0,0.0,0.0,"Dermatology Associates of Rochester, Rochester, New York 14623",Dermatology Associates of Rochester,PHASE2,[],"[{'name': 'David Pariser, MD', 'affiliation': 'AAD', 'role': 'PRINCIPAL_INVESTIGATOR'}]"
NCT00933543,COMPLETED,107.0,ACTUAL,2013,I-VI,1,1,1,1,1,1,Dermatology Associates of Rochester,Rochester,New York,14623,43.1054389,-77.61933429999999,0.0,0.0,0.0,0.0,0.0,0.0,0.0,"Dermatology Associates of Rochester, Rochester, New York 14623",Dermatology Associates of Rochester,PHASE2,[],"[{'name': 'Lawrence F. Eichenfield, M.D', 'affiliation': ""Children's Specialists of San Diego / Rady Children's Hospital San Diego"", 'role': 'PRINCIPAL_INVESTIGATOR'}]"
NCT04640207,COMPLETED,22.0,ACTUAL,2021,I-IV,1,1,1,1,0,0,"Dermatology Associates of Plymouth Meeting, P.C.",Plymouth Meeting,Pennsylvania,19762,40.11663009999999,-75.2863272,0.0,0.0,0.0,0.0,0.0,0.0,0.0,"Dermatology Associates of Plymouth Meeting, P.C., Plymouth Meeting, Pennsylvania 19762",Dermatology Associates of Plymouth Meeting,NA,[],"[{'name': 'Thomas Griffin, MD', 'affiliation': 'Dermatology Associates of Plymouth Meeting, P.C.', 'role': 'PRINCIPAL_INVESTIGATOR'}]"
NCT05590585,COMPLETED,124.0,ACTUAL,2024,IV,0,0,0,1,0,0,"Dermatology and Skin Cancer Specialists, LLC dba US Dermatology Partners",Rockville,Maryland,20850,39.108127,-77.1878045,0.0,0.0,0.0,0.0,0.0,0.0,0.0,"Dermatology and Skin Cancer Specialists, LLC dba US Dermatology Partners, Rockville, Maryland 20850",U.S. Dermatology Partners Rockville,PHASE4,[],"[{'name': 'Clinical Trial Management', 'affiliation': 'Regeneron Pharmaceuticals', 'role': 'STUDY_DIRECTOR'}]"
NCT04146584,COMPLETED,93.0,ACTUAL,2021,I-VI,1,1,1,1,1,1,Dermatology & Laser Surgery Center,Houston,Texas,77030,29.721294,-95.3827636,0.0,0.0,0.0,0.0,0.0,0.0,0.0,"Dermatology & Laser Surgery Center, Houston, Texas 77030",Dermatology & Laser Surgery Center,PHASE2,[],"[{'name': 'Avishai Tzur', 'affiliation': 'Clinical Projects Manager', 'role': 'STUDY_CHAIR'}]"
NCT04153188,COMPLETED,34.0,ACTUAL,2022,I-VI,1,1,1,1,1,1,Dermatology & Laser Surgery Center,Houston,Texas,77030,29.721294,-95.3827636,0.0,2.0,0.0,0.0,58.0,0.0,0.0,"Dermatology & Laser Surgery Center, Houston, Texas 77030",Dermatology & Laser Surgery Center,PHASE4,[],"[{'name': 'Konika P Schallen, MD', 'affiliation': 'Candela Corporation', 'role': 'STUDY_DIRECTOR'}]"
NCT02217228,COMPLETED,394.0,ACTUAL,2017,"I, II, III",1,1,1,0,0,0,Dermatology & Laser Center of Charleston,Charleston,South Carolina,29414,32.8093381,-80.0473398,0.0,0.0,0.0,0.0,0.0,0.0,0.0,"Dermatology & Laser Center of Charleston, Charleston, South Carolina 29414",Epiphany Dermatology,NA,[],[]
NCT04738734,COMPLETED,150.0,ACTUAL,2023,"I, II, III, IV",1,1,1,1,0,0,Dermatology & Laser Center of Charleston,Charleston,South Carolina,29414,32.8093381,-80.0473398,0.0,12.0,0.0,4.0,274.0,4.0,6.0,"Dermatology & Laser Center of Charleston, Charleston, South Carolina 29414",Epiphany Dermatology,NA,[],"[{'name': 'Richard Nuccitelli, PhD', 'affiliation': 'Pulse Biosciences, Inc.', 'role': 'STUDY_CHAIR'}]"
NCT05372419,COMPLETED,90.0,ACTUAL,2025,IV-VI,0,0,0,1,1,1,Dermatology & Laser Center of Charleston,Charleston,South Carolina,29407,32.8093381,-80.0473398,6.0,10.0,4.0,70.0,0.0,0.0,0.0,"Dermatology & Laser Center of Charleston, Charleston, South Carolina 29407",Epiphany Dermatology,PHASE3,[],"[{'name': 'Call 1-877-CTLILLY (1-877-285-4559) or 1-317-615-4559 Mon - Fri 9 AM - 5 PM Eastern time (UTC/GMT - 5 hours, EST)', 'affiliation': 'Eli Lilly and Company', 'role': 'STUDY_DIRECTOR'}]"
NCT01147172,COMPLETED,100.0,ACTUAL,2017,"IV, V, VI",0,0,0,1,1,1,"Derm Research, Inc.",Austin,Texas,78759,30.3673867,-97.7439284,3.0,1.0,0.0,41.0,0.0,2.0,53.0,"Derm Research, Inc., Austin, Texas 78759",DermResearch,NA,[],"[{'name': 'Frederic Brandt, MD', 'affiliation': 'Dermatology Research Institute, LLC', 'role': 'PRINCIPAL_INVESTIGATOR'}, {'name': 'William P Coleman, MD', 'affiliation': 'Private Practice', 'role': 'PRINCIPAL_INVESTIGATOR'}, {'name': 'Michael Gold, MD', 'affiliation': 'Tennessee Clinical Research Center', 'role': 'PRINCIPAL_INVESTIGATOR'}, {'name': 'Alicia Barba, MD', 'affiliation': 'International Dermatology Research, Inc.', 'role': 'PRINCIPAL_INVESTIGATOR'}, {'name': 'Andrew Alexis, MD', 'affiliation': ""St. Luke's-Roosevelt Hospital Center"", 'role': 'PRINCIPAL_INVESTIGATOR'}, {'name': 'Michael Jarratt, MD', 'affiliation': 'Derm Research, Inc.', 'role': 'PRINCIPAL_INVESTIGATOR'}, {'name': 'Pearl Grimes, MD', 'affiliation': 'Vitiligo & Pigmentation Institute of Southern California', 'role': 'PRINCIPAL_INVESTIGATOR'}, {'name': 'Marta Rendon, MD', 'affiliation': 'Skin Care Research, Inc.', 'role': 'PRINCIPAL_INVESTIGATOR'}, {'name': 'Eduardo Tschen, MD', 'affiliation': 'Academic Dermatology Associates', 'role': 'PRINCIPAL_INVESTIGATOR'}]"
NCT01359735,COMPLETED,8.0,ACTUAL,2017,"I, II, III",1,1,1,0,0,0,Derm Research PLC,Louisville,Kentucky,40217,38.30354490000001,-85.5611766,0.0,0.0,0.0,0.0,16.0,0.0,0.0,"Derm Research PLC, Louisville, Kentucky 40217",DS Research of Kentucky,PHASE2,[],"[{'name': 'Herbert B Slade, MD', 'affiliation': 'Healthpoint', 'role': 'STUDY_CHAIR'}]"
NCT00478751,COMPLETED,22.0,ACTUAL,2024,IV-VI,0,0,0,1,1,1,"Department of Dermatology, Henry Ford Medical Center, 3031 West Grand Boulevard,",Detroit,Michigan,48202,42.3700085,-83.07631529999999,0.0,0.0,0.0,0.0,0.0,0.0,0.0,"Department of Dermatology, Henry Ford Medical Center, 3031 West Grand Boulevard,, Detroit, Michigan 48202",Henry Ford Medical Center - New Center One,N/A,[],"[{'name': 'Iltefat H. Hamzavi, M.D.', 'affiliation': 'Department of Dermatology, Henry Ford Health System', 'role': 'PRINCIPAL_INVESTIGATOR'}]"
NCT04181476,ACTIVE_NOT_RECRUITING,12.0,ACTUAL,2022,III-IV,0,0,1,1,0,0,"Department of Dermatology, Henry Ford Medical Center, 3031 West Grand Boulevard,",Detroit,Michigan,48202,42.3700085,-83.07631529999999,0.0,0.0,0.0,0.0,0.0,0.0,0.0,"Department of Dermatology, Henry Ford Medical Center, 3031 West Grand Boulevard,, Detroit, Michigan 48202",Henry Ford Medical Center - New Center One,PHASE2,[],"[{'name': 'Iltefat Hamzavi, MD', 'affiliation': 'Henry Ford HS', 'role': 'PRINCIPAL_INVESTIGATOR'}]"
NCT01212172,COMPLETED,20.0,ACTUAL,2016,I-V,1,1,1,1,1,0,Department of Dermatology Clinical Research,Irvine,California,92697,33.6434522,-117.8517275,0.0,0.0,0.0,0.0,0.0,0.0,0.0,"Department of Dermatology Clinical Research, Irvine, California 92697",Dermatology Clinical Research Center,PHASE3,[],"[{'name': 'Christopher B Zachary, MBBS, FRCP', 'affiliation': 'University of California, Irvine', 'role': 'PRINCIPAL_INVESTIGATOR'}]"
NCT05091788,RECRUITING,70.0,ESTIMATED,2024,I-IV,1,1,1,1,0,0,DeNova Research,Chicago,Illinois,60611,41.89819670000001,-87.6232271,0.0,0.0,0.0,0.0,0.0,0.0,0.0,"DeNova Research, Chicago, Illinois 60611",DeNova Research,NA,"[{'name': 'Matthew Gronski, PhD', 'role': 'CONTACT', 'phone': '888-907-0115', 'email': 'mgronski@venusconcept.com'}]","[{'name': 'Matthew Gronski, PhD', 'affiliation': 'Venus Concept', 'role': 'STUDY_DIRECTOR'}]"
NCT00891774,COMPLETED,172.0,ACTUAL,2019,"IV, V, VI",0,0,0,1,1,1,Denova Research,Chicago,Illinois,60611,41.89819670000001,-87.6232271,4.0,6.0,0.0,135.0,17.0,0.0,10.0,"Denova Research, Chicago, Illinois 60611",DeNova Research,NA,[],"[{'name': 'David Shoshani, MD', 'affiliation': 'Colbar/OrthoDermatologics', 'role': 'STUDY_DIRECTOR'}]"
NCT06161246,COMPLETED,60.0,ACTUAL,2024,All,1,1,1,1,1,1,DeNova Research,Chicago,Illinois,60611,41.89819670000001,-87.6232271,0.0,0.0,0.0,0.0,0.0,0.0,0.0,"DeNova Research, Chicago, Illinois 60611",DeNova Research,PHASE4,[],[]
NCT01950065,COMPLETED,85.0,ACTUAL,2015,"I, II, III, IV",1,1,1,1,0,0,DeNova Research,Chicago,Illinois,60611,41.89819670000001,-87.6232271,0.0,0.0,0.0,0.0,0.0,0.0,0.0,"DeNova Research, Chicago, Illinois 60611",DeNova Research,NA,[],[]
NCT01225354,COMPLETED,20.0,ACTUAL,2020,I-VI,1,1,1,1,1,1,DeNova Research,Chicago,Illinois,60611,41.89819670000001,-87.6232271,0.0,0.0,0.0,0.0,0.0,0.0,0.0,"DeNova Research, Chicago, Illinois 60611",DeNova Research,PHASE4,[],"[{'name': 'Steven H Dayan, MD', 'affiliation': 'DeNova Research/ Chicago Center for Facial Plastic Surgery', 'role': 'PRINCIPAL_INVESTIGATOR'}]"
NCT00933543,COMPLETED,107.0,ACTUAL,2013,I-VI,1,1,1,1,1,1,DeNova Research,Chicago,Illinois,60611,41.89819670000001,-87.6232271,0.0,0.0,0.0,0.0,0.0,0.0,0.0,"DeNova Research, Chicago, Illinois 60611",DeNova Research,PHASE2,[],"[{'name': 'Lawrence F. Eichenfield, M.D', 'affiliation': ""Children's Specialists of San Diego / Rady Children's Hospital San Diego"", 'role': 'PRINCIPAL_INVESTIGATOR'}]"
NCT04910945,RECRUITING,70.0,ESTIMATED,2024,All,1,1,1,1,1,1,DeNova Research,Chicago,Illinois,60611,41.89819670000001,-87.6232271,0.0,0.0,0.0,0.0,0.0,0.0,0.0,"DeNova Research, Chicago, Illinois 60611",DeNova Research,NA,"[{'name': 'Matthew Gronski, PhD', 'role': 'CONTACT', 'phone': '888-907-0115', 'email': 'mgronski@venusconcept.com'}]","[{'name': 'Matthew Gronski, PhD', 'affiliation': 'Venus Concept', 'role': 'STUDY_DIRECTOR'}]"
NCT06473974,WITHDRAWN,0.0,ACTUAL,2024,I-VI,1,1,1,1,1,1,"Delux Health Centre, LLC,",Miami Lakes,Florida,33014,25.9110044,-80.2948692,0.0,0.0,0.0,0.0,0.0,0.0,0.0,"Delux Health Centre, LLC,, Miami Lakes, Florida 33014",Deluxe Health Center,PHASE2,[],"[{'name': 'Dr. Prayag Shah, MD, MBA', 'affiliation': 'Intra-group cooperation or coordination', 'role': 'STUDY_DIRECTOR'}]"
NCT02526576,COMPLETED,34.0,ACTUAL,2019,I-VI,1,1,1,1,1,1,Delmont Surgery Center,Delmont,Pennsylvania,15601,40.3965897,-79.5668444,0.0,0.0,0.0,0.0,0.0,0.0,0.0,"Delmont Surgery Center, Delmont, Pennsylvania 15601",Delmont Surgery Center,PHASE2,[],"[{'name': 'Shahram Rahimian, MD', 'affiliation': 'Antria', 'role': 'STUDY_DIRECTOR'}]"
NCT02621593,COMPLETED,44.0,ACTUAL,2017,I-IV,1,1,1,1,0,0,Dell Laser Consultants,Austin,Texas,78746,30.2645305,-97.7809206,0.0,0.0,0.0,0.0,0.0,0.0,0.0,"Dell Laser Consultants, Austin, Texas 78746",Dell Laser Consultants - Austin Location,NA,[],"[{'name': 'Steven Dell, MD', 'affiliation': 'Medical Director, Dell LAser Consultants', 'role': 'PRINCIPAL_INVESTIGATOR'}]"
NCT01347879,COMPLETED,153.0,ACTUAL,2014,I-VI,1,1,1,1,1,1,Deaconess Clinic Inc,Evansville,Indiana,47713,37.98309740000001,-87.5712537,0.0,0.0,0.0,0.0,0.0,0.0,0.0,"Deaconess Clinic Inc, Evansville, Indiana 47713",Deaconess Clinic - Mary Street,PHASE2,[],"[{'name': 'David Pariser, MD', 'affiliation': 'Virginia Clinical Research, Inc.', 'role': 'PRINCIPAL_INVESTIGATOR'}]"
NCT01796626,COMPLETED,36.0,ACTUAL,2014,I-IV,1,1,1,1,0,0,DCLA,San Diego,California,,32.875663,-117.2133647,0.0,0.0,0.0,0.0,0.0,0.0,0.0,"DCLA, San Diego, California",Cosmetic Laser Dermatology,NA,[],"[{'name': 'Mitchel P Goldman, MD', 'affiliation': 'DCLA', 'role': 'PRINCIPAL_INVESTIGATOR'}, {'name': 'Arielle NB Kauvar, MD', 'affiliation': 'New York Laser & Skin Care', 'role': 'STUDY_DIRECTOR'}]"
NCT06778434,RECRUITING,24.0,ESTIMATED,2025,"I, II",1,1,0,0,0,0,"Dayton VA Medical Center, Dayton, OH",Dayton,Ohio,45428,39.7428207,-84.26476199999999,0.0,0.0,0.0,0.0,0.0,0.0,0.0,"Dayton VA Medical Center, Dayton, OH, Dayton, Ohio 45428",Dayton VA Medical Center,PHASE2,"[{'name': 'Craig A Rohan, MD', 'role': 'CONTACT', 'phone': '(937) 245-7500', 'email': 'craig.rohan@va.gov'}, {'name': 'Jeffrey Travers, MD', 'role': 'CONTACT', 'phone': '(937) 268-6511', 'email': 'Jeffrey.Travers@va.gov'}]","[{'name': 'Jeffrey Travers, MD', 'affiliation': 'Dayton VA Medical Center, Dayton, OH', 'role': 'PRINCIPAL_INVESTIGATOR'}]"
NCT03906253,RECRUITING,72.0,ESTIMATED,2025,"I, II",1,1,0,0,0,0,Dayton VA Medical Center,Dayton,Ohio,45428,39.7428207,-84.26476199999999,0.0,0.0,0.0,0.0,0.0,0.0,0.0,"Dayton VA Medical Center, Dayton, Ohio 45428",Dayton VA Medical Center,NA,"[{'name': 'Manager, Clinical Research Operations', 'role': 'CONTACT', 'phone': '937-245-7500', 'email': 'pturesearch@wrightstatephysicians.org'}, {'name': 'Regulatory Specialist', 'role': 'CONTACT', 'phone': '937-245-7500', 'email': 'pturesearch@wrightstatephysicians.org'}]","[{'name': 'Jeffrey B Travers, MD, PhD', 'affiliation': 'Wright State University', 'role': 'PRINCIPAL_INVESTIGATOR'}]"
NCT05372419,COMPLETED,90.0,ACTUAL,2025,IV-VI,0,0,0,1,1,1,"Dawes Fretzin Clinical Research Group, LLC",Indianapolis,Indiana,46250,39.8981433,-86.04689719999999,6.0,10.0,4.0,70.0,0.0,0.0,0.0,"Dawes Fretzin Clinical Research Group, LLC, Indianapolis, Indiana 46250",Dawes Fretzin Clinical Research Group,PHASE3,[],"[{'name': 'Call 1-877-CTLILLY (1-877-285-4559) or 1-317-615-4559 Mon - Fri 9 AM - 5 PM Eastern time (UTC/GMT - 5 hours, EST)', 'affiliation': 'Eli Lilly and Company', 'role': 'STUDY_DIRECTOR'}]"
NCT06477172,RECRUITING,500.0,ESTIMATED,2025,All,1,1,1,1,1,1,Davis Cosmedic Plastic Surgery,Cherry Hill,New Jersey,08003,39.90279049999999,-74.9648788,0.0,0.0,0.0,0.0,0.0,0.0,0.0,"Davis Cosmedic Plastic Surgery, Cherry Hill, New Jersey 08003",Davis Cosmetic Plastic Surgery,N/A,"[{'name': 'Lisa Campbell, PhD', 'role': 'CONTACT', 'phone': '858-997-7447', 'email': 'lisa.campbell@acorn.me'}]","[{'name': 'Drew Taylor, PhD', 'affiliation': 'Acorn Biolabs', 'role': 'STUDY_CHAIR'}]"
NCT00702507,COMPLETED,200.0,ACTUAL,2012,I-VI,1,1,1,1,1,1,"David Rodriguez, MD",Coral Gables,Florida,33134,25.7527338,-80.2582304,0.0,0.0,0.0,0.0,0.0,0.0,0.0,"David Rodriguez, MD, Coral Gables, Florida 33134","Dadeland Dermatology Group: David Rodriguez, MD",PHASE4,[],"[{'name': 'GSK Clinical Trials', 'affiliation': 'GlaxoSmithKline', 'role': 'STUDY_DIRECTOR'}]"
NCT00981461,COMPLETED,72.0,ACTUAL,2012,I-IV,1,1,1,1,0,0,"David Goldberg, MD",Hackensack,New Jersey,,40.883251,-74.0570006,0.0,0.0,0.0,0.0,0.0,0.0,0.0,"David Goldberg, MD, Hackensack, New Jersey","David J Goldberg, MD, JD",NA,[],"[{'name': 'Michael Jarratt, M.D.', 'affiliation': 'DermaResearch, Inc.', 'role': 'PRINCIPAL_INVESTIGATOR'}, {'name': 'Abe Marcadis, M.D.', 'affiliation': 'Palm Beach Research Center', 'role': 'PRINCIPAL_INVESTIGATOR'}, {'name': 'David Goldberg, M.D.', 'affiliation': 'Hackensack, NJ', 'role': 'PRINCIPAL_INVESTIGATOR'}, {'name': 'Neil S Sadick, MD', 'affiliation': 'Sadick Research Group', 'role': 'PRINCIPAL_INVESTIGATOR'}, {'name': 'Jose Mendez, DO', 'affiliation': 'International Dermatology Research, Inc.', 'role': 'PRINCIPAL_INVESTIGATOR'}, {'name': 'Janet Hickman, MD', 'affiliation': 'The Education and Researvh Foundation', 'role': 'PRINCIPAL_INVESTIGATOR'}]"
NCT00947219,COMPLETED,79.0,ACTUAL,2013,I-IV,1,1,1,1,0,0,"David Goldberg, M.D.",Hackensack,New Jersey,07601,40.883251,-74.0570006,0.0,0.0,0.0,0.0,0.0,0.0,0.0,"David Goldberg, M.D., Hackensack, New Jersey 07601","David J Goldberg, MD, JD",NA,[],"[{'name': 'Zoe Draelos, MD', 'affiliation': 'High Point, NC', 'role': 'PRINCIPAL_INVESTIGATOR'}, {'name': 'David Goldberg, M.D.', 'affiliation': 'Skin & Laser', 'role': 'PRINCIPAL_INVESTIGATOR'}, {'name': 'Abe Marcadis, M.D.', 'affiliation': 'Palm Beach Research', 'role': 'PRINCIPAL_INVESTIGATOR'}]"
NCT03340532,COMPLETED,266.0,ACTUAL,2022,I-IV,1,1,1,1,0,0,Dana Farber Cancer Institute,Boston,Massachusetts,02115,42.3377821,-71.1080088,0.0,0.0,0.0,0.0,0.0,0.0,0.0,"Dana Farber Cancer Institute, Boston, Massachusetts 02115",Dana-Farber Cancer Institute,NA,[],"[{'name': 'Christopher Recklitis, MD', 'affiliation': 'Dana-Farber Cancer Institute', 'role': 'PRINCIPAL_INVESTIGATOR'}]"
NCT06421207,COMPLETED,6.0,ACTUAL,2024,I-VI,1,1,1,1,1,1,Dallas Plastic Surgery Institute,Dallas,Texas,75231,32.872428,-96.77128,0.0,0.0,0.0,0.0,0.0,0.0,0.0,"Dallas Plastic Surgery Institute, Dallas, Texas 75231",Dallas Plastic Surgery Institute,NA,[],"[{'name': 'Rod Rohrich, MD', 'affiliation': 'Dallas Plastic Surgery Institute', 'role': 'PRINCIPAL_INVESTIGATOR'}]"
NCT06502470,COMPLETED,3.0,ACTUAL,2024,I-VI,1,1,1,1,1,1,Dallas Plastic Surgery Institute,Dallas,Texas,75231,32.872428,-96.77128,0.0,0.0,0.0,0.0,0.0,0.0,0.0,"Dallas Plastic Surgery Institute, Dallas, Texas 75231",Dallas Plastic Surgery Institute,NA,[],"[{'name': 'Jill Edgecombe', 'affiliation': 'Cytrellis Biosystems, Inc.', 'role': 'STUDY_DIRECTOR'}]"
NCT03793348,UNKNOWN,35.0,ESTIMATED,2019,I-IV,1,1,1,1,0,0,Dallas Plastic Surgery Institute,Dallas,Texas,75231,32.872428,-96.77128,0.0,0.0,0.0,0.0,0.0,0.0,0.0,"Dallas Plastic Surgery Institute, Dallas, Texas 75231",Dallas Plastic Surgery Institute,NA,[],[]
NCT06477172,RECRUITING,500.0,ESTIMATED,2025,All,1,1,1,1,1,1,Dallas Plastic Surgery Institute,Dallas,Texas,75225,32.872428,-96.77128,0.0,0.0,0.0,0.0,0.0,0.0,0.0,"Dallas Plastic Surgery Institute, Dallas, Texas 75225",Dallas Plastic Surgery Institute,N/A,"[{'name': 'Lisa Campbell, PhD', 'role': 'CONTACT', 'phone': '858-997-7447', 'email': 'lisa.campbell@acorn.me'}]","[{'name': 'Drew Taylor, PhD', 'affiliation': 'Acorn Biolabs', 'role': 'STUDY_CHAIR'}]"
NCT01950065,COMPLETED,85.0,ACTUAL,2015,"I, II, III, IV",1,1,1,1,0,0,Dallas Plastic Surgery Institute,Dallas,Texas,75231,32.872428,-96.77128,0.0,0.0,0.0,0.0,0.0,0.0,0.0,"Dallas Plastic Surgery Institute, Dallas, Texas 75231",Dallas Plastic Surgery Institute,NA,[],[]
NCT00450775,COMPLETED,12.0,ESTIMATED,2008,All,1,1,1,1,1,1,Dadeland Dermatology,Coral Gables,Florida,33134,25.7527338,-80.2582304,0.0,0.0,0.0,0.0,0.0,0.0,0.0,"Dadeland Dermatology, Coral Gables, Florida 33134","Dadeland Dermatology Group: David Rodriguez, MD",PHASE4,[],"[{'name': 'David Rodriguez, MD', 'affiliation': 'Dadeland Dermatology', 'role': 'PRINCIPAL_INVESTIGATOR'}]"
NCT05987319,RECRUITING,20.0,ESTIMATED,2024,I-VI,1,1,1,1,1,1,"Cynosure, Inc.",Westford,Massachusetts,01886,42.5640113,-71.4232466,0.0,0.0,0.0,0.0,0.0,0.0,0.0,"Cynosure, Inc., Westford, Massachusetts 01886",Cynosure,NA,"[{'name': 'Jamie Trimper', 'role': 'CONTACT', 'phone': '9782564200', 'email': 'jamie.trimper@cynosure.com'}]",[]
NCT06023303,COMPLETED,8.0,ACTUAL,2024,I-VI,1,1,1,1,1,1,"Cynosure, Inc",Westford,Massachusetts,01886,42.5640113,-71.4232466,0.0,0.0,0.0,0.0,0.0,0.0,0.0,"Cynosure, Inc, Westford, Massachusetts 01886",Cynosure,NA,[],"[{'name': 'Sean Doherty', 'affiliation': 'Cynosure, LLC', 'role': 'PRINCIPAL_INVESTIGATOR'}]"
NCT01813760,COMPLETED,60.0,ACTUAL,2014,I-VI,1,1,1,1,1,1,"Cynosure, Inc",Westford,Massachusetts,01886,42.5640113,-71.4232466,0.0,0.0,0.0,0.0,0.0,0.0,0.0,"Cynosure, Inc, Westford, Massachusetts 01886",Cynosure,NA,[],"[{'name': 'Patricia Krantz', 'affiliation': 'Cynosure, Inc.', 'role': 'STUDY_DIRECTOR'}]"
NCT05097157,COMPLETED,79.0,ACTUAL,2022,I-VI,1,1,1,1,1,1,Cynosure,Westford,Massachusetts,01886,42.5640113,-71.4232466,0.0,0.0,0.0,0.0,0.0,0.0,0.0,"Cynosure, Westford, Massachusetts 01886",Cynosure,NA,[],"[{'name': 'Jennifer Civiok', 'affiliation': 'Cynosure, Inc.', 'role': 'STUDY_DIRECTOR'}, {'name': 'Sean Doherty', 'affiliation': 'Cynosure, Inc.', 'role': 'PRINCIPAL_INVESTIGATOR'}, {'name': 'Robert Weiss', 'affiliation': 'Maryland Dermatology Laser, Skin, & Vein Institute, LLC', 'role': 'PRINCIPAL_INVESTIGATOR'}, {'name': 'Emil Tanghetti', 'affiliation': 'Center for Dermatology and Laser Surgery', 'role': 'PRINCIPAL_INVESTIGATOR'}, {'name': 'David McDaniel', 'affiliation': 'McDaniel Institute of Anti-Aging Research', 'role': 'PRINCIPAL_INVESTIGATOR'}]"
NCT03470012,COMPLETED,24.0,ACTUAL,2024,"I, II, III",1,1,1,0,0,0,"cyberDERM, inc.",Broomall,Pennsylvania,19008,39.9580246,-75.3354895,0.0,0.0,0.0,0.0,24.0,0.0,0.0,"cyberDERM, inc., Broomall, Pennsylvania 19008","cyberDERM, inc.",NA,[],"[{'name': 'Gary L Grove, PhD', 'affiliation': 'Study Investigator', 'role': 'PRINCIPAL_INVESTIGATOR'}]"
NCT00964366,COMPLETED,53.0,ACTUAL,2017,"I, II, III",1,1,1,0,0,0,cyberDERM,Broomall,Pennsylvania,19008,39.9580246,-75.3354895,0.0,0.0,0.0,0.0,0.0,0.0,0.0,"cyberDERM, Broomall, Pennsylvania 19008","cyberDERM, inc.",PHASE4,[],"[{'name': 'GSK Clinical Trials', 'affiliation': 'GlaxoSmithKline', 'role': 'STUDY_DIRECTOR'}]"
NCT01354106,COMPLETED,26.0,ACTUAL,2024,"I, II, III",1,1,1,0,0,0,cyberDERM,Broomall,Pennsylvania,19008,39.9580246,-75.3354895,0.0,0.0,0.0,0.0,0.0,0.0,0.0,"cyberDERM, Broomall, Pennsylvania 19008","cyberDERM, inc.",NA,[],"[{'name': 'Gary L Grove, PhD', 'affiliation': 'cyberDERM', 'role': 'PRINCIPAL_INVESTIGATOR'}]"
NCT02910492,COMPLETED,10.0,ACTUAL,2023,I-VI,1,1,1,1,1,1,Cutera Research Clinic,Brisbane,California,94005,37.6942526,-122.4068179,0.0,8.0,0.0,0.0,2.0,0.0,0.0,"Cutera Research Clinic, Brisbane, California 94005","Cutera, Inc.",NA,[],"[{'name': 'Stephen Ronan, MD', 'affiliation': 'Cutera Research Center', 'role': 'PRINCIPAL_INVESTIGATOR'}, {'name': 'Omar Ibrahimi, MD', 'affiliation': 'Connecticut Skin Institute', 'role': 'PRINCIPAL_INVESTIGATOR'}]"
NCT02935660,COMPLETED,27.0,ACTUAL,2023,I-VI,1,1,1,1,1,1,Cutera Research Clinic,Brisbane,California,94005,37.6942526,-122.4068179,0.0,3.0,2.0,1.0,21.0,0.0,0.0,"Cutera Research Clinic, Brisbane, California 94005","Cutera, Inc.",NA,[],[]
NCT01885871,COMPLETED,20.0,ACTUAL,2018,I-III,1,1,1,0,0,0,Cutera Research Center,Brisbane,California,94005,37.6942526,-122.4068179,0.0,0.0,0.0,0.0,20.0,0.0,0.0,"Cutera Research Center, Brisbane, California 94005","Cutera, Inc.",NA,[],"[{'name': 'Lourdes Moldre, NP', 'affiliation': 'Cutera Inc.', 'role': 'PRINCIPAL_INVESTIGATOR'}]"
NCT03285581,COMPLETED,39.0,ACTUAL,2023,I-VI,1,1,1,1,1,1,Cutera Research Center,Brisbane,California,94005,37.6942526,-122.4068179,0.0,0.0,0.0,0.0,38.0,1.0,0.0,"Cutera Research Center, Brisbane, California 94005","Cutera, Inc.",NA,[],"[{'name': 'Stephen Ronan, M.D.', 'affiliation': 'Cutera Research Center', 'role': 'PRINCIPAL_INVESTIGATOR'}, {'name': 'Daniel Friedmann, M.D.', 'affiliation': 'Westlake Dermatology', 'role': 'PRINCIPAL_INVESTIGATOR'}]"
NCT03424304,COMPLETED,20.0,ACTUAL,2023,I-VI,1,1,1,1,1,1,Cutera Research Center,Brisbane,California,94005,37.6942526,-122.4068179,1.0,5.0,0.0,0.0,14.0,0.0,0.0,"Cutera Research Center, Brisbane, California 94005","Cutera, Inc.",NA,[],"[{'name': 'Stephen Ronan, MD', 'affiliation': 'Cutera Research Center', 'role': 'PRINCIPAL_INVESTIGATOR'}]"
NCT02756806,TERMINATED,7.0,ACTUAL,2023,I-VI,1,1,1,1,1,1,Cutera Research Center,Brisbane,California,94005,37.6942526,-122.4068179,0.0,0.0,0.0,5.0,2.0,0.0,0.0,"Cutera Research Center, Brisbane, California 94005","Cutera, Inc.",NA,[],"[{'name': 'Lourdes Moldre, NP', 'affiliation': 'Cutera Inc.', 'role': 'PRINCIPAL_INVESTIGATOR'}]"
NCT02873104,COMPLETED,70.0,ACTUAL,2018,I-VI,1,1,1,1,1,1,Cutera Research Center,Brisbane,California,94005,37.6942526,-122.4068179,0.0,0.0,0.0,0.0,0.0,0.0,0.0,"Cutera Research Center, Brisbane, California 94005","Cutera, Inc.",NA,[],[]
NCT03433417,COMPLETED,12.0,ACTUAL,2023,I-VI,1,1,1,1,1,1,Cutera Research Center,Brisbane,California,94005,37.6942526,-122.4068179,0.0,2.0,0.0,1.0,9.0,0.0,0.0,"Cutera Research Center, Brisbane, California 94005","Cutera, Inc.",NA,[],"[{'name': 'Stephen Ronan, MD', 'affiliation': 'Cutera Research Center', 'role': 'PRINCIPAL_INVESTIGATOR'}]"
NCT03018587,COMPLETED,23.0,ACTUAL,2023,I-VI,1,1,1,1,1,1,Cutera Research Center,Brisbane,California,94005,37.6942526,-122.4068179,0.0,5.0,2.0,0.0,12.0,0.0,4.0,"Cutera Research Center, Brisbane, California 94005","Cutera, Inc.",NA,[],"[{'name': 'Stephen Ronan, M.D.', 'affiliation': 'Principal Investigator', 'role': 'PRINCIPAL_INVESTIGATOR'}]"
NCT03284333,COMPLETED,45.0,ACTUAL,2023,I-VI,1,1,1,1,1,1,Cutera Research Center,Brisbane,California,94005,37.6942526,-122.4068179,1.0,10.0,2.0,1.0,28.0,1.0,0.0,"Cutera Research Center, Brisbane, California 94005","Cutera, Inc.",NA,[],"[{'name': 'Stephen Ronan, M.D.', 'affiliation': 'Cutera Research Center', 'role': 'PRINCIPAL_INVESTIGATOR'}, {'name': 'Neil Sadick, M.D.', 'affiliation': 'Sadick Dermatology/Sadick Research Center', 'role': 'PRINCIPAL_INVESTIGATOR'}]"
NCT04695691,COMPLETED,104.0,ACTUAL,2023,I-VI,1,1,1,1,1,1,Cutera Research Center,Brisbane,California,94005,37.6942526,-122.4068179,0.0,0.0,0.0,0.0,0.0,0.0,0.0,"Cutera Research Center, Brisbane, California 94005","Cutera, Inc.",NA,[],[]
NCT03430921,COMPLETED,4.0,ACTUAL,2023,I-VI,1,1,1,1,1,1,Cutera Research Center,Brisbane,California,94005,37.6942526,-122.4068179,0.0,2.0,0.0,0.0,2.0,0.0,0.0,"Cutera Research Center, Brisbane, California 94005","Cutera, Inc.",NA,[],"[{'name': 'Stephen Ronan, M.D.', 'affiliation': 'Cutera Research Center', 'role': 'PRINCIPAL_INVESTIGATOR'}]"
NCT03424148,COMPLETED,10.0,ACTUAL,2023,I-VI,1,1,1,1,1,1,Cutera Research Center,Brisbane,California,94005,37.6942526,-122.4068179,0.0,0.0,0.0,0.0,10.0,0.0,0.0,"Cutera Research Center, Brisbane, California 94005","Cutera, Inc.",NA,[],[]
NCT03290547,COMPLETED,22.0,ACTUAL,2023,I-VI,1,1,1,1,1,1,Cutera Research Center,Brisbane,California,94005,37.6942526,-122.4068179,0.0,0.0,0.0,0.0,0.0,0.0,0.0,"Cutera Research Center, Brisbane, California 94005","Cutera, Inc.",NA,[],"[{'name': 'Stephen Ronan, M.D.', 'affiliation': 'Cutera Research Center', 'role': 'PRINCIPAL_INVESTIGATOR'}, {'name': 'Jeffrey Dover, M.D.', 'affiliation': 'Skin Care Physicians', 'role': 'PRINCIPAL_INVESTIGATOR'}]"
NCT02635880,COMPLETED,32.0,ACTUAL,2018,I-III,1,1,1,0,0,0,Cutera Research Center,Brisbane,California,94005,37.6942526,-122.4068179,0.0,0.0,0.0,0.0,0.0,0.0,0.0,"Cutera Research Center, Brisbane, California 94005","Cutera, Inc.",NA,[],"[{'name': 'Lourdes Moldre, NP', 'affiliation': 'Cutera Inc.', 'role': 'PRINCIPAL_INVESTIGATOR'}]"
NCT02888626,COMPLETED,7.0,ACTUAL,2023,I-VI,1,1,1,1,1,1,Cutera Research Center,Brisbane,California,94005,37.6942526,-122.4068179,0.0,3.0,0.0,0.0,4.0,0.0,0.0,"Cutera Research Center, Brisbane, California 94005","Cutera, Inc.",NA,[],"[{'name': 'Stephen Ronan, MD', 'affiliation': 'P.I.', 'role': 'PRINCIPAL_INVESTIGATOR'}]"
NCT05372419,COMPLETED,90.0,ACTUAL,2025,IV-VI,0,0,0,1,1,1,Cura Clinical Research,Palmdale,California,93551,34.57943,-118.11646,6.0,10.0,4.0,70.0,0.0,0.0,0.0,"Cura Clinical Research, Palmdale, California 93551",NO_RESULTS_FOUND,PHASE3,[],"[{'name': 'Call 1-877-CTLILLY (1-877-285-4559) or 1-317-615-4559 Mon - Fri 9 AM - 5 PM Eastern time (UTC/GMT - 5 hours, EST)', 'affiliation': 'Eli Lilly and Company', 'role': 'STUDY_DIRECTOR'}]"
NCT05372419,COMPLETED,90.0,ACTUAL,2025,IV-VI,0,0,0,1,1,1,Cura Clinical Research,Sherman Oaks,California,91403,34.1615021,-118.4483129,6.0,10.0,4.0,70.0,0.0,0.0,0.0,"Cura Clinical Research, Sherman Oaks, California 91403",Schuster Medical Research,PHASE3,[],"[{'name': 'Call 1-877-CTLILLY (1-877-285-4559) or 1-317-615-4559 Mon - Fri 9 AM - 5 PM Eastern time (UTC/GMT - 5 hours, EST)', 'affiliation': 'Eli Lilly and Company', 'role': 'STUDY_DIRECTOR'}]"
NCT00473317,COMPLETED,6.0,ACTUAL,2008,I-III,1,1,1,0,0,0,Creighton University,Omaha,Nebraska,68131,41.2655521,-95.9462807,0.0,0.0,0.0,0.0,0.0,0.0,0.0,"Creighton University, Omaha, Nebraska 68131",Creighton University,NA,[],"[{'name': 'Laura A Armas, MD', 'affiliation': 'Creighton University', 'role': 'PRINCIPAL_INVESTIGATOR'}]"
NCT02321644,COMPLETED,26.0,ACTUAL,2015,"I, II",1,1,0,0,0,0,Covance-Daytona Beach,Daytona Beach,Florida,32117,29.2128849,-81.0827255,0.0,0.0,0.0,0.0,0.0,0.0,0.0,"Covance-Daytona Beach, Daytona Beach, Florida 32117",Covance,PHASE1,[],"[{'name': 'Daniel Weiss, MD', 'affiliation': 'Celgene Corporation', 'role': 'STUDY_DIRECTOR'}]"
NCT06333067,RECRUITING,100.0,ESTIMATED,2025,I-VI,1,1,1,1,1,1,Costal Skin & Eye Institute,La Mesa,California,91942,32.7824936,-117.0066662,0.0,0.0,0.0,0.0,0.0,0.0,0.0,"Costal Skin & Eye Institute, La Mesa, California 91942",Coastal Skin and Eye Institute,NA,"[{'name': 'Shlomit Mann, MSc', 'role': 'CONTACT', 'phone': '+972-4-7800268', 'email': 'Shlomit@sofwave.com'}, {'name': 'Ruthie Amir, MD', 'role': 'CONTACT', 'phone': '+972-4-300-3164', 'email': 'Ruthie@sofwave.com'}]",[]
NCT05359419,UNKNOWN,20.0,ESTIMATED,2022,I-IV,1,1,1,1,0,0,Cosmetic Laser Dermatology/West Dermatology Research Center,San Diego,California,92121,32.875663,-117.2133647,0.0,0.0,0.0,0.0,0.0,0.0,0.0,"Cosmetic Laser Dermatology/West Dermatology Research Center, San Diego, California 92121",Cosmetic Laser Dermatology,PHASE4,"[{'name': 'Andrea Pacheco', 'role': 'CONTACT', 'phone': '8586571004', 'email': 'APacheco@CLDerm.com'}, {'name': 'Sherif Mikhail, MD', 'role': 'CONTACT', 'phone': '8586571004', 'email': 'SMikhail@Westderm.com'}]",[]
NCT04096742,UNKNOWN,40.0,ESTIMATED,2021,I-VI,1,1,1,1,1,1,Cosmetic Laser Dermatology/West Dermatology Research Center,San Diego,California,92121,32.875663,-117.2133647,0.0,0.0,0.0,0.0,0.0,0.0,0.0,"Cosmetic Laser Dermatology/West Dermatology Research Center, San Diego, California 92121",Cosmetic Laser Dermatology,PHASE4,[],"[{'name': 'Sabrina Fabi, MD', 'affiliation': 'Cosmetic Laser Dermatology', 'role': 'PRINCIPAL_INVESTIGATOR'}]"
NCT04214873,COMPLETED,8.0,ACTUAL,2023,I-IV,1,1,1,1,0,0,"Cosmetic Laser Dermatology, A West Dermatology Company",San Diego,California,92121,32.875663,-117.2133647,0.0,0.0,0.0,0.0,0.0,0.0,0.0,"Cosmetic Laser Dermatology, A West Dermatology Company, San Diego, California 92121",Cosmetic Laser Dermatology,NA,[],[]
NCT03639883,COMPLETED,16.0,ACTUAL,2024,I-IV,1,1,1,1,0,0,Cosmetic Laser Dermatology,San Diego,California,92121,32.875663,-117.2133647,0.0,0.0,0.0,0.0,0.0,0.0,0.0,"Cosmetic Laser Dermatology, San Diego, California 92121",Cosmetic Laser Dermatology,"PHASE1, PHASE2",[],"[{'name': 'James Milbauer, MD', 'affiliation': 'Novella Clinical', 'role': 'STUDY_DIRECTOR'}]"
NCT02681224,COMPLETED,17.0,ACTUAL,2017,I-IV,1,1,1,1,0,0,Cosmetic Laser Dermatology,San Diego,California,92121,32.875663,-117.2133647,0.0,0.0,0.0,0.0,0.0,0.0,0.0,"Cosmetic Laser Dermatology, San Diego, California 92121",Cosmetic Laser Dermatology,NA,[],"[{'name': 'Mitchel P Goldman, MD', 'affiliation': 'Cosmetic Laser Dermatology', 'role': 'PRINCIPAL_INVESTIGATOR'}]"
NCT04137263,COMPLETED,24.0,ACTUAL,2024,I-VI,1,1,1,1,1,1,Cosmetic Laser Dermatology,San Diego,California,92121,32.875663,-117.2133647,0.0,0.0,0.0,0.0,0.0,0.0,0.0,"Cosmetic Laser Dermatology, San Diego, California 92121",Cosmetic Laser Dermatology,NA,[],"[{'name': 'Monica Boen, M.D.', 'affiliation': 'Cosmetic Laser Dermatology', 'role': 'PRINCIPAL_INVESTIGATOR'}]"
NCT03559972,COMPLETED,40.0,ACTUAL,2019,I-VI,1,1,1,1,1,1,Cosmetic Laser Dermatology,San Diego,California,92121,32.875663,-117.2133647,0.0,0.0,0.0,0.0,0.0,0.0,0.0,"Cosmetic Laser Dermatology, San Diego, California 92121",Cosmetic Laser Dermatology,NA,[],"[{'name': 'Elizabeth Makino', 'affiliation': 'Allergan', 'role': 'STUDY_DIRECTOR'}]"
NCT01597323,COMPLETED,61.0,ACTUAL,2019,I-VI,1,1,1,1,1,1,Cosmetic & Reconstructive Plastic Surgery,Great Neck,New York,11021,40.775226,-73.7315583,0.0,0.0,0.0,0.0,0.0,0.0,0.0,"Cosmetic & Reconstructive Plastic Surgery, Great Neck, New York 11021",Plastic Surgery of New York,N/A,[],"[{'name': 'Alan H Gold, MD', 'affiliation': 'Board Certified Plastic Surgeon, American Board of Plastic Surgeons', 'role': 'PRINCIPAL_INVESTIGATOR'}, {'name': 'Robert Weiss, MD', 'affiliation': 'Board Certified Dermatologist, American Board of Medical Specialties', 'role': 'PRINCIPAL_INVESTIGATOR'}, {'name': 'Jason N Pozner, MD', 'affiliation': 'Board Certified Plastic Surgeon, American Board of Plastic Surgeons', 'role': 'PRINCIPAL_INVESTIGATOR'}]"
NCT04185909,COMPLETED,55.0,ACTUAL,2022,III,0,0,1,0,0,0,Contemporary Plastic Surgery,Jacksonville,Florida,32216,30.2556779,-81.5851059,0.0,0.0,0.0,0.0,55.0,0.0,0.0,"Contemporary Plastic Surgery, Jacksonville, Florida 32216","Contemporary Plastic Surgery: Vaishali B. Doolabh, MD, FACS",NA,[],"[{'name': 'Edward Zimmerman, MD', 'affiliation': 'Aesthetic Revolution Las Vegas', 'role': 'PRINCIPAL_INVESTIGATOR'}]"
NCT04356456,WITHDRAWN,0.0,ACTUAL,2020,"II, III",0,1,1,0,0,0,Consumer product testing (CPT),Fairfield,New Jersey,07004,40.880878,-74.276645,0.0,0.0,0.0,0.0,0.0,0.0,0.0,"Consumer product testing (CPT), Fairfield, New Jersey 07004","Consumer Product Testing Company, Inc.",NA,[],"[{'name': 'Michael Caswell, PhD', 'affiliation': 'CPT', 'role': 'PRINCIPAL_INVESTIGATOR'}]"
NCT02910492,COMPLETED,10.0,ACTUAL,2023,I-VI,1,1,1,1,1,1,Connecticut Skin Institute,Stamford,Connecticut,06905,41.0698574,-73.5490003,0.0,8.0,0.0,0.0,2.0,0.0,0.0,"Connecticut Skin Institute, Stamford, Connecticut 06905",Connecticut Skin Institute,NA,[],"[{'name': 'Stephen Ronan, MD', 'affiliation': 'Cutera Research Center', 'role': 'PRINCIPAL_INVESTIGATOR'}, {'name': 'Omar Ibrahimi, MD', 'affiliation': 'Connecticut Skin Institute', 'role': 'PRINCIPAL_INVESTIGATOR'}]"
NCT02910505,COMPLETED,8.0,ACTUAL,2023,I-VI,1,1,1,1,1,1,Connecticut Skin Institute,Stamford,Connecticut,06905,41.0698574,-73.5490003,0.0,0.0,0.0,1.0,7.0,0.0,0.0,"Connecticut Skin Institute, Stamford, Connecticut 06905",Connecticut Skin Institute,NA,[],"[{'name': 'Omar Ibrahimi, MD', 'affiliation': 'Connecticut Skin Institute', 'role': 'PRINCIPAL_INVESTIGATOR'}]"
NCT06157567,ACTIVE_NOT_RECRUITING,500.0,ESTIMATED,2025,I-VI,1,1,1,1,1,1,Concierge Medical Arts,Fayetteville,North Carolina,28306,35.0548026,-78.8971966,0.0,0.0,0.0,0.0,0.0,0.0,0.0,"Concierge Medical Arts, Fayetteville, North Carolina 28306",Concierge Medical Arts,NA,[],"[{'name': 'Konika Schallen, MD', 'affiliation': 'Candela Institue for Exellence', 'role': 'PRINCIPAL_INVESTIGATOR'}]"
NCT05372419,COMPLETED,90.0,ACTUAL,2025,IV-VI,0,0,0,1,1,1,Complete Dermatology,Sugar Land,Texas,77479,29.5878847,-95.6427225,6.0,10.0,4.0,70.0,0.0,0.0,0.0,"Complete Dermatology, Sugar Land, Texas 77479",Complete Dermatology in Sugar Land,PHASE3,[],"[{'name': 'Call 1-877-CTLILLY (1-877-285-4559) or 1-317-615-4559 Mon - Fri 9 AM - 5 PM Eastern time (UTC/GMT - 5 hours, EST)', 'affiliation': 'Eli Lilly and Company', 'role': 'STUDY_DIRECTOR'}]"
NCT02143960,COMPLETED,10.0,ACTUAL,2014,I-VI,1,1,1,1,1,1,Coleman Center for Cosmetic Dermatologic Surgery,Metairie,Louisiana,70006,30.0184175,-90.1976653,0.0,0.0,0.0,0.0,0.0,0.0,0.0,"Coleman Center for Cosmetic Dermatologic Surgery, Metairie, Louisiana 70006",Coleman Center for Cosmetic Dermatologic Surgery,NA,[],"[{'name': 'Shlomit Mann', 'affiliation': 'Syneron Medical Ltd.', 'role': 'STUDY_DIRECTOR'}]"
NCT02488083,UNKNOWN,60.0,ESTIMATED,2016,I-VI,1,1,1,1,1,1,Coleman Center for Cosmetic Dermatologic Surgery,Metairie,Louisiana,70006,30.0184175,-90.1976653,0.0,0.0,0.0,0.0,0.0,0.0,0.0,"Coleman Center for Cosmetic Dermatologic Surgery, Metairie, Louisiana 70006",Coleman Center for Cosmetic Dermatologic Surgery,NA,"[{'name': 'Robert Weiss, MD', 'role': 'CONTACT', 'phone': '410-666-3960', 'email': ''}]","[{'name': 'Robert Weiss, MD', 'affiliation': 'Maryland Laser Skin and Vein Institute', 'role': 'PRINCIPAL_INVESTIGATOR'}]"
NCT02465775,UNKNOWN,60.0,ESTIMATED,2016,I-VI,1,1,1,1,1,1,Coleman Center for Cosmetic Dermatologic Surgery,Metairie,Louisiana,70006,30.0184175,-90.1976653,0.0,0.0,0.0,0.0,0.0,0.0,0.0,"Coleman Center for Cosmetic Dermatologic Surgery, Metairie, Louisiana 70006",Coleman Center for Cosmetic Dermatologic Surgery,NA,"[{'name': 'Robert Weiss, MD', 'role': 'CONTACT', 'phone': '410-666-3960', 'email': ''}]","[{'name': 'Robert Weiss, MD', 'affiliation': '54 Scot Adams Road, Hunt Valley Baltimore USA', 'role': 'PRINCIPAL_INVESTIGATOR'}, {'name': 'William P. Colem, MD', 'affiliation': 'Coleman Center for Cosmetic Dermatologic Surgery', 'role': 'PRINCIPAL_INVESTIGATOR'}]"
NCT06109649,ACTIVE_NOT_RECRUITING,200.0,ESTIMATED,2025,III-VI,0,0,1,1,1,1,CLINUVEL site,Birmingham,Alabama,00000,33.52066,-86.80249,0.0,0.0,0.0,0.0,0.0,0.0,0.0,SKIP,,PHASE3,[],[]
NCT06109649,ACTIVE_NOT_RECRUITING,200.0,ESTIMATED,2025,III-VI,0,0,1,1,1,1,CLINUVEL site,Fresno,California,00000,36.74773,-119.77237,0.0,0.0,0.0,0.0,0.0,0.0,0.0,SKIP,,PHASE3,[],[]
NCT06109649,ACTIVE_NOT_RECRUITING,200.0,ESTIMATED,2025,III-VI,0,0,1,1,1,1,CLINUVEL site,Los Angeles,California,00000,34.05223,-118.24368,0.0,0.0,0.0,0.0,0.0,0.0,0.0,SKIP,,PHASE3,[],[]
NCT06109649,ACTIVE_NOT_RECRUITING,200.0,ESTIMATED,2025,III-VI,0,0,1,1,1,1,CLINUVEL site,Palo Alto,California,00000,37.44188,-122.14302,0.0,0.0,0.0,0.0,0.0,0.0,0.0,SKIP,,PHASE3,[],[]
NCT06109649,ACTIVE_NOT_RECRUITING,200.0,ESTIMATED,2025,III-VI,0,0,1,1,1,1,CLINUVEL site,San Diego,California,00000,32.71571,-117.16472,0.0,0.0,0.0,0.0,0.0,0.0,0.0,SKIP,,PHASE3,[],[]
NCT06109649,ACTIVE_NOT_RECRUITING,200.0,ESTIMATED,2025,III-VI,0,0,1,1,1,1,CLINUVEL Site,Washington D.C.,District of Columbia,00000,38.89511,-77.03637,0.0,0.0,0.0,0.0,0.0,0.0,0.0,SKIP,,PHASE3,[],[]
NCT06109649,ACTIVE_NOT_RECRUITING,200.0,ESTIMATED,2025,III-VI,0,0,1,1,1,1,CLINUVEL site,Miami,Florida,00000,25.77427,-80.19366,0.0,0.0,0.0,0.0,0.0,0.0,0.0,SKIP,,PHASE3,[],[]
NCT06109649,ACTIVE_NOT_RECRUITING,200.0,ESTIMATED,2025,III-VI,0,0,1,1,1,1,CLINUVEL site,Miramar,Florida,00000,25.98731,-80.23227,0.0,0.0,0.0,0.0,0.0,0.0,0.0,SKIP,,PHASE3,[],[]
NCT06109649,ACTIVE_NOT_RECRUITING,200.0,ESTIMATED,2025,III-VI,0,0,1,1,1,1,CLINUVEL site,Alpharetta,Georgia,00000,34.07538,-84.29409,0.0,0.0,0.0,0.0,0.0,0.0,0.0,SKIP,,PHASE3,[],[]
NCT06109649,ACTIVE_NOT_RECRUITING,200.0,ESTIMATED,2025,III-VI,0,0,1,1,1,1,CLINUVEL site,Augusta,Georgia,00000,33.47097,-81.97484,0.0,0.0,0.0,0.0,0.0,0.0,0.0,SKIP,,PHASE3,[],[]
NCT06109649,ACTIVE_NOT_RECRUITING,200.0,ESTIMATED,2025,III-VI,0,0,1,1,1,1,CLINUVEL site,Chicago,Illinois,00000,41.85003,-87.65005,0.0,0.0,0.0,0.0,0.0,0.0,0.0,SKIP,,PHASE3,[],[]
NCT06109649,ACTIVE_NOT_RECRUITING,200.0,ESTIMATED,2025,III-VI,0,0,1,1,1,1,CLINUVEL site,Baton Rouge,Louisiana,00000,30.44332,-91.18747,0.0,0.0,0.0,0.0,0.0,0.0,0.0,SKIP,,PHASE3,[],[]
NCT06109649,ACTIVE_NOT_RECRUITING,200.0,ESTIMATED,2025,III-VI,0,0,1,1,1,1,CLINUVEL site,Detroit,Michigan,00000,42.33143,-83.04575,0.0,0.0,0.0,0.0,0.0,0.0,0.0,SKIP,,PHASE3,[],[]
NCT06109649,ACTIVE_NOT_RECRUITING,200.0,ESTIMATED,2025,III-VI,0,0,1,1,1,1,CLINUVEL site,Minneapolis,Minnesota,00000,44.97997,-93.26384,0.0,0.0,0.0,0.0,0.0,0.0,0.0,SKIP,,PHASE3,[],[]
NCT06109649,ACTIVE_NOT_RECRUITING,200.0,ESTIMATED,2025,III-VI,0,0,1,1,1,1,CLINUVEL site,Roseville,Minnesota,00000,45.00608,-93.15661,0.0,0.0,0.0,0.0,0.0,0.0,0.0,SKIP,,PHASE3,[],[]
NCT06109649,ACTIVE_NOT_RECRUITING,200.0,ESTIMATED,2025,III-VI,0,0,1,1,1,1,CLINUVEL Site,Lee's Summit,Missouri,00000,38.91084,-94.38217,0.0,0.0,0.0,0.0,0.0,0.0,0.0,SKIP,,PHASE3,[],[]
NCT06109649,ACTIVE_NOT_RECRUITING,200.0,ESTIMATED,2025,III-VI,0,0,1,1,1,1,CLINUVEL site,Rochester,New York,00000,43.15478,-77.61556,0.0,0.0,0.0,0.0,0.0,0.0,0.0,SKIP,,PHASE3,[],[]
NCT06109649,ACTIVE_NOT_RECRUITING,200.0,ESTIMATED,2025,III-VI,0,0,1,1,1,1,CLINUVEL site,Cleveland,Ohio,00000,41.4995,-81.69541,0.0,0.0,0.0,0.0,0.0,0.0,0.0,SKIP,,PHASE3,[],[]
NCT06109649,ACTIVE_NOT_RECRUITING,200.0,ESTIMATED,2025,III-VI,0,0,1,1,1,1,CLINUVEL site,Philadelphia,Pennsylvania,00000,39.95238,-75.16362,0.0,0.0,0.0,0.0,0.0,0.0,0.0,SKIP,,PHASE3,[],[]
NCT06109649,ACTIVE_NOT_RECRUITING,200.0,ESTIMATED,2025,III-VI,0,0,1,1,1,1,CLINUVEL Site,Charleston,South Carolina,00000,32.77632,-79.93275,0.0,0.0,0.0,0.0,0.0,0.0,0.0,SKIP,,PHASE3,[],[]
NCT06109649,ACTIVE_NOT_RECRUITING,200.0,ESTIMATED,2025,III-VI,0,0,1,1,1,1,CLINUVEL site,Thompson's Station,Tennessee,00000,35.80201,-86.91139,0.0,0.0,0.0,0.0,0.0,0.0,0.0,SKIP,,PHASE3,[],[]
NCT06109649,ACTIVE_NOT_RECRUITING,200.0,ESTIMATED,2025,III-VI,0,0,1,1,1,1,CLINUVEL Site,Cedar Park,Texas,00000,30.5052,-97.82029,0.0,0.0,0.0,0.0,0.0,0.0,0.0,SKIP,,PHASE3,[],[]
NCT06109649,ACTIVE_NOT_RECRUITING,200.0,ESTIMATED,2025,III-VI,0,0,1,1,1,1,CLINUVEL site,Dallas,Texas,00000,32.78306,-96.80667,0.0,0.0,0.0,0.0,0.0,0.0,0.0,SKIP,,PHASE3,[],[]
NCT06109649,ACTIVE_NOT_RECRUITING,200.0,ESTIMATED,2025,III-VI,0,0,1,1,1,1,CLINUVEL site,Tyler,Texas,00000,32.35126,-95.30106,0.0,0.0,0.0,0.0,0.0,0.0,0.0,SKIP,,PHASE3,[],[]
NCT06109649,ACTIVE_NOT_RECRUITING,200.0,ESTIMATED,2025,III-VI,0,0,1,1,1,1,CLINUVEL site,Charlottesville,Virginia,00000,38.02931,-78.47668,0.0,0.0,0.0,0.0,0.0,0.0,0.0,SKIP,,PHASE3,[],[]
NCT05210582,UNKNOWN,6.0,ESTIMATED,2023,IV-VI,0,0,0,1,1,1,CLINUVEL Investigational site,Detroit,Michigan,48202,42.33143,-83.04575,0.0,0.0,0.0,0.0,0.0,0.0,0.0,SKIP,,PHASE2,"[{'name': 'Head of Clinical Operations', 'role': 'CONTACT', 'phone': '+441372860765', 'email': 'mail@clinuvel.com'}]",[]
NCT00836342,COMPLETED,81.0,ACTUAL,2012,I-IV,1,1,1,1,0,0,Clinical Unit for Research Trials in Skin - MGH,Boston,Massachusetts,02114,42.3625323,-71.0645676,0.0,6.0,0.0,2.0,152.0,2.0,0.0,"Clinical Unit for Research Trials in Skin - MGH, Boston, Massachusetts 02114",Mass General Department of Dermatology,N/A,[],"[{'name': 'Alexandra B Kimball, MD, MPH', 'affiliation': 'Massachusetts General Hospital', 'role': 'PRINCIPAL_INVESTIGATOR'}]"
NCT01347879,COMPLETED,153.0,ACTUAL,2014,I-VI,1,1,1,1,1,1,Clinical Trials of Texas,San Antonio,Texas,78229,29.5074376,-98.5630854,0.0,0.0,0.0,0.0,0.0,0.0,0.0,"Clinical Trials of Texas, San Antonio, Texas 78229",Flourish Research - San Antonio,PHASE2,[],"[{'name': 'David Pariser, MD', 'affiliation': 'Virginia Clinical Research, Inc.', 'role': 'PRINCIPAL_INVESTIGATOR'}]"
NCT05372419,COMPLETED,90.0,ACTUAL,2025,IV-VI,0,0,0,1,1,1,Clinical Trial Network,Houston,Texas,77074,29.7077061,-95.51035360000002,6.0,10.0,4.0,70.0,0.0,0.0,0.0,"Clinical Trial Network, Houston, Texas 77074",Clinical Trial Network,PHASE3,[],"[{'name': 'Call 1-877-CTLILLY (1-877-285-4559) or 1-317-615-4559 Mon - Fri 9 AM - 5 PM Eastern time (UTC/GMT - 5 hours, EST)', 'affiliation': 'Eli Lilly and Company', 'role': 'STUDY_DIRECTOR'}]"
NCT02145364,COMPLETED,20.0,ACTUAL,2017,All,1,1,1,1,1,1,Clinical Testing of Beverly Hills,Beverly Hills,California,90210,34.06663959999999,-118.3862745,0.0,0.0,0.0,0.0,0.0,0.0,0.0,"Clinical Testing of Beverly Hills, Beverly Hills, California 90210",Labcorp,NA,[],"[{'name': 'John Joseph, MD', 'affiliation': 'Clinical Testing of Beverly Hills', 'role': 'PRINCIPAL_INVESTIGATOR'}, {'name': 'Corey Maas, MD', 'affiliation': 'The Maas Clinic', 'role': 'PRINCIPAL_INVESTIGATOR'}]"
NCT05372419,COMPLETED,90.0,ACTUAL,2025,IV-VI,0,0,0,1,1,1,Clinical Science Institute,Santa Monica,California,90404,34.0290789,-118.4800454,6.0,10.0,4.0,70.0,0.0,0.0,0.0,"Clinical Science Institute, Santa Monica, California 90404",Dermatology Institute & Skin Care Center,PHASE3,[],"[{'name': 'Call 1-877-CTLILLY (1-877-285-4559) or 1-317-615-4559 Mon - Fri 9 AM - 5 PM Eastern time (UTC/GMT - 5 hours, EST)', 'affiliation': 'Eli Lilly and Company', 'role': 'STUDY_DIRECTOR'}]"
NCT01347879,COMPLETED,153.0,ACTUAL,2014,I-VI,1,1,1,1,1,1,Clinical Partners LLC,Johnston,Rhode Island,02919,41.8274309,-71.5016916,0.0,0.0,0.0,0.0,0.0,0.0,0.0,"Clinical Partners LLC, Johnston, Rhode Island 02919",Clinical Partners,PHASE2,[],"[{'name': 'David Pariser, MD', 'affiliation': 'Virginia Clinical Research, Inc.', 'role': 'PRINCIPAL_INVESTIGATOR'}]"
NCT01016964,COMPLETED,63.0,ACTUAL,2012,I-IV,1,1,1,1,0,0,Cleveland Clinic Foundation - Department of Dermatology,Cleveland,Ohio,44195,41.2751051,-81.6264212,0.0,0.0,0.0,0.0,0.0,0.0,0.0,"Cleveland Clinic Foundation - Department of Dermatology, Cleveland, Ohio 44195",Cleveland Clinic Dermatology,NA,[],"[{'name': 'Maria Hordinsky, M.D.', 'affiliation': 'University of Minnesota', 'role': 'PRINCIPAL_INVESTIGATOR'}, {'name': 'Wilma Bergfeld, M.D.', 'affiliation': 'The Cleveland Clinic', 'role': 'PRINCIPAL_INVESTIGATOR'}, {'name': 'Lawrence Schachner, M.D.', 'affiliation': 'University of Miami', 'role': 'PRINCIPAL_INVESTIGATOR'}]"
NCT06616311,ACTIVE_NOT_RECRUITING,10.0,ESTIMATED,2025,IV-VI,0,0,0,1,1,1,Cleveland Clinic,Cleveland,Ohio,44195,41.5030444,-81.6206971,0.0,0.0,0.0,0.0,0.0,0.0,0.0,"Cleveland Clinic, Cleveland, Ohio 44195",Cleveland Clinic Main Campus,NA,[],[]
NCT02217228,COMPLETED,394.0,ACTUAL,2017,"I, II, III",1,1,1,0,0,0,Clear Dermatology & Aesthetics Center,Scottsdale,Arizona,85255,33.6391307,-111.8889507,0.0,0.0,0.0,0.0,0.0,0.0,0.0,"Clear Dermatology & Aesthetics Center, Scottsdale, Arizona 85255",Clear Dermatology & Aesthetics Center,NA,[],[]
NCT02217228,COMPLETED,394.0,ACTUAL,2017,"I, II, III",1,1,1,0,0,0,Clarkston Skin Research,Clarkston,Michigan,48346,42.727635,-83.37720139999999,0.0,0.0,0.0,0.0,0.0,0.0,0.0,"Clarkston Skin Research, Clarkston, Michigan 48346",Clarkston Dermatology | Clarkston,NA,[],[]
NCT00933543,COMPLETED,107.0,ACTUAL,2013,I-VI,1,1,1,1,1,1,Children's Specialists of San Diego / Rady Children's Hospital San Diego,San Diego,California,92123,32.7979816,-117.1512449,0.0,0.0,0.0,0.0,0.0,0.0,0.0,"Children's Specialists of San Diego / Rady Children's Hospital San Diego, San Diego, California 92123",Rady Children’s Hospital - San Diego,PHASE2,[],"[{'name': 'Lawrence F. Eichenfield, M.D', 'affiliation': ""Children's Specialists of San Diego / Rady Children's Hospital San Diego"", 'role': 'PRINCIPAL_INVESTIGATOR'}]"
NCT00027976,WITHDRAWN,0.0,ACTUAL,2013,"I, II, III",1,1,1,0,0,0,Chao Family Comprehensive Cancer Center at University of California Irvine Cancer Center,Irvine,California,92697,33.6627996,-117.8547282,0.0,0.0,0.0,0.0,0.0,0.0,0.0,"Chao Family Comprehensive Cancer Center at University of California Irvine Cancer Center, Irvine, California 92697",Chao Family Comprehensive Cancer Center and Ambulatory Care building,"PHASE2, PHASE3",[],"[{'name': 'Craig A. Elmets, MD', 'affiliation': 'University of Alabama at Birmingham', 'role': 'STUDY_CHAIR'}]"
NCT05590585,COMPLETED,124.0,ACTUAL,2024,IV,0,0,0,1,0,0,Century Research LLC,Miami,Florida,33173,25.7030479,-80.3477387,0.0,0.0,0.0,0.0,0.0,0.0,0.0,"Century Research LLC, Miami, Florida 33173",Century Research,PHASE4,[],"[{'name': 'Clinical Trial Management', 'affiliation': 'Regeneron Pharmaceuticals', 'role': 'STUDY_DIRECTOR'}]"
NCT00594425,COMPLETED,150.0,ACTUAL,2013,I-IV,1,1,1,1,0,0,Central Sooner Research,Norman,Oklahoma,73069,35.229895,-97.441756,0.0,0.0,0.0,0.0,0.0,0.0,0.0,"Central Sooner Research, Norman, Oklahoma 73069",Central Sooner Research,PHASE2,[],"[{'name': 'David Pariser, MD', 'affiliation': 'AAD', 'role': 'PRINCIPAL_INVESTIGATOR'}]"
NCT01113606,COMPLETED,,,2010,I-IV,1,1,1,1,0,0,Center for Plastic and Reconstructive Surgery,Ypsilanti,Michigan,48197,42.2638517,-83.6521801,0.0,0.0,0.0,0.0,0.0,0.0,0.0,"Center for Plastic and Reconstructive Surgery, Ypsilanti, Michigan 48197",Center for Plastic Surgery Ann Arbor,PHASE4,[],[]
NCT06157567,ACTIVE_NOT_RECRUITING,500.0,ESTIMATED,2025,I-VI,1,1,1,1,1,1,Center for Morden Aesthetic Medicine,Jacksonville,Florida,32207,30.318012,-81.65567899999999,0.0,0.0,0.0,0.0,0.0,0.0,0.0,"Center for Morden Aesthetic Medicine, Jacksonville, Florida 32207",CMA - Center for Modern Aesthetic Medicine,NA,[],"[{'name': 'Konika Schallen, MD', 'affiliation': 'Candela Institue for Exellence', 'role': 'PRINCIPAL_INVESTIGATOR'}]"
NCT06202274,ACTIVE_NOT_RECRUITING,500.0,ESTIMATED,2025,I-VI,1,1,1,1,1,1,Center for Morden Aesthetic Medicine,Jacksonville,Florida,32207,30.318012,-81.65567899999999,0.0,0.0,0.0,0.0,0.0,0.0,0.0,"Center for Morden Aesthetic Medicine, Jacksonville, Florida 32207",CMA - Center for Modern Aesthetic Medicine,NA,[],"[{'name': 'Konika P Schallen, MD', 'affiliation': 'Candela Institue for Exellence', 'role': 'PRINCIPAL_INVESTIGATOR'}]"
NCT06064071,ACTIVE_NOT_RECRUITING,100.0,ESTIMATED,2025,I-VI,1,1,1,1,1,1,Center for Excellence in Eye Care,Miami,Florida,33176,25.6849281,-80.3408955,0.0,0.0,0.0,0.0,0.0,0.0,0.0,"Center for Excellence in Eye Care, Miami, Florida 33176",Center For Excellence In Eye Care,NA,[],[]
NCT05372419,COMPLETED,90.0,ACTUAL,2025,IV-VI,0,0,0,1,1,1,"Center For Dermatology Clinical Research, Inc.",Fremont,California,94538,37.5558832,-121.9831507,6.0,10.0,4.0,70.0,0.0,0.0,0.0,"Center For Dermatology Clinical Research, Inc., Fremont, California 94538",Center For Dermatology Clinical Research,PHASE3,[],"[{'name': 'Call 1-877-CTLILLY (1-877-285-4559) or 1-317-615-4559 Mon - Fri 9 AM - 5 PM Eastern time (UTC/GMT - 5 hours, EST)', 'affiliation': 'Eli Lilly and Company', 'role': 'STUDY_DIRECTOR'}]"
NCT05590585,COMPLETED,124.0,ACTUAL,2024,IV,0,0,0,1,0,0,"Center for Dermatology Clinical Research, inc.",Fremont,California,94538,37.5558832,-121.9831507,0.0,0.0,0.0,0.0,0.0,0.0,0.0,"Center for Dermatology Clinical Research, inc., Fremont, California 94538",Center For Dermatology Clinical Research,PHASE4,[],"[{'name': 'Clinical Trial Management', 'affiliation': 'Regeneron Pharmaceuticals', 'role': 'STUDY_DIRECTOR'}]"
NCT04695691,COMPLETED,104.0,ACTUAL,2023,I-VI,1,1,1,1,1,1,"Center for Dermatology Clinical Research, Inc",Fremont,California,94538,37.5558832,-121.9831507,0.0,0.0,0.0,0.0,0.0,0.0,0.0,"Center for Dermatology Clinical Research, Inc, Fremont, California 94538",Center For Dermatology Clinical Research,NA,[],[]
NCT05097157,COMPLETED,79.0,ACTUAL,2022,I-VI,1,1,1,1,1,1,Center for Dermatology and Laser Surgery,Sacramento,California,95819,38.5648242,-121.4345222,0.0,0.0,0.0,0.0,0.0,0.0,0.0,"Center for Dermatology and Laser Surgery, Sacramento, California 95819","Center for Dermatology & Laser Surgery, A Golden State Dermatology Affiliate",NA,[],"[{'name': 'Jennifer Civiok', 'affiliation': 'Cynosure, Inc.', 'role': 'STUDY_DIRECTOR'}, {'name': 'Sean Doherty', 'affiliation': 'Cynosure, Inc.', 'role': 'PRINCIPAL_INVESTIGATOR'}, {'name': 'Robert Weiss', 'affiliation': 'Maryland Dermatology Laser, Skin, & Vein Institute, LLC', 'role': 'PRINCIPAL_INVESTIGATOR'}, {'name': 'Emil Tanghetti', 'affiliation': 'Center for Dermatology and Laser Surgery', 'role': 'PRINCIPAL_INVESTIGATOR'}, {'name': 'David McDaniel', 'affiliation': 'McDaniel Institute of Anti-Aging Research', 'role': 'PRINCIPAL_INVESTIGATOR'}]"
NCT03424148,COMPLETED,10.0,ACTUAL,2023,I-VI,1,1,1,1,1,1,Center for Dermatology and Laser Surgery,Sacramento,California,95819,38.5648242,-121.4345222,0.0,0.0,0.0,0.0,10.0,0.0,0.0,"Center for Dermatology and Laser Surgery, Sacramento, California 95819","Center for Dermatology & Laser Surgery, A Golden State Dermatology Affiliate",NA,[],[]
NCT00891774,COMPLETED,172.0,ACTUAL,2019,"IV, V, VI",0,0,0,1,1,1,Center for Dermatology and Dermatologic Surgery,Washington D.C.,District of Columbia,20037,38.905542,-77.0507167,4.0,6.0,0.0,135.0,17.0,0.0,10.0,"Center for Dermatology and Dermatologic Surgery, Washington D.C., District of Columbia 20037",Center for Dermatology and Dermatologic Surgery,NA,[],"[{'name': 'David Shoshani, MD', 'affiliation': 'Colbar/OrthoDermatologics', 'role': 'STUDY_DIRECTOR'}]"
NCT02217228,COMPLETED,394.0,ACTUAL,2017,"I, II, III",1,1,1,0,0,0,Center for Dermatology & Laser Surgery,Sacramento,California,95819,38.5648242,-121.4345222,0.0,0.0,0.0,0.0,0.0,0.0,0.0,"Center for Dermatology & Laser Surgery, Sacramento, California 95819","Center for Dermatology & Laser Surgery, A Golden State Dermatology Affiliate",NA,[],[]
NCT05590585,COMPLETED,124.0,ACTUAL,2024,IV,0,0,0,1,0,0,"Center for Clinical Studies, LTD.LLP",Houston,Texas,77004,29.7237507,-95.3856775,0.0,0.0,0.0,0.0,0.0,0.0,0.0,"Center for Clinical Studies, LTD.LLP, Houston, Texas 77004",Center for Clinical Studies,PHASE4,[],"[{'name': 'Clinical Trial Management', 'affiliation': 'Regeneron Pharmaceuticals', 'role': 'STUDY_DIRECTOR'}]"
NCT07041489,RECRUITING,85.0,ESTIMATED,2025,I-VI,1,1,1,1,1,1,Center for Clinical and Cosmetic Research,Aventura,Florida,33180,25.9614866,-80.1433627,0.0,0.0,0.0,0.0,0.0,0.0,0.0,"Center for Clinical and Cosmetic Research, Aventura, Florida 33180",Center for Clinical and Cosmetic Research,NA,"[{'name': 'Mark S. Nestor, MD, PhD', 'role': 'CONTACT', 'phone': '305-933-6716', 'email': 'info@centerforclinicalandcosmeticresearch.com'}]","[{'name': 'Danielle Leavitt', 'affiliation': 'Restore Biologics Holdings, LLC', 'role': 'STUDY_DIRECTOR'}]"
NCT05279495,COMPLETED,20.0,ACTUAL,2025,"II, III",0,1,1,0,0,0,Center for Clinical and Cosmetic Research,Aventura,Florida,33180,25.9614866,-80.1433627,0.0,0.0,0.0,0.0,0.0,0.0,0.0,"Center for Clinical and Cosmetic Research, Aventura, Florida 33180",Center for Clinical and Cosmetic Research,NA,[],[]
NCT01967277,COMPLETED,44.0,ACTUAL,2015,All,1,1,1,1,1,1,Center for Aesthetic Dermatology,Woodbury,New York,11797,40.8047485,-73.4785156,0.0,0.0,0.0,0.0,0.0,0.0,0.0,"Center for Aesthetic Dermatology, Woodbury, New York 11797",AESTHETIC DERMATOLOGY,NA,[],"[{'name': 'Raymond R. Blanche, BA', 'affiliation': 'NST Consulting, LLC', 'role': 'STUDY_DIRECTOR'}]"
NCT03259958,COMPLETED,86.0,ACTUAL,2018,All,1,1,1,1,1,1,Celerion Inc.,Phoenix,Arizona,85283,33.3786438,-111.9751251,0.0,0.0,0.0,0.0,0.0,0.0,0.0,"Celerion Inc., Phoenix, Arizona 85283",Celerion,PHASE1,[],"[{'name': 'Danielle Armas, MD', 'affiliation': 'Celerion', 'role': 'PRINCIPAL_INVESTIGATOR'}]"
NCT03397862,COMPLETED,256.0,ACTUAL,2018,"I, II, III",1,1,1,0,0,0,Celerion Inc.,Phoenix,Arizona,85283,33.3786438,-111.9751251,0.0,0.0,0.0,0.0,0.0,0.0,0.0,"Celerion Inc., Phoenix, Arizona 85283",Celerion,PHASE1,[],"[{'name': 'Danielle Armas, MD, CPI', 'affiliation': 'Celerion', 'role': 'PRINCIPAL_INVESTIGATOR'}, {'name': 'Laura Sterling, MD, MPH', 'affiliation': 'Celerion', 'role': 'PRINCIPAL_INVESTIGATOR'}, {'name': 'Vaeling Miller', 'affiliation': 'Corium International', 'role': 'STUDY_DIRECTOR'}]"
NCT03397862,COMPLETED,256.0,ACTUAL,2018,"I, II, III",1,1,1,0,0,0,Celerion Inc.,Lincoln,Nebraska,68502,40.794411,-96.7124677,0.0,0.0,0.0,0.0,0.0,0.0,0.0,"Celerion Inc., Lincoln, Nebraska 68502",Celerion,PHASE1,[],"[{'name': 'Danielle Armas, MD, CPI', 'affiliation': 'Celerion', 'role': 'PRINCIPAL_INVESTIGATOR'}, {'name': 'Laura Sterling, MD, MPH', 'affiliation': 'Celerion', 'role': 'PRINCIPAL_INVESTIGATOR'}, {'name': 'Vaeling Miller', 'affiliation': 'Corium International', 'role': 'STUDY_DIRECTOR'}]"
NCT03432195,COMPLETED,66.0,ACTUAL,2018,All,1,1,1,1,1,1,Celerion,Tempe,Arizona,85283,33.3786438,-111.9751251,0.0,0.0,0.0,0.0,0.0,0.0,0.0,"Celerion, Tempe, Arizona 85283",Celerion,PHASE1,[],"[{'name': 'Danielle Armas', 'affiliation': 'Celerion', 'role': 'PRINCIPAL_INVESTIGATOR'}]"
NCT02968719,COMPLETED,107.0,ACTUAL,2018,All,1,1,1,1,1,1,Celerion,Phoenix,Arizona,85283,33.3786438,-111.9751251,0.0,0.0,0.0,0.0,0.0,0.0,0.0,"Celerion, Phoenix, Arizona 85283",Celerion,PHASE1,[],"[{'name': 'Danielle Armas, MD', 'affiliation': 'Celerion', 'role': 'PRINCIPAL_INVESTIGATOR'}]"
NCT05078827,COMPLETED,458.0,ACTUAL,2023,All,1,1,1,1,1,1,CBCC Global Research Site 007,Sugarloaf,Pennsylvania,18249,41.98343,-76.12083,0.0,0.0,0.0,0.0,0.0,0.0,0.0,SKIP,,PHASE3,[],[]
NCT05078827,COMPLETED,458.0,ACTUAL,2023,All,1,1,1,1,1,1,CBCC Global Research Site 006,Cerritos,California,90703,33.85835,-118.06479,0.0,0.0,0.0,0.0,0.0,0.0,0.0,SKIP,,PHASE3,[],[]
NCT05078827,COMPLETED,458.0,ACTUAL,2023,All,1,1,1,1,1,1,CBCC Global Research Site 005,Bakersfield,California,93309,35.37329,-119.01871,0.0,0.0,0.0,0.0,0.0,0.0,0.0,SKIP,,PHASE3,[],[]
NCT05078827,COMPLETED,458.0,ACTUAL,2023,All,1,1,1,1,1,1,CBCC Global Research Site 004,Lauderdale Lakes,Florida,33308,26.16647,-80.20838,0.0,0.0,0.0,0.0,0.0,0.0,0.0,SKIP,,PHASE3,[],[]
NCT05078827,COMPLETED,458.0,ACTUAL,2023,All,1,1,1,1,1,1,CBCC Global Research Site 003,Miramar,Florida,33027,25.98731,-80.23227,0.0,0.0,0.0,0.0,0.0,0.0,0.0,SKIP,,PHASE3,[],[]
NCT05078827,COMPLETED,458.0,ACTUAL,2023,All,1,1,1,1,1,1,CBCC Global Research Site 002,Miami,Florida,33175,25.77427,-80.19366,0.0,0.0,0.0,0.0,0.0,0.0,0.0,SKIP,,PHASE3,[],[]
NCT05078827,COMPLETED,458.0,ACTUAL,2023,All,1,1,1,1,1,1,CBCC Global Research Site 001,Miami,Florida,33015,25.77427,-80.19366,0.0,0.0,0.0,0.0,0.0,0.0,0.0,SKIP,,PHASE3,[],[]
NCT00103246,COMPLETED,43.0,ACTUAL,2019,I-IV,1,1,1,1,0,0,"Case Medical Center, University Hospitals Seidman Cancer Center, Case Comprehensive Cancer Center",Cleveland,Ohio,44106-5065,41.50754310000001,-81.6060473,0.0,0.0,0.0,0.0,0.0,0.0,0.0,"Case Medical Center, University Hospitals Seidman Cancer Center, Case Comprehensive Cancer Center, Cleveland, Ohio 44106-5065",UH Seidman Cancer Center,PHASE1,[],"[{'name': 'Kevin Cooper, MD', 'affiliation': 'Case Medical Center, University Hospitals Seidman Cancer Center, Case Comprehensive Cancer Center', 'role': 'PRINCIPAL_INVESTIGATOR'}, {'name': 'Elma Baron, MD', 'affiliation': 'Case Medical Center, University Hospitals Seidman Cancer Center, Case Comprehensive Cancer Center', 'role': 'PRINCIPAL_INVESTIGATOR'}]"
NCT05487547,COMPLETED,33.0,ACTUAL,2023,I-IV,1,1,1,1,0,0,Carolina Eye Doctors,Harrisburg,North Carolina,28075,35.3269534,-80.6480303,0.0,0.0,0.0,0.0,0.0,0.0,0.0,"Carolina Eye Doctors, Harrisburg, North Carolina 28075",Carolina Eye Doctors,NA,[],"[{'name': 'James Chelnis, MD', 'affiliation': 'Manhattan Face and Eye', 'role': 'PRINCIPAL_INVESTIGATOR'}, {'name': 'Chantel Garcia, OD', 'affiliation': 'Carolina Eye Doctors', 'role': 'PRINCIPAL_INVESTIGATOR'}]"
NCT04245696,WITHDRAWN,0.0,ACTUAL,2021,I-VI,1,1,1,1,1,1,Candela Institute of Excellence,Marlborough,Massachusetts,01752,42.3539024,-71.5825598,0.0,0.0,0.0,0.0,0.0,0.0,0.0,"Candela Institute of Excellence, Marlborough, Massachusetts 01752",Candela Medical Corporation,NA,[],"[{'name': 'Konika Patel Schallen, MD', 'affiliation': 'Candela Medical', 'role': 'PRINCIPAL_INVESTIGATOR'}]"
NCT06064071,ACTIVE_NOT_RECRUITING,100.0,ESTIMATED,2025,I-VI,1,1,1,1,1,1,Candela Institute of Excellence,Marlborough,Massachusetts,01752,42.3539024,-71.5825598,0.0,0.0,0.0,0.0,0.0,0.0,0.0,"Candela Institute of Excellence, Marlborough, Massachusetts 01752",Candela Medical Corporation,NA,[],[]
NCT06640998,ENROLLING_BY_INVITATION,150.0,ESTIMATED,2024,I-VI,1,1,1,1,1,1,Candela Institute for Excellence,Marlborough,Massachusetts,01752,42.3539024,-71.5825598,0.0,0.0,0.0,0.0,0.0,0.0,0.0,"Candela Institute for Excellence, Marlborough, Massachusetts 01752",Candela Medical Corporation,NA,[],[]
NCT04203745,COMPLETED,26.0,ACTUAL,2023,I-V,1,1,1,1,1,0,Candela Institute for Excellence,Marlborough,Massachusetts,01752,42.3539024,-71.5825598,0.0,0.0,0.0,0.0,0.0,0.0,0.0,"Candela Institute for Excellence, Marlborough, Massachusetts 01752",Candela Medical Corporation,NA,[],"[{'name': 'Konika P Schallen, M.D.', 'affiliation': 'Candela Corporation', 'role': 'PRINCIPAL_INVESTIGATOR'}]"
NCT06157567,ACTIVE_NOT_RECRUITING,500.0,ESTIMATED,2025,I-VI,1,1,1,1,1,1,Candela Institue for Excellence,Marlborough,Massachusetts,01752,42.3539024,-71.5825598,0.0,0.0,0.0,0.0,0.0,0.0,0.0,"Candela Institue for Excellence, Marlborough, Massachusetts 01752",Candela Medical Corporation,NA,[],"[{'name': 'Konika Schallen, MD', 'affiliation': 'Candela Institue for Exellence', 'role': 'PRINCIPAL_INVESTIGATOR'}]"
NCT06202274,ACTIVE_NOT_RECRUITING,500.0,ESTIMATED,2025,I-VI,1,1,1,1,1,1,Candela Institue for Excellence,Marlborough,Massachusetts,01752,42.3539024,-71.5825598,0.0,0.0,0.0,0.0,0.0,0.0,0.0,"Candela Institue for Excellence, Marlborough, Massachusetts 01752",Candela Medical Corporation,NA,[],"[{'name': 'Konika P Schallen, MD', 'affiliation': 'Candela Institue for Exellence', 'role': 'PRINCIPAL_INVESTIGATOR'}]"
NCT05590585,COMPLETED,124.0,ACTUAL,2024,IV,0,0,0,1,0,0,Callender Dermatology and Cosmetic Center,Glenn Dale,Maryland,20769,38.9643295,-76.79606749999999,0.0,0.0,0.0,0.0,0.0,0.0,0.0,"Callender Dermatology and Cosmetic Center, Glenn Dale, Maryland 20769",Callender Dermatology and Cosmetic Center,PHASE4,[],"[{'name': 'Clinical Trial Management', 'affiliation': 'Regeneron Pharmaceuticals', 'role': 'STUDY_DIRECTOR'}]"
NCT00891774,COMPLETED,172.0,ACTUAL,2019,"IV, V, VI",0,0,0,1,1,1,Callender Center for Clinical Research,Mitchellville,Maryland,20721,38.9643295,-76.79606749999999,4.0,6.0,0.0,135.0,17.0,0.0,10.0,"Callender Center for Clinical Research, Mitchellville, Maryland 20721",Callender Dermatology and Cosmetic Center,NA,[],"[{'name': 'David Shoshani, MD', 'affiliation': 'Colbar/OrthoDermatologics', 'role': 'STUDY_DIRECTOR'}]"
NCT02643628,COMPLETED,45.0,ACTUAL,2019,All,1,1,1,1,1,1,Call Suneva for Info,Nashville,Tennessee,37203,36.16589,-86.78444,0.0,8.0,4.0,4.0,68.0,4.0,0.0,SKIP,,NA,[],"[{'name': 'Nancy Seretta', 'affiliation': 'Suneva Medical', 'role': 'STUDY_DIRECTOR'}]"
NCT03327311,COMPLETED,10.0,ACTUAL,2017,I-III,1,1,1,0,0,0,Call Suneva for Info,Danville,California,94506,37.82159,-121.99996,0.0,0.0,0.0,0.0,0.0,0.0,0.0,SKIP,,N/A,[],"[{'name': 'Nancy Seretta', 'affiliation': 'Suneva Medical', 'role': 'STUDY_DIRECTOR'}]"
NCT01559922,COMPLETED,175.0,ACTUAL,2019,All,1,1,1,1,1,1,Call Suneva for Info,Beverly Hills,California,90210,34.07362,-118.40036,4.0,16.0,2.0,56.0,216.0,0.0,0.0,SKIP,,PHASE3,[],"[{'name': 'Nancy Serreta', 'affiliation': 'Suneva Medical', 'role': 'STUDY_DIRECTOR'}]"
NCT01559922,COMPLETED,175.0,ACTUAL,2019,All,1,1,1,1,1,1,Call Suneva for Info,Los Angeles,California,90036,34.05223,-118.24368,4.0,16.0,2.0,56.0,216.0,0.0,0.0,SKIP,,PHASE3,[],"[{'name': 'Nancy Serreta', 'affiliation': 'Suneva Medical', 'role': 'STUDY_DIRECTOR'}]"
NCT01559922,COMPLETED,175.0,ACTUAL,2019,All,1,1,1,1,1,1,Call Suneva for Info,San Diego,California,92121,32.71571,-117.16472,4.0,16.0,2.0,56.0,216.0,0.0,0.0,SKIP,,PHASE3,[],"[{'name': 'Nancy Serreta', 'affiliation': 'Suneva Medical', 'role': 'STUDY_DIRECTOR'}]"
NCT01559922,COMPLETED,175.0,ACTUAL,2019,All,1,1,1,1,1,1,Call Suneva for Info,Santa Monica,California,90404,34.01949,-118.49138,4.0,16.0,2.0,56.0,216.0,0.0,0.0,SKIP,,PHASE3,[],"[{'name': 'Nancy Serreta', 'affiliation': 'Suneva Medical', 'role': 'STUDY_DIRECTOR'}]"
NCT01559922,COMPLETED,175.0,ACTUAL,2019,All,1,1,1,1,1,1,Call Suneva for Info,Miami Beach,Florida,33137,25.79065,-80.13005,4.0,16.0,2.0,56.0,216.0,0.0,0.0,SKIP,,PHASE3,[],"[{'name': 'Nancy Serreta', 'affiliation': 'Suneva Medical', 'role': 'STUDY_DIRECTOR'}]"
NCT01559922,COMPLETED,175.0,ACTUAL,2019,All,1,1,1,1,1,1,Call Suneva for Info,St. Petersburg,Florida,33716,27.77086,-82.67927,4.0,16.0,2.0,56.0,216.0,0.0,0.0,SKIP,,PHASE3,[],"[{'name': 'Nancy Serreta', 'affiliation': 'Suneva Medical', 'role': 'STUDY_DIRECTOR'}]"
NCT01559922,COMPLETED,175.0,ACTUAL,2019,All,1,1,1,1,1,1,Call Suneva for Info,Glenn Dale,Maryland,20769,38.98761,-76.82053,4.0,16.0,2.0,56.0,216.0,0.0,0.0,SKIP,,PHASE3,[],"[{'name': 'Nancy Serreta', 'affiliation': 'Suneva Medical', 'role': 'STUDY_DIRECTOR'}]"
NCT01559922,COMPLETED,175.0,ACTUAL,2019,All,1,1,1,1,1,1,Call Suneva for Info,Wellesley,Massachusetts,02481,42.29649,-71.29256,4.0,16.0,2.0,56.0,216.0,0.0,0.0,SKIP,,PHASE3,[],"[{'name': 'Nancy Serreta', 'affiliation': 'Suneva Medical', 'role': 'STUDY_DIRECTOR'}]"
NCT01559922,COMPLETED,175.0,ACTUAL,2019,All,1,1,1,1,1,1,Call Suneva for Info,Houston,Texas,77056,29.76328,-95.36327,4.0,16.0,2.0,56.0,216.0,0.0,0.0,SKIP,,PHASE3,[],"[{'name': 'Nancy Serreta', 'affiliation': 'Suneva Medical', 'role': 'STUDY_DIRECTOR'}]"
NCT01559922,COMPLETED,175.0,ACTUAL,2019,All,1,1,1,1,1,1,Call Suneva for Info,Spokane,Washington,99204,47.65966,-117.42908,4.0,16.0,2.0,56.0,216.0,0.0,0.0,SKIP,,PHASE3,[],"[{'name': 'Nancy Serreta', 'affiliation': 'Suneva Medical', 'role': 'STUDY_DIRECTOR'}]"
NCT02642627,COMPLETED,42.0,ACTUAL,2020,All,1,1,1,1,1,1,Call Suneva for Info,Houston,Texas,77494,29.76328,-95.36327,1.0,2.0,0.0,10.0,26.0,3.0,0.0,SKIP,,NA,[],"[{'name': 'Nancy Seretta', 'affiliation': 'Suneva Medical', 'role': 'STUDY_DIRECTOR'}]"
NCT04029545,TERMINATED,5.0,ACTUAL,2021,All,1,1,1,1,1,1,California Dermatology & Clinical Research Institute,Encinitas,California,92024,33.0547131,-117.2873311,0.0,0.0,0.0,0.0,10.0,0.0,0.0,"California Dermatology & Clinical Research Institute, Encinitas, California 92024",CA Dermatology & Clinical Research Institute,PHASE3,[],"[{'name': 'Stacy R Smith, MD', 'affiliation': 'California Dermatology & Clinical Research Institute', 'role': 'STUDY_DIRECTOR'}]"
NCT05590585,COMPLETED,124.0,ACTUAL,2024,IV,0,0,0,1,0,0,"C2 Research Center, LLC",Montgomery,Alabama,36117,33.4648232,-86.78124090000001,0.0,0.0,0.0,0.0,0.0,0.0,0.0,"C2 Research Center, LLC, Montgomery, Alabama 36117",Central Alabama Research,PHASE4,[],"[{'name': 'Clinical Trial Management', 'affiliation': 'Regeneron Pharmaceuticals', 'role': 'STUDY_DIRECTOR'}]"
NCT01438047,WITHDRAWN,0.0,ACTUAL,2014,I-VI,1,1,1,1,1,1,BWH,Boston,Massachusetts,02115,42.3361779,-71.1068499,0.0,0.0,0.0,0.0,0.0,0.0,0.0,"BWH, Boston, Massachusetts 02115",Brigham and Women's Hospital,N/A,[],"[{'name': 'Benjamin J Vakoc, PhD', 'affiliation': 'Massachusetts General Hospital', 'role': 'PRINCIPAL_INVESTIGATOR'}]"
NCT02067260,COMPLETED,,,2014,"I, II, III, IV",1,1,1,1,0,0,Burke Pharmaceutical Research,Hot Springs,Arkansas,71913,34.4664185,-93.0582495,0.0,0.0,0.0,0.0,0.0,0.0,0.0,"Burke Pharmaceutical Research, Hot Springs, Arkansas 71913",Burke Pharmaceutical Research,NA,[],[]
NCT05423873,COMPLETED,33.0,ACTUAL,2022,I-V,1,1,1,1,1,0,"Brian S. Biesman, M.D.",Nashville,Tennessee,37203,36.1550413,-86.8097162,0.0,0.0,0.0,0.0,0.0,0.0,0.0,"Brian S. Biesman, M.D., Nashville, Tennessee 37203","Brian S. Biesman, M.D.",NA,[],[]
NCT01113606,COMPLETED,,,2010,I-IV,1,1,1,1,0,0,Brevard Plastic Surgery and Skin Institute,Melbourne,Florida,32901,28.2191444,-80.67524159999999,0.0,0.0,0.0,0.0,0.0,0.0,0.0,"Brevard Plastic Surgery and Skin Institute, Melbourne, Florida 32901",Dermatology + Plastic Surgery: For Your Best Self,PHASE4,[],[]
NCT05877833,COMPLETED,45.0,ACTUAL,2023,I-VI,1,1,1,1,1,1,Brennal Pierre,Milford,Connecticut,06460,41.2231677,-73.0466063,0.0,0.0,0.0,0.0,0.0,0.0,0.0,"Brennal Pierre, Milford, Connecticut 06460",Broken Crystal Tattoo Studio,N/A,[],[]
NCT03395678,WITHDRAWN,0.0,ACTUAL,2019,III-VI,0,0,1,1,1,1,Boston Medical Center,Boston,Massachusetts,02118,42.3347657,-71.0734619,0.0,0.0,0.0,0.0,0.0,0.0,0.0,"Boston Medical Center, Boston, Massachusetts 02118",Boston Medical Center,NA,[],"[{'name': 'Hye Jin Chung, MD, MMS', 'affiliation': 'Boston University Department of Dermatology', 'role': 'PRINCIPAL_INVESTIGATOR'}]"
NCT01113606,COMPLETED,,,2010,I-IV,1,1,1,1,0,0,Body Aesthetic Plastic Surgery,St Louis,Missouri,63141,38.673969,-90.471109,0.0,0.0,0.0,0.0,0.0,0.0,0.0,"Body Aesthetic Plastic Surgery, St Louis, Missouri 63141",Body Aesthetic Plastic Surgery & Skincare Center,PHASE4,[],[]
NCT01967277,COMPLETED,44.0,ACTUAL,2015,All,1,1,1,1,1,1,Bodian Dermatology,Great Neck,New York,11021,40.7885657,-73.7281244,0.0,0.0,0.0,0.0,0.0,0.0,0.0,"Bodian Dermatology, Great Neck, New York 11021",Bodian Dermatology Group and Medical Day Spa,NA,[],"[{'name': 'Raymond R. Blanche, BA', 'affiliation': 'NST Consulting, LLC', 'role': 'STUDY_DIRECTOR'}]"
NCT04695691,COMPLETED,104.0,ACTUAL,2023,I-VI,1,1,1,1,1,1,Blackhawk Plastic Surgery,Danville,California,94506,37.8004325,-121.9196217,0.0,0.0,0.0,0.0,0.0,0.0,0.0,"Blackhawk Plastic Surgery, Danville, California 94506",Blackhawk Plastic Surgery & MedSpa,NA,[],[]
NCT04450602,COMPLETED,46.0,ACTUAL,2020,I-IV,1,1,1,1,0,0,Biometrix,San Francisco,California,94127,37.7302945,-122.4704921,0.0,0.0,0.0,0.0,0.0,0.0,0.0,"Biometrix, San Francisco, California 94127","Biometrix, Inc.",NA,[],"[{'name': 'Luciano Marra (Medical Director), PhD', 'affiliation': 'Arbor Life Labs', 'role': 'STUDY_DIRECTOR'}]"
NCT04450589,COMPLETED,46.0,ACTUAL,2020,I-IV,1,1,1,1,0,0,Biometrix,San Francisco,California,94127,37.7302945,-122.4704921,0.0,0.0,0.0,0.0,0.0,0.0,0.0,"Biometrix, San Francisco, California 94127","Biometrix, Inc.",NA,[],"[{'name': 'Luciano Marra (Medical Director), PhD', 'affiliation': 'Arbor Life Labs', 'role': 'STUDY_DIRECTOR'}]"
NCT03375957,COMPLETED,240.0,ACTUAL,2018,I-IV,1,1,1,1,0,0,"Bio-Kinetic Clinical Applications, LLC",Springfield,Missouri,65802,37.2030672,-93.3169995,0.0,0.0,0.0,0.0,0.0,0.0,0.0,"Bio-Kinetic Clinical Applications, LLC, Springfield, Missouri 65802",QPS Study Campus,PHASE1,[],"[{'name': 'Philippe Prokocimer, MD', 'affiliation': 'CMO', 'role': 'STUDY_DIRECTOR'}]"
NCT03301870,COMPLETED,36.0,ACTUAL,2019,I-IV,1,1,1,1,0,0,"Bio-Kinetic Clinical Applications, LLC",Springfield,Missouri,65802,37.2030672,-93.3169995,0.0,0.0,0.0,0.0,0.0,0.0,0.0,"Bio-Kinetic Clinical Applications, LLC, Springfield, Missouri 65802",QPS Study Campus,PHASE1,[],"[{'name': 'Philippe Prokocimer, MD', 'affiliation': 'Sponsor CMO', 'role': 'STUDY_DIRECTOR'}]"
NCT01801826,COMPLETED,61.0,ACTUAL,2015,"I, II, III, IV",1,1,1,1,0,0,Beverly Hills International Center for Aesthetic Surgery,Beverly Hills,California,90211,34.0649733,-118.376737,0.0,0.0,0.0,0.0,0.0,0.0,0.0,"Beverly Hills International Center for Aesthetic Surgery, Beverly Hills, California 90211",Beverly Hills Int'l Center for Aesthetic Surgery,N/A,[],"[{'name': 'Larry K Fan, MD', 'affiliation': '77 Plastic Surgery', 'role': 'PRINCIPAL_INVESTIGATOR'}]"
NCT04910945,RECRUITING,70.0,ESTIMATED,2024,All,1,1,1,1,1,1,Berman Skin Institute,Los Altos,California,94022,37.4052894,-122.1196093,0.0,0.0,0.0,0.0,0.0,0.0,0.0,"Berman Skin Institute, Los Altos, California 94022",Berman Skin Institute | Medical & Cosmetic Dermatology,NA,"[{'name': 'Matthew Gronski, PhD', 'role': 'CONTACT', 'phone': '888-907-0115', 'email': 'mgronski@venusconcept.com'}]","[{'name': 'Matthew Gronski, PhD', 'affiliation': 'Venus Concept', 'role': 'STUDY_DIRECTOR'}]"
NCT02174393,COMPLETED,15.0,ACTUAL,2016,"III, IV, V, VI",0,0,1,1,1,1,Bergen Dermatology,Englewood Cliffs,New Jersey,07632,40.8894571,-74.05745329999999,0.0,0.0,0.0,0.0,0.0,0.0,0.0,"Bergen Dermatology, Englewood Cliffs, New Jersey 07632",Bergen Dermatology,NA,[],"[{'name': 'Naana Boakye, MD', 'affiliation': 'Englewood Hospital and Medical Center', 'role': 'PRINCIPAL_INVESTIGATOR'}]"
NCT06477172,RECRUITING,500.0,ESTIMATED,2025,All,1,1,1,1,1,1,BelleSante,Scottsdale,Arizona,85260,33.5826431,-111.8975097,0.0,0.0,0.0,0.0,0.0,0.0,0.0,"BelleSante, Scottsdale, Arizona 85260","BelleSante by Kristine Romine, MD",N/A,"[{'name': 'Lisa Campbell, PhD', 'role': 'CONTACT', 'phone': '858-997-7447', 'email': 'lisa.campbell@acorn.me'}]","[{'name': 'Drew Taylor, PhD', 'affiliation': 'Acorn Biolabs', 'role': 'STUDY_CHAIR'}]"
NCT06469398,ACTIVE_NOT_RECRUITING,50.0,ACTUAL,2025,I-VI,1,1,1,1,1,1,Bellaire Dermatology Associates,Bellaire,Texas,77401,29.7099195,-95.4589834,0.0,0.0,0.0,0.0,0.0,0.0,0.0,"Bellaire Dermatology Associates, Bellaire, Texas 77401",Bellaire Dermatology,NA,[],[]
NCT06477172,RECRUITING,500.0,ESTIMATED,2025,All,1,1,1,1,1,1,Behr Laser & Skin Care Center,Fresno,California,93720,36.8400139,-119.7615335,0.0,0.0,0.0,0.0,0.0,0.0,0.0,"Behr Laser & Skin Care Center, Fresno, California 93720",Behr Laser & Skin Care Center,N/A,"[{'name': 'Lisa Campbell, PhD', 'role': 'CONTACT', 'phone': '858-997-7447', 'email': 'lisa.campbell@acorn.me'}]","[{'name': 'Drew Taylor, PhD', 'affiliation': 'Acorn Biolabs', 'role': 'STUDY_CHAIR'}]"
NCT00585247,COMPLETED,27.0,ACTUAL,2022,I-VI,1,1,1,1,1,1,Beckman Laser Institute Medical and Surgical Cilnic,Irvine,California,92612,33.6440797,-117.8499546,0.0,0.0,0.0,0.0,0.0,0.0,0.0,"Beckman Laser Institute Medical and Surgical Cilnic, Irvine, California 92612",UCI Health Beckman Laser Institute & Medical Clinic,NA,[],"[{'name': 'Kristen M Kelly, M.D', 'affiliation': 'Beckman Laser Institute University of California Irvine', 'role': 'PRINCIPAL_INVESTIGATOR'}]"
NCT00585715,COMPLETED,22.0,ACTUAL,2022,I-IV,1,1,1,1,0,0,Beckman Laser Institute,Irvine,California,92697,33.6440797,-117.8499546,0.0,0.0,0.0,0.0,0.0,0.0,0.0,"Beckman Laser Institute, Irvine, California 92697",UCI Health Beckman Laser Institute & Medical Clinic,NA,[],"[{'name': 'Kristen M Kelly, M.D.', 'affiliation': 'University of California, Irvine', 'role': 'PRINCIPAL_INVESTIGATOR'}]"
NCT05027282,COMPLETED,28.0,ACTUAL,2023,I-VI,1,1,1,1,1,1,Bausch Site 001,Dallas,Texas,75225,32.78306,-96.80667,0.0,5.0,0.0,1.0,18.0,0.0,4.0,SKIP,,NA,[],"[{'name': 'Varsha Bhatt', 'affiliation': 'Bausch Health', 'role': 'STUDY_DIRECTOR'}]"
NCT02748928,COMPLETED,62.0,ACTUAL,2019,I-VI,1,1,1,1,1,1,"Baumann Cosmetic and Research Institute, Inc",Miami,Florida,33137,25.8176121,-80.1887734,3.0,3.0,1.0,3.0,52.0,0.0,0.0,"Baumann Cosmetic and Research Institute, Inc, Miami, Florida 33137",Design Dermatology and Aesthetics,NA,[],"[{'name': 'Ruthie Amir, MD', 'affiliation': 'Syneron Medical', 'role': 'STUDY_DIRECTOR'}]"
NCT01787461,COMPLETED,194.0,ACTUAL,2015,I-IV,1,1,1,1,0,0,Baumann Cosmetic and Research Institute,Miami,Florida,33137,25.8176121,-80.1887734,0.0,0.0,0.0,0.0,0.0,0.0,0.0,"Baumann Cosmetic and Research Institute, Miami, Florida 33137",Design Dermatology and Aesthetics,PHASE4,[],"[{'name': 'Pfizer CT.gov Call Center', 'affiliation': 'Pfizer', 'role': 'STUDY_DIRECTOR'}]"
NCT06477172,RECRUITING,500.0,ESTIMATED,2025,All,1,1,1,1,1,1,Bauman Medical,Boca Raton,Florida,33432,26.3367931,-80.0896151,0.0,0.0,0.0,0.0,0.0,0.0,0.0,"Bauman Medical, Boca Raton, Florida 33432",Bauman Medical,N/A,"[{'name': 'Lisa Campbell, PhD', 'role': 'CONTACT', 'phone': '858-997-7447', 'email': 'lisa.campbell@acorn.me'}]","[{'name': 'Drew Taylor, PhD', 'affiliation': 'Acorn Biolabs', 'role': 'STUDY_CHAIR'}]"
NCT05365360,RECRUITING,50.0,ESTIMATED,2024,All,1,1,1,1,1,1,Banner University Dermatology,Tucson,Arizona,85719,32.3364793,-110.9469846,0.0,0.0,0.0,0.0,0.0,0.0,0.0,"Banner University Dermatology, Tucson, Arizona 85719",Banner - University Medicine Multispecialty Services Clinic,NA,"[{'name': 'Patrick Jedlowski, MD', 'role': 'CONTACT', 'phone': '(520) 694-8888', 'email': 'pjedlowski@email.arizona.edi'}]",[]
NCT06436261,COMPLETED,20.0,ACTUAL,2024,I-III,1,1,1,0,0,0,AYA™ Medical Spa,Atlanta,Georgia,30305,33.8381819,-84.3747607,0.0,0.0,0.0,0.0,0.0,0.0,0.0,"AYA™ Medical Spa, Atlanta, Georgia 30305",AYA Medical Spa Buckhead,NA,[],"[{'name': 'Jay Burns, MD', 'affiliation': 'Resurrect Skin MD', 'role': 'PRINCIPAL_INVESTIGATOR'}, {'name': 'James Namnoum, MD', 'affiliation': 'AYA™ Medical Spa', 'role': 'PRINCIPAL_INVESTIGATOR'}]"
NCT05372419,COMPLETED,90.0,ACTUAL,2025,IV-VI,0,0,0,1,1,1,Axon Clinical Research,Inglewood,California,90301,33.9494043,-118.3477243,6.0,10.0,4.0,70.0,0.0,0.0,0.0,"Axon Clinical Research, Inglewood, California 90301",310 Clinical Research,PHASE3,[],"[{'name': 'Call 1-877-CTLILLY (1-877-285-4559) or 1-317-615-4559 Mon - Fri 9 AM - 5 PM Eastern time (UTC/GMT - 5 hours, EST)', 'affiliation': 'Eli Lilly and Company', 'role': 'STUDY_DIRECTOR'}]"
NCT02528552,UNKNOWN,80.0,ESTIMATED,2016,I-IV,1,1,1,1,0,0,Axis Clinical Tirals,Los Angeles,California,90036,34.0622565,-118.3551688,0.0,0.0,0.0,0.0,0.0,0.0,0.0,"Axis Clinical Tirals, Los Angeles, California 90036",Axis Clinical Trials: Hazan Lydie L MD,PHASE2,[],[]
NCT05372419,COMPLETED,90.0,ACTUAL,2025,IV-VI,0,0,0,1,1,1,Avance Clinical Trials Inc,Laguna Niguel,California,92677,33.5701024,-117.7142921,6.0,10.0,4.0,70.0,0.0,0.0,0.0,"Avance Clinical Trials Inc, Laguna Niguel, California 92677",Avance Clinical Trials,PHASE3,[],"[{'name': 'Call 1-877-CTLILLY (1-877-285-4559) or 1-317-615-4559 Mon - Fri 9 AM - 5 PM Eastern time (UTC/GMT - 5 hours, EST)', 'affiliation': 'Eli Lilly and Company', 'role': 'STUDY_DIRECTOR'}]"
NCT06477172,RECRUITING,500.0,ESTIMATED,2025,All,1,1,1,1,1,1,Austin Plastic Surgeon,Austin,Texas,78758,30.3907361,-97.7226183,0.0,0.0,0.0,0.0,0.0,0.0,0.0,"Austin Plastic Surgeon, Austin, Texas 78758",Austin Plastic Surgeon,N/A,"[{'name': 'Lisa Campbell, PhD', 'role': 'CONTACT', 'phone': '858-997-7447', 'email': 'lisa.campbell@acorn.me'}]","[{'name': 'Drew Taylor, PhD', 'affiliation': 'Acorn Biolabs', 'role': 'STUDY_CHAIR'}]"
NCT04738734,COMPLETED,150.0,ACTUAL,2023,"I, II, III, IV",1,1,1,1,0,0,"Austin Institute for Clinical Research, Inc.",Houston,Texas,77056,29.746145,-95.473489,0.0,12.0,0.0,4.0,274.0,4.0,6.0,"Austin Institute for Clinical Research, Inc., Houston, Texas 77056",AICR (Austin Institute of Clinical Research) at SBA Dermatology,NA,[],"[{'name': 'Richard Nuccitelli, PhD', 'affiliation': 'Pulse Biosciences, Inc.', 'role': 'STUDY_CHAIR'}]"
NCT04738734,COMPLETED,150.0,ACTUAL,2023,"I, II, III, IV",1,1,1,1,0,0,"Austin Institute for Clinical Research, Inc.",Pflugerville,Texas,78550,30.4558524,-97.6059979,0.0,12.0,0.0,4.0,274.0,4.0,6.0,"Austin Institute for Clinical Research, Inc., Pflugerville, Texas 78550",AICR (Austin Institute for Clinical Research) at Pflugerville,NA,[],"[{'name': 'Richard Nuccitelli, PhD', 'affiliation': 'Pulse Biosciences, Inc.', 'role': 'STUDY_CHAIR'}]"
NCT05908825,COMPLETED,34.0,ACTUAL,2024,I-VI,1,1,1,1,1,1,"Austin Institute for Clinical Research, Inc.",Pflugerville,Texas,78660,30.4558524,-97.6059979,0.0,0.0,0.0,0.0,0.0,0.0,0.0,"Austin Institute for Clinical Research, Inc., Pflugerville, Texas 78660",AICR (Austin Institute for Clinical Research) at Pflugerville,NA,[],"[{'name': 'Edward Lain, MD, MBA', 'affiliation': 'Austin Institute for Clinical Research', 'role': 'PRINCIPAL_INVESTIGATOR'}]"
NCT05932732,COMPLETED,27.0,ACTUAL,2024,I-VI,1,1,1,1,1,1,"Austin Institute for Clinical Research, Inc.",Houston,Texas,77056,29.746145,-95.473489,0.0,0.0,0.0,0.0,0.0,0.0,0.0,"Austin Institute for Clinical Research, Inc., Houston, Texas 77056",AICR (Austin Institute of Clinical Research) at SBA Dermatology,PHASE4,[],"[{'name': 'Edward Lain, MD, MBA', 'affiliation': 'Austin Institute for Clinical Research', 'role': 'PRINCIPAL_INVESTIGATOR'}]"
NCT05932732,COMPLETED,27.0,ACTUAL,2024,I-VI,1,1,1,1,1,1,"Austin Institute for Clinical Research, Inc.",Pflugerville,Texas,78660,30.4558524,-97.6059979,0.0,0.0,0.0,0.0,0.0,0.0,0.0,"Austin Institute for Clinical Research, Inc., Pflugerville, Texas 78660",AICR (Austin Institute for Clinical Research) at Pflugerville,PHASE4,[],"[{'name': 'Edward Lain, MD, MBA', 'affiliation': 'Austin Institute for Clinical Research', 'role': 'PRINCIPAL_INVESTIGATOR'}]"
NCT06376110,RECRUITING,10.0,ESTIMATED,2024,All,1,1,1,1,1,1,"Austin Institute for Clinical Research, Inc.",Pflugerville,Texas,78660,30.4558524,-97.6059979,0.0,0.0,0.0,0.0,0.0,0.0,0.0,"Austin Institute for Clinical Research, Inc., Pflugerville, Texas 78660",AICR (Austin Institute for Clinical Research) at Pflugerville,NA,"[{'name': 'Alexsandra Scholler, BS', 'role': 'CONTACT', 'phone': '5122792545', 'email': 'iitcoordinator@atxresearch.com'}, {'name': 'Celeste Katona, BA', 'role': 'CONTACT', 'phone': '5122792545', 'email': 'ckatona@atxresearch.com'}]","[{'name': 'Edward Lain, MD, MBA', 'affiliation': 'Austin Institute for Clinical Research', 'role': 'PRINCIPAL_INVESTIGATOR'}]"
NCT03818555,UNKNOWN,125.0,ESTIMATED,2020,"I, II, III",1,1,1,0,0,0,Austin Institute for Clinical Research - Pflugerville,Pflugerville,Texas,78660,30.4558524,-97.6059979,0.0,0.0,0.0,0.0,0.0,0.0,0.0,"Austin Institute for Clinical Research - Pflugerville, Pflugerville, Texas 78660",AICR (Austin Institute for Clinical Research) at Pflugerville,NA,[],"[{'name': 'VP, Clinical & Regulatory Affairs', 'affiliation': 'Sebacia, Inc.', 'role': 'STUDY_DIRECTOR'}]"
NCT03818555,UNKNOWN,125.0,ESTIMATED,2020,"I, II, III",1,1,1,0,0,0,Austin Institute for Clinical Research - Central,Austin,Texas,78705,30.4558524,-97.6059979,0.0,0.0,0.0,0.0,0.0,0.0,0.0,"Austin Institute for Clinical Research - Central, Austin, Texas 78705",AICR (Austin Institute for Clinical Research) at Pflugerville,NA,[],"[{'name': 'VP, Clinical & Regulatory Affairs', 'affiliation': 'Sebacia, Inc.', 'role': 'STUDY_DIRECTOR'}]"
NCT02217228,COMPLETED,394.0,ACTUAL,2017,"I, II, III",1,1,1,0,0,0,Austin Institute for Clinical Research,Pflugerville,Texas,78660,30.4558524,-97.6059979,0.0,0.0,0.0,0.0,0.0,0.0,0.0,"Austin Institute for Clinical Research, Pflugerville, Texas 78660",AICR (Austin Institute for Clinical Research) at Pflugerville,NA,[],[]
NCT06651476,RECRUITING,36.0,ESTIMATED,2025,I-III,1,1,1,0,0,0,Atrium Health Wake Forest Baptist Medical Center,Winston-Salem,North Carolina,27157,36.0898395,-80.26858969999999,0.0,0.0,0.0,0.0,0.0,0.0,0.0,"Atrium Health Wake Forest Baptist Medical Center, Winston-Salem, North Carolina 27157",Atrium Health Wake Forest Baptist Medical Center,PHASE2,"[{'name': 'Regina Curry, RN', 'role': 'CONTACT', 'phone': '336-716-4294', 'email': 'recurry@wakehealth.edu'}]","[{'name': 'James C Eisenach, M.D.', 'affiliation': 'Wake Forest University Health Sciences', 'role': 'PRINCIPAL_INVESTIGATOR'}]"
NCT03286283,COMPLETED,55.0,ACTUAL,2022,III,0,0,1,0,0,0,"Atlanta Dermatology, Vein & Research Center",Alpharetta,Georgia,30022,34.069396,-84.2638472,0.0,0.0,0.0,0.0,0.0,0.0,0.0,"Atlanta Dermatology, Vein & Research Center, Alpharetta, Georgia 30022",Atlanta Center For Dermatologic Diseases,NA,[],"[{'name': 'Cindy Ponce, BS(ACS)', 'affiliation': 'Apyx Medical (formerly Bovie Medical Corporation)', 'role': 'STUDY_DIRECTOR'}]"
NCT00891774,COMPLETED,172.0,ACTUAL,2019,"IV, V, VI",0,0,0,1,1,1,Atlanta Dermatology Vein & Research Center,Alpharetta,Georgia,30022,34.069396,-84.2638472,4.0,6.0,0.0,135.0,17.0,0.0,10.0,"Atlanta Dermatology Vein & Research Center, Alpharetta, Georgia 30022",Atlanta Center For Dermatologic Diseases,NA,[],"[{'name': 'David Shoshani, MD', 'affiliation': 'Colbar/OrthoDermatologics', 'role': 'STUDY_DIRECTOR'}]"
NCT05590585,COMPLETED,124.0,ACTUAL,2024,IV,0,0,0,1,0,0,Atlanta Biomedical Clinical Research LLC,Atlanta,Georgia,30331,33.721204,-84.508102,0.0,0.0,0.0,0.0,0.0,0.0,0.0,"Atlanta Biomedical Clinical Research LLC, Atlanta, Georgia 30331",Atlanta Biomedical Clinical Research,PHASE4,[],"[{'name': 'Clinical Trial Management', 'affiliation': 'Regeneron Pharmaceuticals', 'role': 'STUDY_DIRECTOR'}]"
NCT04526275,UNKNOWN,27.0,ACTUAL,2020,I-III,1,1,1,0,0,0,Artemis Clinical Research,San Diego,California,92109,32.7502866,-117.1575902,0.0,0.0,0.0,0.0,0.0,0.0,0.0,"Artemis Clinical Research, San Diego, California 92109",Artemis Institute for Clinical Research,N/A,[],[]
NCT01810484,COMPLETED,14.0,ACTUAL,2018,I-V,1,1,1,1,1,0,Art Plastic Surgery,Paramus,New Jersey,07652,40.9702995,-74.0819649,0.0,0.0,0.0,0.0,0.0,0.0,0.0,"Art Plastic Surgery, Paramus, New Jersey 07652",Art Plastic Surgery,NA,[],"[{'name': 'Luis Zapiach, MD', 'affiliation': 'Art Plastic Surgery', 'role': 'PRINCIPAL_INVESTIGATOR'}]"
NCT05423873,COMPLETED,33.0,ACTUAL,2022,I-V,1,1,1,1,1,0,Art of Skin MD,Solana Beach,California,92075,32.9860859,-117.2713607,0.0,0.0,0.0,0.0,0.0,0.0,0.0,"Art of Skin MD, Solana Beach, California 92075","Art of Skin MD - Dr. Melanie D. Palm, MD MBA",NA,[],[]
NCT05372419,COMPLETED,90.0,ACTUAL,2025,IV-VI,0,0,0,1,1,1,"Arlington Research Center, Inc",Arlington,Texas,76011,32.7651159,-97.1015317,6.0,10.0,4.0,70.0,0.0,0.0,0.0,"Arlington Research Center, Inc, Arlington, Texas 76011",Arlington Research Center,PHASE3,[],"[{'name': 'Call 1-877-CTLILLY (1-877-285-4559) or 1-317-615-4559 Mon - Fri 9 AM - 5 PM Eastern time (UTC/GMT - 5 hours, EST)', 'affiliation': 'Eli Lilly and Company', 'role': 'STUDY_DIRECTOR'}]"
NCT02700204,COMPLETED,13.0,ACTUAL,2016,I-VI,1,1,1,1,1,1,"Arielle N. Kauvar,",New York,New York,10028,40.78108290000001,-73.9604859,0.0,0.0,0.0,0.0,0.0,0.0,0.0,"Arielle N. Kauvar,, New York, New York 10028","Dr. Arielle Kauvar, M.D. - Cosmetic and Laser Dermatologist NYC",NA,[],"[{'name': 'Arielle Kauvar, MD', 'affiliation': 'NY Laser Skin Care', 'role': 'PRINCIPAL_INVESTIGATOR'}]"
NCT02600104,UNKNOWN,74.0,ACTUAL,2017,I-VI,1,1,1,1,1,1,Arielle N. Kauvar,New York,New York,10028,40.78108290000001,-73.9604859,0.0,0.0,0.0,0.0,0.0,0.0,0.0,"Arielle N. Kauvar, New York, New York 10028","Dr. Arielle Kauvar, M.D. - Cosmetic and Laser Dermatologist NYC",NA,[],"[{'name': 'Eric F Bernstein, M.D.', 'affiliation': 'Main Line Center for Laser Surgery', 'role': 'PRINCIPAL_INVESTIGATOR'}]"
NCT05093569,UNKNOWN,35.0,ESTIMATED,2022,I-IV,1,1,1,1,0,0,AMCR Institute,San Diego,California,92025,33.0906708,-117.0791208,0.0,0.0,0.0,0.0,0.0,0.0,0.0,"AMCR Institute, San Diego, California 92025",AMCR Institute,N/A,"[{'name': 'Timothy TB Bailey, MD', 'role': 'CONTACT', 'phone': '877-567-2627', 'email': 'info@amcrinstitute.com'}, {'name': 'TOM TB BISHOP', 'role': 'CONTACT', 'phone': '', 'email': ''}]",[]
NCT06477172,RECRUITING,500.0,ESTIMATED,2025,All,1,1,1,1,1,1,AM Facial Plastics,Beverly Hills,California,90211,34.069077,-118.40488,0.0,0.0,0.0,0.0,0.0,0.0,0.0,"AM Facial Plastics, Beverly Hills, California 90211",AMORAmd,N/A,"[{'name': 'Lisa Campbell, PhD', 'role': 'CONTACT', 'phone': '858-997-7447', 'email': 'lisa.campbell@acorn.me'}]","[{'name': 'Drew Taylor, PhD', 'affiliation': 'Acorn Biolabs', 'role': 'STUDY_CHAIR'}]"
NCT01347879,COMPLETED,153.0,ACTUAL,2014,I-VI,1,1,1,1,1,1,Altman Dermatology Associates,Arlington Heights,Illinois,60005,42.0576432,-88.0118593,0.0,0.0,0.0,0.0,0.0,0.0,0.0,"Altman Dermatology Associates, Arlington Heights, Illinois 60005",Arlington Dermatology,PHASE2,[],"[{'name': 'David Pariser, MD', 'affiliation': 'Virginia Clinical Research, Inc.', 'role': 'PRINCIPAL_INVESTIGATOR'}]"
NCT06283173,COMPLETED,86.0,ACTUAL,2025,I-V,1,1,1,1,1,0,ALS Beauty and Personal Care,Torrance,California,90501,33.8133157,-118.367422,0.0,0.0,0.0,0.0,0.0,0.0,0.0,"ALS Beauty and Personal Care, Torrance, California 90501",Sally Beauty,NA,[],"[{'name': 'Jordan DeSantis, MHI, BS', 'affiliation': 'ALS', 'role': 'PRINCIPAL_INVESTIGATOR'}]"
NCT06271993,COMPLETED,27.0,ACTUAL,2024,I-V,1,1,1,1,1,0,ALS Beauty and Personal Care,Torrance,California,90501,33.8133157,-118.367422,0.0,0.0,0.0,0.0,0.0,0.0,0.0,"ALS Beauty and Personal Care, Torrance, California 90501",Sally Beauty,NA,[],"[{'name': 'Jordan DeSantis, MHI, BS', 'affiliation': 'ALS', 'role': 'PRINCIPAL_INVESTIGATOR'}]"
NCT05372419,COMPLETED,90.0,ACTUAL,2025,IV-VI,0,0,0,1,1,1,"Allcutis Research, Inc.",Beverly,Massachusetts,01915,42.5733286,-70.9062783,6.0,10.0,4.0,70.0,0.0,0.0,0.0,"Allcutis Research, Inc., Beverly, Massachusetts 01915","Activmed Practices & Research, Inc",PHASE3,[],"[{'name': 'Call 1-877-CTLILLY (1-877-285-4559) or 1-317-615-4559 Mon - Fri 9 AM - 5 PM Eastern time (UTC/GMT - 5 hours, EST)', 'affiliation': 'Eli Lilly and Company', 'role': 'STUDY_DIRECTOR'}]"
NCT06477172,RECRUITING,500.0,ESTIMATED,2025,All,1,1,1,1,1,1,AIEREM Aesthetics Spa & Plastic Surgery,Manhattan,New York,75231,40.8098826,-73.50007389999999,0.0,0.0,0.0,0.0,0.0,0.0,0.0,"AIEREM Aesthetics Spa & Plastic Surgery, Manhattan, New York 75231",AIREM Aesthetic Spa & Plastic Surgery,N/A,"[{'name': 'Lisa Campbell, PhD', 'role': 'CONTACT', 'phone': '858-997-7447', 'email': 'lisa.campbell@acorn.me'}]","[{'name': 'Drew Taylor, PhD', 'affiliation': 'Acorn Biolabs', 'role': 'STUDY_CHAIR'}]"
NCT06477172,RECRUITING,500.0,ESTIMATED,2025,All,1,1,1,1,1,1,AIEREM Aesthetics Spa & Plastic Surgery,Syosset,New York,11791,40.8098826,-73.50007389999999,0.0,0.0,0.0,0.0,0.0,0.0,0.0,"AIEREM Aesthetics Spa & Plastic Surgery, Syosset, New York 11791",AIREM Aesthetic Spa & Plastic Surgery,N/A,"[{'name': 'Lisa Campbell, PhD', 'role': 'CONTACT', 'phone': '858-997-7447', 'email': 'lisa.campbell@acorn.me'}]","[{'name': 'Drew Taylor, PhD', 'affiliation': 'Acorn Biolabs', 'role': 'STUDY_CHAIR'}]"
NCT06477172,RECRUITING,500.0,ESTIMATED,2025,All,1,1,1,1,1,1,AG Aesthetic Centre,Vancouver,Washington,98660,45.6267602,-122.6701377,0.0,0.0,0.0,0.0,0.0,0.0,0.0,"AG Aesthetic Centre, Vancouver, Washington 98660",Allen Gabriel MD | AG Aesthetic Center,N/A,"[{'name': 'Lisa Campbell, PhD', 'role': 'CONTACT', 'phone': '858-997-7447', 'email': 'lisa.campbell@acorn.me'}]","[{'name': 'Drew Taylor, PhD', 'affiliation': 'Acorn Biolabs', 'role': 'STUDY_CHAIR'}]"
NCT04540900,ACTIVE_NOT_RECRUITING,85.0,ACTUAL,2025,I-IV,1,1,1,1,0,0,Aesthetx,Campbell,California,95008,37.2593074,-121.9481401,0.0,0.0,0.0,0.0,0.0,0.0,0.0,"Aesthetx, Campbell, California 95008",Aesthetx,PHASE1,[],[]
NCT06477172,RECRUITING,500.0,ESTIMATED,2025,All,1,1,1,1,1,1,Aesthetics By Dr. Lee,Granite Bay,California,95746,38.7406285,-121.2230603,0.0,0.0,0.0,0.0,0.0,0.0,0.0,"Aesthetics By Dr. Lee, Granite Bay, California 95746","Aesthetics, by Dr. Lee",N/A,"[{'name': 'Lisa Campbell, PhD', 'role': 'CONTACT', 'phone': '858-997-7447', 'email': 'lisa.campbell@acorn.me'}]","[{'name': 'Drew Taylor, PhD', 'affiliation': 'Acorn Biolabs', 'role': 'STUDY_CHAIR'}]"
NCT04185909,COMPLETED,55.0,ACTUAL,2022,III,0,0,1,0,0,0,Aesthetic Revolution Las Vegas,Las Vegas,Nevada,89148,36.0753509,-115.2911142,0.0,0.0,0.0,0.0,55.0,0.0,0.0,"Aesthetic Revolution Las Vegas, Las Vegas, Nevada 89148",Aesthetic Revolution Las Vegas - Dr. Zimmerman,NA,[],"[{'name': 'Edward Zimmerman, MD', 'affiliation': 'Aesthetic Revolution Las Vegas', 'role': 'PRINCIPAL_INVESTIGATOR'}]"
NCT02098811,COMPLETED,10.0,ACTUAL,2020,I-VI,1,1,1,1,1,1,Aesthetic Pavilion,Staten Island,New York,103206,40.5442207,-74.2326906,0.0,0.0,0.0,0.0,0.0,0.0,0.0,"Aesthetic Pavilion, Staten Island, New York 103206",Staten Island Skating Pavilion,NA,[],"[{'name': 'Patric Krantz', 'affiliation': 'Cynosure, Inc.', 'role': 'STUDY_DIRECTOR'}]"
NCT01842802,COMPLETED,8.0,ACTUAL,2020,I-III,1,1,1,0,0,0,Aesthetic Pavilion,Staten Island,New York,10306,40.5280954,-74.2021486,0.0,0.0,0.0,0.0,0.0,0.0,0.0,"Aesthetic Pavilion, Staten Island, New York 10306",Antonoff Aesthetic,NA,[],"[{'name': 'Patricia Krantz', 'affiliation': 'Cynosure, Inc.', 'role': 'STUDY_DIRECTOR'}]"
NCT01113606,COMPLETED,,,2010,I-IV,1,1,1,1,0,0,Aesthetic and Plastic Surgery Institute,Greeley,Colorado,80634,40.3894276,-104.7853964,0.0,0.0,0.0,0.0,0.0,0.0,0.0,"Aesthetic and Plastic Surgery Institute, Greeley, Colorado 80634",Aesthetic Plastic Surgery Center,PHASE4,[],[]
NCT05590585,COMPLETED,124.0,ACTUAL,2024,IV,0,0,0,1,0,0,Advanced Medical Research PC,Atlanta,Georgia,30328,33.911319,-84.36261999999999,0.0,0.0,0.0,0.0,0.0,0.0,0.0,"Advanced Medical Research PC, Atlanta, Georgia 30328","Medical Dermatology Specialists, P.C.",PHASE4,[],"[{'name': 'Clinical Trial Management', 'affiliation': 'Regeneron Pharmaceuticals', 'role': 'STUDY_DIRECTOR'}]"
NCT05372419,COMPLETED,90.0,ACTUAL,2025,IV-VI,0,0,0,1,1,1,Advanced Medical Research,Sandy Springs,Georgia,30328,34.05375,-84.28107709999999,6.0,10.0,4.0,70.0,0.0,0.0,0.0,"Advanced Medical Research, Sandy Springs, Georgia 30328",Institute for Advanced Medical Research,PHASE3,[],"[{'name': 'Call 1-877-CTLILLY (1-877-285-4559) or 1-317-615-4559 Mon - Fri 9 AM - 5 PM Eastern time (UTC/GMT - 5 hours, EST)', 'affiliation': 'Eli Lilly and Company', 'role': 'STUDY_DIRECTOR'}]"
NCT01292746,TERMINATED,14.0,ACTUAL,2015,I-IV,1,1,1,1,0,0,Advanced Gynecology Specialists of Georgia,Evans,Georgia,30809,33.5425681,-82.12819879999999,0.0,0.0,0.0,0.0,14.0,0.0,0.0,"Advanced Gynecology Specialists of Georgia, Evans, Georgia 30809",Advanced Gynecology Specialists Of Augusta,NA,[],"[{'name': 'Paul M Thaxton, MD, FACOG', 'affiliation': '', 'role': 'PRINCIPAL_INVESTIGATOR'}]"
NCT02765763,COMPLETED,45.0,ACTUAL,2018,I-VI,1,1,1,1,1,1,"Advanced Dermatology, LLC",Lincolnshire,Illinois,60069,42.1803485,-87.92727540000001,0.0,0.0,0.0,0.0,0.0,0.0,0.0,"Advanced Dermatology, LLC, Lincolnshire, Illinois 60069","Advanced Dermatology, A Forefront Dermatology Practice",PHASE4,[],"[{'name': 'Amy F Taub, MD', 'affiliation': 'Advanced Dermatology. LLC', 'role': 'PRINCIPAL_INVESTIGATOR'}]"
NCT01113606,COMPLETED,,,2010,I-IV,1,1,1,1,0,0,Advanced Cosmetis Surgery,Greenville,South Carolina,29607,34.8387409,-82.3347811,0.0,0.0,0.0,0.0,0.0,0.0,0.0,"Advanced Cosmetis Surgery, Greenville, South Carolina 29607",Advanced Cosmetic Surgery,PHASE4,[],[]
NCT01437163,COMPLETED,88.0,ACTUAL,2016,I-IV,1,1,1,1,0,0,"Adolfo Fernandez-Obregon, MD",Hoboken,New Jersey,07030,40.7426705,-74.0344702,0.0,0.0,0.0,0.0,0.0,0.0,0.0,"Adolfo Fernandez-Obregon, MD, Hoboken, New Jersey 07030","Adolfo Carlos Fernandez-Obregon, MD",NA,[],"[{'name': 'Raymond J. Lanzafame, MD', 'affiliation': 'Raymond J. Lanzafame, MD', 'role': 'STUDY_DIRECTOR'}, {'name': 'Peter S. Halperin, MD', 'affiliation': 'Peter S. Halperin, MD', 'role': 'PRINCIPAL_INVESTIGATOR'}, {'name': 'Adolfo Fernandez-Obregon, MD', 'affiliation': 'Adolfo Fernandez-Obregon, MD', 'role': 'PRINCIPAL_INVESTIGATOR'}, {'name': 'Jeffrey A Sklar, MD', 'affiliation': 'Center for Aesthetic Dermatology', 'role': 'PRINCIPAL_INVESTIGATOR'}]"
NCT01347879,COMPLETED,153.0,ACTUAL,2014,I-VI,1,1,1,1,1,1,ActivMed Practices & Research Inc,Haverhill,Massachusetts,10830,42.7480032,-71.1275225,0.0,0.0,0.0,0.0,0.0,0.0,0.0,"ActivMed Practices & Research Inc, Haverhill, Massachusetts 10830","ActivMed Practices & Research, LLC",PHASE2,[],"[{'name': 'David Pariser, MD', 'affiliation': 'Virginia Clinical Research, Inc.', 'role': 'PRINCIPAL_INVESTIGATOR'}]"
NCT03224598,COMPLETED,39.0,ACTUAL,2020,"V, VI",0,0,0,0,1,1,Aclaris Investigational Site,Washington D.C.,District of Columbia,20037,38.89511,-77.03637,0.0,0.0,0.0,76.0,2.0,0.0,0.0,SKIP,,PHASE2,[],[]
NCT03224598,COMPLETED,39.0,ACTUAL,2020,"V, VI",0,0,0,0,1,1,Aclaris Investigational Site,New York,New York,10155,40.71427,-74.00597,0.0,0.0,0.0,76.0,2.0,0.0,0.0,SKIP,,PHASE2,[],[]
NCT00594425,COMPLETED,150.0,ACTUAL,2013,I-IV,1,1,1,1,0,0,Academic Dermatology Associates,Albuquerque,New Mexico,87106,35.0785707,-106.6342158,0.0,0.0,0.0,0.0,0.0,0.0,0.0,"Academic Dermatology Associates, Albuquerque, New Mexico 87106",Academic Dermatology Associates,PHASE2,[],"[{'name': 'David Pariser, MD', 'affiliation': 'AAD', 'role': 'PRINCIPAL_INVESTIGATOR'}]"
NCT01147172,COMPLETED,100.0,ACTUAL,2017,"IV, V, VI",0,0,0,1,1,1,Academic Dermatology Associates,Albuquerque,New Mexico,87106,35.0785707,-106.6342158,3.0,1.0,0.0,41.0,0.0,2.0,53.0,"Academic Dermatology Associates, Albuquerque, New Mexico 87106",Academic Dermatology Associates,NA,[],"[{'name': 'Frederic Brandt, MD', 'affiliation': 'Dermatology Research Institute, LLC', 'role': 'PRINCIPAL_INVESTIGATOR'}, {'name': 'William P Coleman, MD', 'affiliation': 'Private Practice', 'role': 'PRINCIPAL_INVESTIGATOR'}, {'name': 'Michael Gold, MD', 'affiliation': 'Tennessee Clinical Research Center', 'role': 'PRINCIPAL_INVESTIGATOR'}, {'name': 'Alicia Barba, MD', 'affiliation': 'International Dermatology Research, Inc.', 'role': 'PRINCIPAL_INVESTIGATOR'}, {'name': 'Andrew Alexis, MD', 'affiliation': ""St. Luke's-Roosevelt Hospital Center"", 'role': 'PRINCIPAL_INVESTIGATOR'}, {'name': 'Michael Jarratt, MD', 'affiliation': 'Derm Research, Inc.', 'role': 'PRINCIPAL_INVESTIGATOR'}, {'name': 'Pearl Grimes, MD', 'affiliation': 'Vitiligo & Pigmentation Institute of Southern California', 'role': 'PRINCIPAL_INVESTIGATOR'}, {'name': 'Marta Rendon, MD', 'affiliation': 'Skin Care Research, Inc.', 'role': 'PRINCIPAL_INVESTIGATOR'}, {'name': 'Eduardo Tschen, MD', 'affiliation': 'Academic Dermatology Associates', 'role': 'PRINCIPAL_INVESTIGATOR'}]"
NCT00673933,COMPLETED,20.0,ACTUAL,2013,"V, VI",0,0,0,0,1,1,Academic Dermatology Associates,Albuquerque,New Mexico,87106,35.0785707,-106.6342158,0.0,0.0,0.0,0.0,0.0,0.0,0.0,"Academic Dermatology Associates, Albuquerque, New Mexico 87106",Academic Dermatology Associates,PHASE2,[],"[{'name': 'Ashish C Bhatia, MD', 'affiliation': 'Dermatology Institute of DuPage Medical Group', 'role': 'PRINCIPAL_INVESTIGATOR'}]"
NCT02898350,COMPLETED,25.0,ACTUAL,2016,I-V,1,1,1,1,1,0,"AboutSkin, Dermatology and Derm Surgery PC",Englewood,Colorado,80113,39.61918,-104.9034768,0.0,0.0,0.0,0.0,0.0,0.0,0.0,"AboutSkin, Dermatology and Derm Surgery PC, Englewood, Colorado 80113","AboutSkin Dermatology & DermSurgery, PC",NA,[],"[{'name': 'Shlomit Mann, MSc', 'affiliation': 'Syneron Medical', 'role': 'STUDY_DIRECTOR'}]"
NCT05123508,WITHDRAWN,0.0,ACTUAL,2021,I-IV,1,1,1,1,0,0,"AboutSkin Research, LLC",Greenwood Village,Colorado,80111,39.61918,-104.9034768,0.0,0.0,0.0,0.0,0.0,0.0,0.0,"AboutSkin Research, LLC, Greenwood Village, Colorado 80111","AboutSkin Dermatology & DermSurgery, PC",NA,[],"[{'name': 'Joel Cohen, MD', 'affiliation': 'AboutSkin Research, LLC', 'role': 'PRINCIPAL_INVESTIGATOR'}, {'name': 'Jason Pozner, MD', 'affiliation': 'Sanctuary Plastic Surgery', 'role': 'PRINCIPAL_INVESTIGATOR'}]"
NCT03793348,UNKNOWN,35.0,ESTIMATED,2019,I-IV,1,1,1,1,0,0,"AboutSkin Research, LLC",Greenwood Village,Colorado,80111,39.61918,-104.9034768,0.0,0.0,0.0,0.0,0.0,0.0,0.0,"AboutSkin Research, LLC, Greenwood Village, Colorado 80111","AboutSkin Dermatology & DermSurgery, PC",NA,[],[]
NCT04738734,COMPLETED,150.0,ACTUAL,2023,"I, II, III, IV",1,1,1,1,0,0,AboutSkin Dermatology and DermSurgery,Greenwood Village,Colorado,80111,39.61918,-104.9034768,0.0,12.0,0.0,4.0,274.0,4.0,6.0,"AboutSkin Dermatology and DermSurgery, Greenwood Village, Colorado 80111","AboutSkin Dermatology & DermSurgery, PC",NA,[],"[{'name': 'Richard Nuccitelli, PhD', 'affiliation': 'Pulse Biosciences, Inc.', 'role': 'STUDY_CHAIR'}]"
NCT03115944,UNKNOWN,21.0,ESTIMATED,2017,I-VI,1,1,1,1,1,1,AboutSkin Dermatology,Greenwood Village,Colorado,80111,39.61918,-104.9034768,0.0,0.0,0.0,0.0,0.0,0.0,0.0,"AboutSkin Dermatology, Greenwood Village, Colorado 80111","AboutSkin Dermatology & DermSurgery, PC",NA,[],[]
NCT05423873,COMPLETED,33.0,ACTUAL,2022,I-V,1,1,1,1,1,0,About Skin,Greenwood Village,Colorado,80111,39.61918,-104.9034768,0.0,0.0,0.0,0.0,0.0,0.0,0.0,"About Skin, Greenwood Village, Colorado 80111","AboutSkin Dermatology & DermSurgery, PC",NA,[],[]
NCT04545970,COMPLETED,56.0,ACTUAL,2020,I-VI,1,1,1,1,1,1,Ablon Skin Institute Research Center,Manhattan Beach,California,90266,33.8981492,-118.3836926,0.0,0.0,0.0,0.0,0.0,0.0,0.0,"Ablon Skin Institute Research Center, Manhattan Beach, California 90266",Ablon Skin Institute & Research Center,NA,[],"[{'name': 'Glynis Ablon, MD, FAAD', 'affiliation': 'Ablon Skin Institute Research Center', 'role': 'PRINCIPAL_INVESTIGATOR'}]"
NCT06936332,COMPLETED,30.0,ACTUAL,2025,All,1,1,1,1,1,1,Ablon Skin Institute and Research Center,Manhattan Beach,California,90266,33.8981492,-118.3836926,0.0,0.0,0.0,0.0,0.0,0.0,0.0,"Ablon Skin Institute and Research Center, Manhattan Beach, California 90266",Ablon Skin Institute & Research Center,NA,[],[]
NCT06920758,ACTIVE_NOT_RECRUITING,60.0,ACTUAL,2025,All,1,1,1,1,1,1,Ablon Skin Institute and Research Center,Manhattan Beach,California,90266,33.8981492,-118.3836926,0.0,0.0,0.0,0.0,0.0,0.0,0.0,"Ablon Skin Institute and Research Center, Manhattan Beach, California 90266",Ablon Skin Institute & Research Center,NA,[],"[{'name': 'Glynis Ablon, MD, FAAD, PI', 'affiliation': 'Ablon Skin Institute Research Center', 'role': 'PRINCIPAL_INVESTIGATOR'}]"
NCT05332743,COMPLETED,110.0,ACTUAL,2023,All,1,1,1,1,1,1,Ablon Skin Institute and Research Center,Manhattan Beach,California,90266,33.8981492,-118.3836926,0.0,0.0,0.0,0.0,0.0,0.0,0.0,"Ablon Skin Institute and Research Center, Manhattan Beach, California 90266",Ablon Skin Institute & Research Center,NA,[],[]
NCT03206567,COMPLETED,40.0,ACTUAL,2019,I-IV,1,1,1,1,0,0,Ablon Skin Institute & Research Center,Manhattan Beach,California,90266,33.8981492,-118.3836926,0.0,0.0,0.0,0.0,0.0,0.0,0.0,"Ablon Skin Institute & Research Center, Manhattan Beach, California 90266",Ablon Skin Institute & Research Center,NA,[],"[{'name': 'Glynis Ablon, MD, FAAD', 'affiliation': 'Ablon Skin Institute Research Center', 'role': 'PRINCIPAL_INVESTIGATOR'}]"
NCT06043102,COMPLETED,30.0,ACTUAL,2025,All,1,1,1,1,1,1,Ablon Skin Institute & Research Center,Manhattan Beach,California,90266,33.8981492,-118.3836926,0.0,0.0,0.0,0.0,0.0,0.0,0.0,"Ablon Skin Institute & Research Center, Manhattan Beach, California 90266",Ablon Skin Institute & Research Center,NA,[],[]
NCT06571799,COMPLETED,30.0,ACTUAL,2025,All,1,1,1,1,1,1,Ablon Skin Institute & Research Center,Manhattan Beach,California,90266,33.8981492,-118.3836926,0.0,0.0,0.0,0.0,0.0,0.0,0.0,"Ablon Skin Institute & Research Center, Manhattan Beach, California 90266",Ablon Skin Institute & Research Center,NA,[],[]
NCT04048031,COMPLETED,70.0,ACTUAL,2025,I-IV,1,1,1,1,0,0,Ablon Skin Institute & Research Center,Manhattan Beach,California,90266,33.8981492,-118.3836926,0.0,0.0,0.0,0.0,0.0,0.0,0.0,"Ablon Skin Institute & Research Center, Manhattan Beach, California 90266",Ablon Skin Institute & Research Center,NA,[],"[{'name': 'Glynis Ablon, MD, FAAD', 'affiliation': 'Ablon Skin institute and Research Center', 'role': 'PRINCIPAL_INVESTIGATOR'}]"
NCT05879406,COMPLETED,40.0,ACTUAL,2025,All,1,1,1,1,1,1,Ablon Skin Institute & Research Center,Manhattan Beach,California,90266,33.8981492,-118.3836926,0.0,0.0,0.0,0.0,0.0,0.0,0.0,"Ablon Skin Institute & Research Center, Manhattan Beach, California 90266",Ablon Skin Institute & Research Center,NA,[],[]
NCT06032286,COMPLETED,51.0,ACTUAL,2024,I-VI,1,1,1,1,1,1,Ablon Skin Institute,Manhattan Beach,California,90266,33.8981492,-118.3836926,0.0,0.0,0.0,0.0,0.0,0.0,0.0,"Ablon Skin Institute, Manhattan Beach, California 90266",Ablon Skin Institute & Research Center,NA,[],[]
NCT00981461,COMPLETED,72.0,ACTUAL,2012,I-IV,1,1,1,1,0,0,"Abe Marcadis, MD",Palm Beach,Florida,,26.7092584,-80.09884149999999,0.0,0.0,0.0,0.0,0.0,0.0,0.0,"Abe Marcadis, MD, Palm Beach, Florida",Marcadis Abe MD,NA,[],"[{'name': 'Michael Jarratt, M.D.', 'affiliation': 'DermaResearch, Inc.', 'role': 'PRINCIPAL_INVESTIGATOR'}, {'name': 'Abe Marcadis, M.D.', 'affiliation': 'Palm Beach Research Center', 'role': 'PRINCIPAL_INVESTIGATOR'}, {'name': 'David Goldberg, M.D.', 'affiliation': 'Hackensack, NJ', 'role': 'PRINCIPAL_INVESTIGATOR'}, {'name': 'Neil S Sadick, MD', 'affiliation': 'Sadick Research Group', 'role': 'PRINCIPAL_INVESTIGATOR'}, {'name': 'Jose Mendez, DO', 'affiliation': 'International Dermatology Research, Inc.', 'role': 'PRINCIPAL_INVESTIGATOR'}, {'name': 'Janet Hickman, MD', 'affiliation': 'The Education and Researvh Foundation', 'role': 'PRINCIPAL_INVESTIGATOR'}]"
NCT00947505,COMPLETED,49.0,ACTUAL,2012,I-IV,1,1,1,1,0,0,"Abe Marcadis, M.D.",Palm Beach,Florida,33409,26.7092584,-80.09884149999999,0.0,0.0,0.0,0.0,0.0,0.0,0.0,"Abe Marcadis, M.D., Palm Beach, Florida 33409",Marcadis Abe MD,NA,[],"[{'name': 'Michael Jarratt, M.D.', 'affiliation': 'DermaResearch, Inc.', 'role': 'PRINCIPAL_INVESTIGATOR'}, {'name': 'Abe Marcadis, M.D.', 'affiliation': 'Palm Beach Research Center', 'role': 'PRINCIPAL_INVESTIGATOR'}]"
NCT00947219,COMPLETED,79.0,ACTUAL,2013,I-IV,1,1,1,1,0,0,"Abe Marcadis, M.D.",West Palm Beach,Florida,33409,26.7092584,-80.09884149999999,0.0,0.0,0.0,0.0,0.0,0.0,0.0,"Abe Marcadis, M.D., West Palm Beach, Florida 33409",Marcadis Abe MD,NA,[],"[{'name': 'Zoe Draelos, MD', 'affiliation': 'High Point, NC', 'role': 'PRINCIPAL_INVESTIGATOR'}, {'name': 'David Goldberg, M.D.', 'affiliation': 'Skin & Laser', 'role': 'PRINCIPAL_INVESTIGATOR'}, {'name': 'Abe Marcadis, M.D.', 'affiliation': 'Palm Beach Research', 'role': 'PRINCIPAL_INVESTIGATOR'}]"
NCT02748928,COMPLETED,62.0,ACTUAL,2019,I-VI,1,1,1,1,1,1,A Womans Touch Plastic Surgery,Louisville,Kentucky,40205,38.211734,-85.58765849999999,3.0,3.0,1.0,3.0,52.0,0.0,0.0,"A Womans Touch Plastic Surgery, Louisville, Kentucky 40205","A Simple Touch Aesthetics, PLLC",NA,[],"[{'name': 'Ruthie Amir, MD', 'affiliation': 'Syneron Medical', 'role': 'STUDY_DIRECTOR'}]"
NCT00714714,COMPLETED,25.0,ACTUAL,2012,"I, II, III",1,1,1,0,0,0,A J&J CPPW Investigational Site,Broomall,Pennsylvania,19008,39.9815,-75.35658,0.0,0.0,0.0,0.0,0.0,0.0,0.0,SKIP,,PHASE4,[],"[{'name': 'Ana B Rossi, MD', 'affiliation': 'Johnson & Johnson Consumer & Personal Products Companies, Inc.', 'role': 'STUDY_DIRECTOR'}]"
NCT02711618,UNKNOWN,47.0,ACTUAL,2017,I-VI,1,1,1,1,1,1,833 Northern Boulevard,Great Neck,New York,11021,40.7854469,-73.7096341,0.0,0.0,0.0,0.0,0.0,0.0,0.0,"833 Northern Boulevard, Great Neck, New York 11021",833 Northern Blvd,NA,[],"[{'name': 'Alan H Gold, M.D.', 'affiliation': 'Aesthetic Plastic Surgery & Cosmetic Medicine Great Neck, New York', 'role': 'PRINCIPAL_INVESTIGATOR'}]"
NCT01808742,COMPLETED,17.0,ACTUAL,2015,"I, II, III, IV",1,1,1,1,0,0,77 Plastic Surgery,San Francisco,California,94102,37.776055,-122.419937,0.0,0.0,0.0,0.0,0.0,0.0,0.0,"77 Plastic Surgery, San Francisco, California 94102","Larry Fan, MD - 77 Plastic Surgery San Francisco",N/A,[],"[{'name': 'Larry Fan, MD', 'affiliation': '77 Plastic Surgery', 'role': 'PRINCIPAL_INVESTIGATOR'}]"
NCT01801826,COMPLETED,61.0,ACTUAL,2015,"I, II, III, IV",1,1,1,1,0,0,77 Plastic Surgery,San Francisco,California,943102,37.776055,-122.419937,0.0,0.0,0.0,0.0,0.0,0.0,0.0,"77 Plastic Surgery, San Francisco, California 943102","Larry Fan, MD - 77 Plastic Surgery San Francisco",N/A,[],"[{'name': 'Larry K Fan, MD', 'affiliation': '77 Plastic Surgery', 'role': 'PRINCIPAL_INVESTIGATOR'}]"
